"id","orderId","menuItemId","quantity","price","remark","selectedOptions","status"
"000dce77-f5db-43ea-99e9-b5c9fba55452","5e67a450-279d-461f-b354-389cbeaebe17","591f5a9e-5ae2-4612-a2fb-f42a2701ee97","1","0.000000000000000000000000000000",,"[{""type"":""single"",""title"":""Sugar"",""choices"":[{""id"":""f37891d4-906e-41fd-b016-39fca6854ee6"",""label"":""Sugar"",""priceDelta"":0}],""groupId"":""06a1f88e-2888-479f-8946-109b928ad90b"",""required"":true},{""type"":""single"",""title"":""Choice"",""choices"":[{""id"":""74279e17-917e-4369-9d70-b782add81b27"",""label"":""Hot"",""priceDelta"":0}],""groupId"":""34bfbb80-a978-4fb3-b5b9-ef83fdd3b936"",""required"":true}]","READY"
"001a226d-6df5-456a-bc88-86216204e6d9","b97fc2fc-4226-42a4-a9be-95323c774976","ee41b154-17a0-4f25-897c-0e34d0e9ca3b","1","0.000000000000000000000000000000",,"[{""type"":""single"",""title"":""Option"",""choices"":[{""id"":""a9c0ba9a-f944-4f5f-9c23-759a4d8930f5"",""label"":""No Sugar"",""priceDelta"":0}],""groupId"":""12b13edf-d25a-4abf-92d2-5d5b45515fb6"",""required"":true},{""type"":""single"",""title"":""Option"",""choices"":[{""id"":""7ea696b5-36dc-460e-905f-0dc05debdeb3"",""label"":""Cold"",""priceDelta"":0}],""groupId"":""f49b7c85-fcf0-43de-9f46-fdc52f0bd11a"",""required"":true}]","READY"
"0137d3d2-7c8e-4cc1-9f4a-f44b09444fdb","90361b5c-6735-4a12-aaf5-7592b28ef40d","ee41b154-17a0-4f25-897c-0e34d0e9ca3b","1","0.000000000000000000000000000000",,"[{""type"":""single"",""title"":""Option"",""choices"":[{""id"":""a8530576-5d1c-4996-911a-b62cd0a6daf2"",""label"":""Sugar"",""priceDelta"":0}],""groupId"":""12b13edf-d25a-4abf-92d2-5d5b45515fb6"",""required"":true},{""type"":""single"",""title"":""Option"",""choices"":[{""id"":""7ea696b5-36dc-460e-905f-0dc05debdeb3"",""label"":""Cold"",""priceDelta"":0}],""groupId"":""f49b7c85-fcf0-43de-9f46-fdc52f0bd11a"",""required"":true}]","READY"
"015d98d6-7f0b-4b71-861d-beb17f73fed5","a791608b-6254-4832-aedd-997635a544be","bfafbe37-d3a8-4f50-9186-f70a99acb47e","1","0.000000000000000000000000000000",,"[]","READY"
"01a342c1-7f20-4529-a2e1-38ca871fb41c","e8882719-5c24-4435-9881-c0bdfa6f025d","ee41b154-17a0-4f25-897c-0e34d0e9ca3b","1","0.000000000000000000000000000000",,"[{""type"":""single"",""title"":""Option"",""choices"":[{""id"":""a8530576-5d1c-4996-911a-b62cd0a6daf2"",""label"":""Sugar"",""priceDelta"":0}],""groupId"":""12b13edf-d25a-4abf-92d2-5d5b45515fb6"",""required"":true},{""type"":""single"",""title"":""Option"",""choices"":[{""id"":""0ec24708-bfd6-4c1f-8d5e-a86d9cef2e64"",""label"":""Hot"",""priceDelta"":0}],""groupId"":""f49b7c85-fcf0-43de-9f46-fdc52f0bd11a"",""required"":true}]","READY"
"01d006ec-61bf-4e23-9f11-c86315d07668","38a78c90-46ef-4b53-8b3f-1a29bf82d07c","bfafbe37-d3a8-4f50-9186-f70a99acb47e","1","0.000000000000000000000000000000",,"[]","READY"
"01e26cd3-df32-4471-a898-8f1d1999af99","9de2513f-04e2-4171-bf7a-cbb4a65d12d2","ee41b154-17a0-4f25-897c-0e34d0e9ca3b","1","0.000000000000000000000000000000",,"[{""type"":""single"",""title"":""Option"",""choices"":[{""id"":""a8530576-5d1c-4996-911a-b62cd0a6daf2"",""label"":""Sugar"",""priceDelta"":0}],""groupId"":""12b13edf-d25a-4abf-92d2-5d5b45515fb6"",""required"":true},{""type"":""single"",""title"":""Option"",""choices"":[{""id"":""7ea696b5-36dc-460e-905f-0dc05debdeb3"",""label"":""Cold"",""priceDelta"":0}],""groupId"":""f49b7c85-fcf0-43de-9f46-fdc52f0bd11a"",""required"":true}]","READY"
"01eb12bd-7add-46ec-ac6a-9096665763e5","6ef66d36-0c72-4a40-8d9f-88f3eeea3072","fb8fe2c6-9c32-4bef-8fa1-43835afcc6c6","1","0.000000000000000000000000000000",,"[{""type"":""single"",""title"":""Sugar"",""choices"":[{""id"":""4fa5be53-3fb1-4f3d-a093-cf72abcb644d"",""label"":""Sugar"",""priceDelta"":0}],""groupId"":""f3365b84-e196-42f0-9fd6-3d8a1d8dde4c"",""required"":true},{""type"":""single"",""title"":""Choice"",""choices"":[{""id"":""c71b228e-1db4-4cbe-add8-682c2f2ff432"",""label"":""Cold"",""priceDelta"":0}],""groupId"":""8090364a-6a50-4ff0-bcd6-d4f2ebb7dab3"",""required"":true}]","READY"
"01f11029-ee43-426b-b2bf-a83938bd9a77","ea0e2875-826e-49c0-a2dd-0cd760f738d9","bfafbe37-d3a8-4f50-9186-f70a99acb47e","1","0.000000000000000000000000000000",,"[]","READY"
"0263311f-3f61-4cec-b303-479d6fd0567e","d3d712bd-ccd7-4083-918c-0f4d205f203b","ee41b154-17a0-4f25-897c-0e34d0e9ca3b","1","0.000000000000000000000000000000",,"[{""type"":""single"",""title"":""Option"",""choices"":[{""id"":""a8530576-5d1c-4996-911a-b62cd0a6daf2"",""label"":""Sugar"",""priceDelta"":0}],""groupId"":""12b13edf-d25a-4abf-92d2-5d5b45515fb6"",""required"":true},{""type"":""single"",""title"":""Option"",""choices"":[{""id"":""7ea696b5-36dc-460e-905f-0dc05debdeb3"",""label"":""Cold"",""priceDelta"":0}],""groupId"":""f49b7c85-fcf0-43de-9f46-fdc52f0bd11a"",""required"":true}]","READY"
"03407ad1-281d-49cd-b856-a743e579cb8f","67f42f3d-600d-406e-b69d-84238f2c62e2","fb8fe2c6-9c32-4bef-8fa1-43835afcc6c6","1","0.000000000000000000000000000000",,"[{""type"":""single"",""title"":""Sugar"",""choices"":[{""id"":""d9af3701-1417-4c4e-84c9-b819b0629cad"",""label"":""No Sugar"",""priceDelta"":0}],""groupId"":""f3365b84-e196-42f0-9fd6-3d8a1d8dde4c"",""required"":true},{""type"":""single"",""title"":""Choice"",""choices"":[{""id"":""7c6f786f-e742-41b2-9e67-48fa2fb1f7f2"",""label"":""Hot"",""priceDelta"":0}],""groupId"":""8090364a-6a50-4ff0-bcd6-d4f2ebb7dab3"",""required"":true}]","READY"
"03506b4c-7bb2-44b5-91c4-e003cfeeb791","23835631-7b3f-4f22-b6f9-078dfa8df41e","591f5a9e-5ae2-4612-a2fb-f42a2701ee97","1","0.000000000000000000000000000000",,"[{""type"":""single"",""title"":""Sugar"",""choices"":[{""id"":""f37891d4-906e-41fd-b016-39fca6854ee6"",""label"":""Sugar"",""priceDelta"":0}],""groupId"":""06a1f88e-2888-479f-8946-109b928ad90b"",""required"":true},{""type"":""single"",""title"":""Choice"",""choices"":[{""id"":""e59338ec-03fe-46fe-a057-6ac686c1c6e9"",""label"":""Cold"",""priceDelta"":0}],""groupId"":""34bfbb80-a978-4fb3-b5b9-ef83fdd3b936"",""required"":true}]","READY"
"03abbfbb-d9aa-4ebb-9a20-ddac08f7a770","448e730a-8edf-40cb-bfbe-847419710574","ee41b154-17a0-4f25-897c-0e34d0e9ca3b","1","0.000000000000000000000000000000",,"[{""type"":""single"",""title"":""Option"",""choices"":[{""id"":""a9c0ba9a-f944-4f5f-9c23-759a4d8930f5"",""label"":""No Sugar"",""priceDelta"":0}],""groupId"":""12b13edf-d25a-4abf-92d2-5d5b45515fb6"",""required"":true},{""type"":""single"",""title"":""Option"",""choices"":[{""id"":""7ea696b5-36dc-460e-905f-0dc05debdeb3"",""label"":""Cold"",""priceDelta"":0}],""groupId"":""f49b7c85-fcf0-43de-9f46-fdc52f0bd11a"",""required"":true}]","READY"
"03e7b086-73ad-4577-ac1e-22025ef28d79","8a2e3bb3-7f9c-4858-831b-48096703cd76","ee41b154-17a0-4f25-897c-0e34d0e9ca3b","1","0.000000000000000000000000000000",,"[{""type"":""single"",""title"":""Option"",""choices"":[{""id"":""a9c0ba9a-f944-4f5f-9c23-759a4d8930f5"",""label"":""No Sugar"",""priceDelta"":0}],""groupId"":""12b13edf-d25a-4abf-92d2-5d5b45515fb6"",""required"":true},{""type"":""single"",""title"":""Option"",""choices"":[{""id"":""7ea696b5-36dc-460e-905f-0dc05debdeb3"",""label"":""Cold"",""priceDelta"":0}],""groupId"":""f49b7c85-fcf0-43de-9f46-fdc52f0bd11a"",""required"":true}]","READY"
"05c556ac-990f-43c3-882c-6463c7c7d1c2","450e8871-bca3-4552-ab8e-8f5ac1e54014","ee41b154-17a0-4f25-897c-0e34d0e9ca3b","1","0.000000000000000000000000000000",,"[{""type"":""single"",""title"":""Option"",""choices"":[{""id"":""a8530576-5d1c-4996-911a-b62cd0a6daf2"",""label"":""Sugar"",""priceDelta"":0}],""groupId"":""12b13edf-d25a-4abf-92d2-5d5b45515fb6"",""required"":true},{""type"":""single"",""title"":""Option"",""choices"":[{""id"":""7ea696b5-36dc-460e-905f-0dc05debdeb3"",""label"":""Cold"",""priceDelta"":0}],""groupId"":""f49b7c85-fcf0-43de-9f46-fdc52f0bd11a"",""required"":true}]","READY"
"05c59926-76cb-4fac-8c79-9075c0784d9e","10797e4a-1d02-4c40-98b2-0974659ac75d","ee41b154-17a0-4f25-897c-0e34d0e9ca3b","1","0.000000000000000000000000000000",,"[{""type"":""single"",""title"":""Option"",""choices"":[{""id"":""a8530576-5d1c-4996-911a-b62cd0a6daf2"",""label"":""Sugar"",""priceDelta"":0}],""groupId"":""12b13edf-d25a-4abf-92d2-5d5b45515fb6"",""required"":true},{""type"":""single"",""title"":""Option"",""choices"":[{""id"":""7ea696b5-36dc-460e-905f-0dc05debdeb3"",""label"":""Cold"",""priceDelta"":0}],""groupId"":""f49b7c85-fcf0-43de-9f46-fdc52f0bd11a"",""required"":true}]","READY"
"05c78b7e-f735-4211-b870-da7b91c6c05d","c24b59ff-4433-4a24-9bfd-21c1ccf222f2","591f5a9e-5ae2-4612-a2fb-f42a2701ee97","1","0.000000000000000000000000000000",,"[{""type"":""single"",""title"":""Sugar"",""choices"":[{""id"":""05361b04-9e88-4bae-a48a-8dabaef4a8d2"",""label"":""No Sugar"",""priceDelta"":0}],""groupId"":""06a1f88e-2888-479f-8946-109b928ad90b"",""required"":true},{""type"":""single"",""title"":""Choice"",""choices"":[{""id"":""e59338ec-03fe-46fe-a057-6ac686c1c6e9"",""label"":""Cold"",""priceDelta"":0}],""groupId"":""34bfbb80-a978-4fb3-b5b9-ef83fdd3b936"",""required"":true}]","READY"
"05c85cae-b679-4bca-b7af-954b1087e50a","2a8cba7a-9e95-45b1-8d13-42cd5c13cfbd","fb8fe2c6-9c32-4bef-8fa1-43835afcc6c6","1","0.000000000000000000000000000000",,"[{""type"":""single"",""title"":""Sugar"",""choices"":[{""id"":""4fa5be53-3fb1-4f3d-a093-cf72abcb644d"",""label"":""Sugar"",""priceDelta"":0}],""groupId"":""f3365b84-e196-42f0-9fd6-3d8a1d8dde4c"",""required"":true},{""type"":""single"",""title"":""Choice"",""choices"":[{""id"":""c71b228e-1db4-4cbe-add8-682c2f2ff432"",""label"":""Cold"",""priceDelta"":0}],""groupId"":""8090364a-6a50-4ff0-bcd6-d4f2ebb7dab3"",""required"":true}]","READY"
"05c9ef4d-9384-4dd5-a3dd-fa73a3c93898","a7637d49-d29c-4c8d-988e-fce9232badcf","7e851c95-25d4-4e97-834f-0708d32e0ed7","1","0.000000000000000000000000000000",,"[{""type"":""single"",""title"":""Sugar"",""choices"":[{""id"":""44ea2716-b9e7-4743-8cf6-74a3ecd8383b"",""label"":""No Sugar"",""priceDelta"":0}],""groupId"":""e2881883-1aaf-4a54-9986-c33e9d120289"",""required"":true},{""type"":""single"",""title"":""Option"",""choices"":[{""id"":""fd1f3359-6e52-48ac-b711-674b0d4e1099"",""label"":""Hot"",""priceDelta"":0}],""groupId"":""72bc398e-a245-4b94-b598-446567c641b0"",""required"":true}]","READY"
"0680c322-8c1d-4065-b207-b3d3ffeab6ea","d7f7a62f-f15e-4a41-88e9-61cb1d1c1bd6","fb8fe2c6-9c32-4bef-8fa1-43835afcc6c6","1","0.000000000000000000000000000000",,"[{""type"":""single"",""title"":""Sugar"",""choices"":[{""id"":""d9af3701-1417-4c4e-84c9-b819b0629cad"",""label"":""No Sugar"",""priceDelta"":0}],""groupId"":""f3365b84-e196-42f0-9fd6-3d8a1d8dde4c"",""required"":true},{""type"":""single"",""title"":""Choice"",""choices"":[{""id"":""c71b228e-1db4-4cbe-add8-682c2f2ff432"",""label"":""Cold"",""priceDelta"":0}],""groupId"":""8090364a-6a50-4ff0-bcd6-d4f2ebb7dab3"",""required"":true}]","READY"
"06e8ebaa-9f87-40f3-ae32-5f8f31cad6ef","08d87f03-470f-4411-a17a-a790d76438b8","7e851c95-25d4-4e97-834f-0708d32e0ed7","1","0.000000000000000000000000000000",,"[{""type"":""single"",""title"":""Sugar"",""choices"":[{""id"":""44ea2716-b9e7-4743-8cf6-74a3ecd8383b"",""label"":""No Sugar"",""priceDelta"":0}],""groupId"":""e2881883-1aaf-4a54-9986-c33e9d120289"",""required"":true},{""type"":""single"",""title"":""Option"",""choices"":[{""id"":""7f46222e-8c71-4976-887f-0de762d365c3"",""label"":""Cold"",""priceDelta"":0}],""groupId"":""72bc398e-a245-4b94-b598-446567c641b0"",""required"":true}]","READY"
"07a2574a-42ca-4a5f-a6b7-1a72e6c5ee67","7aaf6a1d-b6f9-4ec1-ab16-8af88cc9f969","ee41b154-17a0-4f25-897c-0e34d0e9ca3b","1","0.000000000000000000000000000000",,"[{""type"":""single"",""title"":""Option"",""choices"":[{""id"":""a8530576-5d1c-4996-911a-b62cd0a6daf2"",""label"":""Sugar"",""priceDelta"":0}],""groupId"":""12b13edf-d25a-4abf-92d2-5d5b45515fb6"",""required"":true},{""type"":""single"",""title"":""Option"",""choices"":[{""id"":""7ea696b5-36dc-460e-905f-0dc05debdeb3"",""label"":""Cold"",""priceDelta"":0}],""groupId"":""f49b7c85-fcf0-43de-9f46-fdc52f0bd11a"",""required"":true}]","READY"
"07d2dfc9-6701-41e6-995b-66cd04ec5248","110e39ff-882d-4edf-a002-c4b8d6ebf771","7e851c95-25d4-4e97-834f-0708d32e0ed7","1","0.000000000000000000000000000000",,"[{""type"":""single"",""title"":""Sugar"",""choices"":[{""id"":""a8481a49-b627-4dd7-9f95-37e94c909d62"",""label"":""Sugar"",""priceDelta"":0}],""groupId"":""e2881883-1aaf-4a54-9986-c33e9d120289"",""required"":true},{""type"":""single"",""title"":""Option"",""choices"":[{""id"":""7f46222e-8c71-4976-887f-0de762d365c3"",""label"":""Cold"",""priceDelta"":0}],""groupId"":""72bc398e-a245-4b94-b598-446567c641b0"",""required"":true}]","READY"
"07ddca80-b0a5-4041-962c-e5df02127b38","5f223882-762b-4257-8f42-2ea2188a813f","ee41b154-17a0-4f25-897c-0e34d0e9ca3b","1","0.000000000000000000000000000000",,"[{""type"":""single"",""title"":""Option"",""choices"":[{""id"":""a8530576-5d1c-4996-911a-b62cd0a6daf2"",""label"":""Sugar"",""priceDelta"":0}],""groupId"":""12b13edf-d25a-4abf-92d2-5d5b45515fb6"",""required"":true},{""type"":""single"",""title"":""Option"",""choices"":[{""id"":""7ea696b5-36dc-460e-905f-0dc05debdeb3"",""label"":""Cold"",""priceDelta"":0}],""groupId"":""f49b7c85-fcf0-43de-9f46-fdc52f0bd11a"",""required"":true}]","READY"
"07f572f0-6080-47b7-a7a6-118beb6f868e","13322dc9-d542-4fec-a031-94b3fccaa73d","591f5a9e-5ae2-4612-a2fb-f42a2701ee97","1","0.000000000000000000000000000000",,"[{""type"":""single"",""title"":""Sugar"",""choices"":[{""id"":""f37891d4-906e-41fd-b016-39fca6854ee6"",""label"":""Sugar"",""priceDelta"":0}],""groupId"":""06a1f88e-2888-479f-8946-109b928ad90b"",""required"":true},{""type"":""single"",""title"":""Choice"",""choices"":[{""id"":""e59338ec-03fe-46fe-a057-6ac686c1c6e9"",""label"":""Cold"",""priceDelta"":0}],""groupId"":""34bfbb80-a978-4fb3-b5b9-ef83fdd3b936"",""required"":true}]","READY"
"08cfc58e-02ed-43f0-9950-6afc6b2cccd4","2d979d30-1c76-4936-b612-e2cce1647d43","591f5a9e-5ae2-4612-a2fb-f42a2701ee97","1","0.000000000000000000000000000000",,"[{""type"":""single"",""title"":""Sugar"",""choices"":[{""id"":""f37891d4-906e-41fd-b016-39fca6854ee6"",""label"":""Sugar"",""priceDelta"":0}],""groupId"":""06a1f88e-2888-479f-8946-109b928ad90b"",""required"":true},{""type"":""single"",""title"":""Choice"",""choices"":[{""id"":""e59338ec-03fe-46fe-a057-6ac686c1c6e9"",""label"":""Cold"",""priceDelta"":0}],""groupId"":""34bfbb80-a978-4fb3-b5b9-ef83fdd3b936"",""required"":true}]","READY"
"08eaef49-9136-4d7e-a44b-4a3b28b70670","d532fed8-7e11-4b82-800a-14bbb1501182","fb8fe2c6-9c32-4bef-8fa1-43835afcc6c6","1","0.000000000000000000000000000000",,"[{""type"":""single"",""title"":""Sugar"",""choices"":[{""id"":""d9af3701-1417-4c4e-84c9-b819b0629cad"",""label"":""No Sugar"",""priceDelta"":0}],""groupId"":""f3365b84-e196-42f0-9fd6-3d8a1d8dde4c"",""required"":true},{""type"":""single"",""title"":""Choice"",""choices"":[{""id"":""c71b228e-1db4-4cbe-add8-682c2f2ff432"",""label"":""Cold"",""priceDelta"":0}],""groupId"":""8090364a-6a50-4ff0-bcd6-d4f2ebb7dab3"",""required"":true}]","READY"
"09102d3f-69f5-4db0-ba57-1d87c6df4d4b","e6d5cedb-8d91-4731-a98c-7d6f3e197472","fb8fe2c6-9c32-4bef-8fa1-43835afcc6c6","1","0.000000000000000000000000000000",,"[{""type"":""single"",""title"":""Sugar"",""choices"":[{""id"":""d9af3701-1417-4c4e-84c9-b819b0629cad"",""label"":""No Sugar"",""priceDelta"":0}],""groupId"":""f3365b84-e196-42f0-9fd6-3d8a1d8dde4c"",""required"":true},{""type"":""single"",""title"":""Choice"",""choices"":[{""id"":""7c6f786f-e742-41b2-9e67-48fa2fb1f7f2"",""label"":""Hot"",""priceDelta"":0}],""groupId"":""8090364a-6a50-4ff0-bcd6-d4f2ebb7dab3"",""required"":true}]","READY"
"09e98491-e798-426c-9d79-f3cffa9d3c1f","a789b0df-eb75-4ae5-be94-55feb6ade25c","bfafbe37-d3a8-4f50-9186-f70a99acb47e","1","0.000000000000000000000000000000",,"[]","READY"
"0a923d0b-a0da-46fc-a864-238e4a3dc1ad","6302ba1c-796a-4844-bff9-2f4e74150835","bfafbe37-d3a8-4f50-9186-f70a99acb47e","1","0.000000000000000000000000000000",,"[]","READY"
"0baa600a-f122-4546-887e-e53a2aa155ee","04dc2616-59bf-4b0f-b35c-2a0cdf9b19a3","591f5a9e-5ae2-4612-a2fb-f42a2701ee97","1","0.000000000000000000000000000000",,"[{""type"":""single"",""title"":""Sugar"",""choices"":[{""id"":""05361b04-9e88-4bae-a48a-8dabaef4a8d2"",""label"":""No Sugar"",""priceDelta"":0}],""groupId"":""06a1f88e-2888-479f-8946-109b928ad90b"",""required"":true},{""type"":""single"",""title"":""Choice"",""choices"":[{""id"":""e59338ec-03fe-46fe-a057-6ac686c1c6e9"",""label"":""Cold"",""priceDelta"":0}],""groupId"":""34bfbb80-a978-4fb3-b5b9-ef83fdd3b936"",""required"":true}]","READY"
"0bc1e80c-ca70-4c4b-9a8a-bad20b2b451b","5ae7bc8e-957e-420f-acf4-c00f811fbbe6","ee41b154-17a0-4f25-897c-0e34d0e9ca3b","1","0.000000000000000000000000000000",,"[{""type"":""single"",""title"":""Option"",""choices"":[{""id"":""a9c0ba9a-f944-4f5f-9c23-759a4d8930f5"",""label"":""No Sugar"",""priceDelta"":0}],""groupId"":""12b13edf-d25a-4abf-92d2-5d5b45515fb6"",""required"":true},{""type"":""single"",""title"":""Option"",""choices"":[{""id"":""7ea696b5-36dc-460e-905f-0dc05debdeb3"",""label"":""Cold"",""priceDelta"":0}],""groupId"":""f49b7c85-fcf0-43de-9f46-fdc52f0bd11a"",""required"":true}]","READY"
"0c3beec7-d3fa-4706-aeb5-7105807c6403","f1c5c5cb-9828-4c27-a1fb-56d35df98685","fb8fe2c6-9c32-4bef-8fa1-43835afcc6c6","1","0.000000000000000000000000000000",,"[{""type"":""single"",""title"":""Sugar"",""choices"":[{""id"":""4fa5be53-3fb1-4f3d-a093-cf72abcb644d"",""label"":""Sugar"",""priceDelta"":0}],""groupId"":""f3365b84-e196-42f0-9fd6-3d8a1d8dde4c"",""required"":true},{""type"":""single"",""title"":""Choice"",""choices"":[{""id"":""c71b228e-1db4-4cbe-add8-682c2f2ff432"",""label"":""Cold"",""priceDelta"":0}],""groupId"":""8090364a-6a50-4ff0-bcd6-d4f2ebb7dab3"",""required"":true}]","READY"
"0c567415-7639-4ad7-aeec-04964502b130","b08362df-fa32-46b4-bc89-6b455762f8c5","fb8fe2c6-9c32-4bef-8fa1-43835afcc6c6","1","0.000000000000000000000000000000",,"[{""type"":""single"",""title"":""Sugar"",""choices"":[{""id"":""4fa5be53-3fb1-4f3d-a093-cf72abcb644d"",""label"":""Sugar"",""priceDelta"":0}],""groupId"":""f3365b84-e196-42f0-9fd6-3d8a1d8dde4c"",""required"":true},{""type"":""single"",""title"":""Choice"",""choices"":[{""id"":""7c6f786f-e742-41b2-9e67-48fa2fb1f7f2"",""label"":""Hot"",""priceDelta"":0}],""groupId"":""8090364a-6a50-4ff0-bcd6-d4f2ebb7dab3"",""required"":true}]","READY"
"0c84e0ee-9981-4620-8741-4c6b71b42fa4","93798c4b-6960-49eb-b9f3-af86d9c91844","591f5a9e-5ae2-4612-a2fb-f42a2701ee97","3","0.000000000000000000000000000000",,"[{""type"":""single"",""title"":""Sugar"",""choices"":[{""id"":""f37891d4-906e-41fd-b016-39fca6854ee6"",""label"":""Sugar"",""priceDelta"":0}],""groupId"":""06a1f88e-2888-479f-8946-109b928ad90b"",""required"":true},{""type"":""single"",""title"":""Choice"",""choices"":[{""id"":""e59338ec-03fe-46fe-a057-6ac686c1c6e9"",""label"":""Cold"",""priceDelta"":0}],""groupId"":""34bfbb80-a978-4fb3-b5b9-ef83fdd3b936"",""required"":true}]","READY"
"0cca3300-9184-46ae-8a30-b9e2f93af5cf","0180b2b6-d7df-4896-aece-07581a7c2f25","bfafbe37-d3a8-4f50-9186-f70a99acb47e","2","0.000000000000000000000000000000",,"[]","READY"
"0d900a4a-d274-457f-929c-dcb3f3dc0b63","7adfbd52-4643-4313-a506-1f326a46faf0","ee41b154-17a0-4f25-897c-0e34d0e9ca3b","2","0.000000000000000000000000000000",,"[{""type"":""single"",""title"":""Option"",""choices"":[{""id"":""a8530576-5d1c-4996-911a-b62cd0a6daf2"",""label"":""Sugar"",""priceDelta"":0}],""groupId"":""12b13edf-d25a-4abf-92d2-5d5b45515fb6"",""required"":true},{""type"":""single"",""title"":""Option"",""choices"":[{""id"":""7ea696b5-36dc-460e-905f-0dc05debdeb3"",""label"":""Cold"",""priceDelta"":0}],""groupId"":""f49b7c85-fcf0-43de-9f46-fdc52f0bd11a"",""required"":true}]","READY"
"0d913ec5-24c3-4f51-80c4-aebf39ad35d2","2b2b9d23-cdee-4e16-b2f3-bb6f7ce126e4","fb8fe2c6-9c32-4bef-8fa1-43835afcc6c6","1","0.000000000000000000000000000000",,"[{""type"":""single"",""title"":""Sugar"",""choices"":[{""id"":""4fa5be53-3fb1-4f3d-a093-cf72abcb644d"",""label"":""Sugar"",""priceDelta"":0}],""groupId"":""f3365b84-e196-42f0-9fd6-3d8a1d8dde4c"",""required"":true},{""type"":""single"",""title"":""Choice"",""choices"":[{""id"":""7c6f786f-e742-41b2-9e67-48fa2fb1f7f2"",""label"":""Hot"",""priceDelta"":0}],""groupId"":""8090364a-6a50-4ff0-bcd6-d4f2ebb7dab3"",""required"":true}]","READY"
"0db4dcfc-8a1d-470c-87f7-338e6847e3ea","fdf31d3a-d0d0-418f-8eb6-3f99c4aad0af","ee41b154-17a0-4f25-897c-0e34d0e9ca3b","1","0.000000000000000000000000000000",,"[{""type"":""single"",""title"":""Option"",""choices"":[{""id"":""a9c0ba9a-f944-4f5f-9c23-759a4d8930f5"",""label"":""No Sugar"",""priceDelta"":0}],""groupId"":""12b13edf-d25a-4abf-92d2-5d5b45515fb6"",""required"":true},{""type"":""single"",""title"":""Option"",""choices"":[{""id"":""7ea696b5-36dc-460e-905f-0dc05debdeb3"",""label"":""Cold"",""priceDelta"":0}],""groupId"":""f49b7c85-fcf0-43de-9f46-fdc52f0bd11a"",""required"":true}]","READY"
"0dd3deea-656f-429b-8709-e5ac99fad30a","8940c2b5-70ed-4c54-bbdb-eb2dee1504d5","fb8fe2c6-9c32-4bef-8fa1-43835afcc6c6","1","0.000000000000000000000000000000",,"[{""type"":""single"",""title"":""Sugar"",""choices"":[{""id"":""d9af3701-1417-4c4e-84c9-b819b0629cad"",""label"":""No Sugar"",""priceDelta"":0}],""groupId"":""f3365b84-e196-42f0-9fd6-3d8a1d8dde4c"",""required"":true},{""type"":""single"",""title"":""Choice"",""choices"":[{""id"":""7c6f786f-e742-41b2-9e67-48fa2fb1f7f2"",""label"":""Hot"",""priceDelta"":0}],""groupId"":""8090364a-6a50-4ff0-bcd6-d4f2ebb7dab3"",""required"":true}]","READY"
"0e4ba21e-8784-4f87-aae9-721ef81286c2","f84e5116-db83-4a68-9a53-de4f3f85d2d5","fb8fe2c6-9c32-4bef-8fa1-43835afcc6c6","1","0.000000000000000000000000000000",,"[{""type"":""single"",""title"":""Sugar"",""choices"":[{""id"":""d9af3701-1417-4c4e-84c9-b819b0629cad"",""label"":""No Sugar"",""priceDelta"":0}],""groupId"":""f3365b84-e196-42f0-9fd6-3d8a1d8dde4c"",""required"":true},{""type"":""single"",""title"":""Choice"",""choices"":[{""id"":""c71b228e-1db4-4cbe-add8-682c2f2ff432"",""label"":""Cold"",""priceDelta"":0}],""groupId"":""8090364a-6a50-4ff0-bcd6-d4f2ebb7dab3"",""required"":true}]","READY"
"0f112df6-3685-44d3-8501-2997a21f3c28","32a26038-057f-45dd-a290-081770fc3c24","ee41b154-17a0-4f25-897c-0e34d0e9ca3b","1","0.000000000000000000000000000000",,"[{""type"":""single"",""title"":""Option"",""choices"":[{""id"":""a8530576-5d1c-4996-911a-b62cd0a6daf2"",""label"":""Sugar"",""priceDelta"":0}],""groupId"":""12b13edf-d25a-4abf-92d2-5d5b45515fb6"",""required"":true},{""type"":""single"",""title"":""Option"",""choices"":[{""id"":""7ea696b5-36dc-460e-905f-0dc05debdeb3"",""label"":""Cold"",""priceDelta"":0}],""groupId"":""f49b7c85-fcf0-43de-9f46-fdc52f0bd11a"",""required"":true}]","READY"
"0f229b6e-4004-4c1c-9110-c95a1f2e7101","0077768d-3bd5-4838-9c59-9d12a37a87e9","fb8fe2c6-9c32-4bef-8fa1-43835afcc6c6","1","0.000000000000000000000000000000",,"[{""type"":""single"",""title"":""Sugar"",""choices"":[{""id"":""d9af3701-1417-4c4e-84c9-b819b0629cad"",""label"":""No Sugar"",""priceDelta"":0}],""groupId"":""f3365b84-e196-42f0-9fd6-3d8a1d8dde4c"",""required"":true},{""type"":""single"",""title"":""Choice"",""choices"":[{""id"":""c71b228e-1db4-4cbe-add8-682c2f2ff432"",""label"":""Cold"",""priceDelta"":0}],""groupId"":""8090364a-6a50-4ff0-bcd6-d4f2ebb7dab3"",""required"":true}]","READY"
"0fa3843b-8fb7-4998-abe0-069c25bac655","0218eb24-4f84-4e2c-b6ec-922247570d77","ee41b154-17a0-4f25-897c-0e34d0e9ca3b","1","0.000000000000000000000000000000",,"[{""type"":""single"",""title"":""Option"",""choices"":[{""id"":""a8530576-5d1c-4996-911a-b62cd0a6daf2"",""label"":""Sugar"",""priceDelta"":0}],""groupId"":""12b13edf-d25a-4abf-92d2-5d5b45515fb6"",""required"":true},{""type"":""single"",""title"":""Option"",""choices"":[{""id"":""7ea696b5-36dc-460e-905f-0dc05debdeb3"",""label"":""Cold"",""priceDelta"":0}],""groupId"":""f49b7c85-fcf0-43de-9f46-fdc52f0bd11a"",""required"":true}]","READY"
"0fbd2137-07d1-4545-83ea-90f38bc31bdf","976e1326-5bcb-4d8f-bf63-91cfbcbf064e","ee41b154-17a0-4f25-897c-0e34d0e9ca3b","1","0.000000000000000000000000000000",,"[{""type"":""single"",""title"":""Option"",""choices"":[{""id"":""a8530576-5d1c-4996-911a-b62cd0a6daf2"",""label"":""Sugar"",""priceDelta"":0}],""groupId"":""12b13edf-d25a-4abf-92d2-5d5b45515fb6"",""required"":true},{""type"":""single"",""title"":""Option"",""choices"":[{""id"":""7ea696b5-36dc-460e-905f-0dc05debdeb3"",""label"":""Cold"",""priceDelta"":0}],""groupId"":""f49b7c85-fcf0-43de-9f46-fdc52f0bd11a"",""required"":true}]","READY"
"0fd12bc5-20fe-4e4d-9242-67c7abc770f4","4ecea593-aa16-4965-81ef-f72071e23a49","fb8fe2c6-9c32-4bef-8fa1-43835afcc6c6","1","0.000000000000000000000000000000",,"[{""type"":""single"",""title"":""Sugar"",""choices"":[{""id"":""d9af3701-1417-4c4e-84c9-b819b0629cad"",""label"":""No Sugar"",""priceDelta"":0}],""groupId"":""f3365b84-e196-42f0-9fd6-3d8a1d8dde4c"",""required"":true},{""type"":""single"",""title"":""Choice"",""choices"":[{""id"":""c71b228e-1db4-4cbe-add8-682c2f2ff432"",""label"":""Cold"",""priceDelta"":0}],""groupId"":""8090364a-6a50-4ff0-bcd6-d4f2ebb7dab3"",""required"":true}]","READY"
"1047470c-3868-4acf-b745-b869fccf2fa3","a37f4dfa-72e3-4a1a-99e4-6651edf6d9af","7e851c95-25d4-4e97-834f-0708d32e0ed7","1","0.000000000000000000000000000000",,"[{""type"":""single"",""title"":""Sugar"",""choices"":[{""id"":""44ea2716-b9e7-4743-8cf6-74a3ecd8383b"",""label"":""No Sugar"",""priceDelta"":0}],""groupId"":""e2881883-1aaf-4a54-9986-c33e9d120289"",""required"":true},{""type"":""single"",""title"":""Option"",""choices"":[{""id"":""7f46222e-8c71-4976-887f-0de762d365c3"",""label"":""Cold"",""priceDelta"":0}],""groupId"":""72bc398e-a245-4b94-b598-446567c641b0"",""required"":true}]","READY"
"106dfb53-2c6a-406a-8710-8862cd08fc49","cdfa13e7-d79d-4b88-a790-b01099f51acc","bfafbe37-d3a8-4f50-9186-f70a99acb47e","1","0.000000000000000000000000000000","Less ice","[]","READY"
"108e9f50-19d8-48b7-9817-b86b5da506f8","2dc6aacf-980a-4425-adf5-b2a92f762c9f","ee41b154-17a0-4f25-897c-0e34d0e9ca3b","1","0.000000000000000000000000000000",,"[{""type"":""single"",""title"":""Option"",""choices"":[{""id"":""a9c0ba9a-f944-4f5f-9c23-759a4d8930f5"",""label"":""No Sugar"",""priceDelta"":0}],""groupId"":""12b13edf-d25a-4abf-92d2-5d5b45515fb6"",""required"":true},{""type"":""single"",""title"":""Option"",""choices"":[{""id"":""0ec24708-bfd6-4c1f-8d5e-a86d9cef2e64"",""label"":""Hot"",""priceDelta"":0}],""groupId"":""f49b7c85-fcf0-43de-9f46-fdc52f0bd11a"",""required"":true}]","READY"
"108eb699-ee77-4761-9dd0-b98f21c2118f","cbb66251-f19a-4e17-8e65-5701fc56837c","fb8fe2c6-9c32-4bef-8fa1-43835afcc6c6","1","0.000000000000000000000000000000",,"[{""type"":""single"",""title"":""Sugar"",""choices"":[{""id"":""4fa5be53-3fb1-4f3d-a093-cf72abcb644d"",""label"":""Sugar"",""priceDelta"":0}],""groupId"":""f3365b84-e196-42f0-9fd6-3d8a1d8dde4c"",""required"":true},{""type"":""single"",""title"":""Choice"",""choices"":[{""id"":""c71b228e-1db4-4cbe-add8-682c2f2ff432"",""label"":""Cold"",""priceDelta"":0}],""groupId"":""8090364a-6a50-4ff0-bcd6-d4f2ebb7dab3"",""required"":true}]","READY"
"10cde36d-c187-4959-a6b6-9d7e19da56bd","d4035f64-6da3-4b52-a6d5-c1aa779b2374","ee41b154-17a0-4f25-897c-0e34d0e9ca3b","1","0.000000000000000000000000000000",,"[{""type"":""single"",""title"":""Option"",""choices"":[{""id"":""a8530576-5d1c-4996-911a-b62cd0a6daf2"",""label"":""Sugar"",""priceDelta"":0}],""groupId"":""12b13edf-d25a-4abf-92d2-5d5b45515fb6"",""required"":true},{""type"":""single"",""title"":""Option"",""choices"":[{""id"":""7ea696b5-36dc-460e-905f-0dc05debdeb3"",""label"":""Cold"",""priceDelta"":0}],""groupId"":""f49b7c85-fcf0-43de-9f46-fdc52f0bd11a"",""required"":true}]","READY"
"11cf987b-9396-444c-8118-1f6028c291f2","74370ff3-a80e-41d5-93ff-54faf7ac3e3a","fb8fe2c6-9c32-4bef-8fa1-43835afcc6c6","1","0.000000000000000000000000000000",,"[{""type"":""single"",""title"":""Sugar"",""choices"":[{""id"":""d9af3701-1417-4c4e-84c9-b819b0629cad"",""label"":""No Sugar"",""priceDelta"":0}],""groupId"":""f3365b84-e196-42f0-9fd6-3d8a1d8dde4c"",""required"":true},{""type"":""single"",""title"":""Choice"",""choices"":[{""id"":""7c6f786f-e742-41b2-9e67-48fa2fb1f7f2"",""label"":""Hot"",""priceDelta"":0}],""groupId"":""8090364a-6a50-4ff0-bcd6-d4f2ebb7dab3"",""required"":true}]","READY"
"11d9f5e1-ec3e-4de3-9f90-e2cbba23e3d2","f049a415-0b72-4c5c-97ef-75ee920a0ecb","fb8fe2c6-9c32-4bef-8fa1-43835afcc6c6","1","0.000000000000000000000000000000",,"[{""type"":""single"",""title"":""Sugar"",""choices"":[{""id"":""d9af3701-1417-4c4e-84c9-b819b0629cad"",""label"":""No Sugar"",""priceDelta"":0}],""groupId"":""f3365b84-e196-42f0-9fd6-3d8a1d8dde4c"",""required"":true},{""type"":""single"",""title"":""Choice"",""choices"":[{""id"":""7c6f786f-e742-41b2-9e67-48fa2fb1f7f2"",""label"":""Hot"",""priceDelta"":0}],""groupId"":""8090364a-6a50-4ff0-bcd6-d4f2ebb7dab3"",""required"":true}]","READY"
"1226c254-a2b2-40cc-8a2b-7e61506b52df","eaf23133-c3b9-408b-848e-7cc1900bec9e","bfafbe37-d3a8-4f50-9186-f70a99acb47e","1","0.000000000000000000000000000000",,"[]","READY"
"122b5f2c-ec5a-4d89-b774-c5e08886aba6","68951b31-0a61-4a6b-8338-eee697005742","591f5a9e-5ae2-4612-a2fb-f42a2701ee97","1","0.000000000000000000000000000000",,"[{""type"":""single"",""title"":""Sugar"",""choices"":[{""id"":""f37891d4-906e-41fd-b016-39fca6854ee6"",""label"":""Sugar"",""priceDelta"":0}],""groupId"":""06a1f88e-2888-479f-8946-109b928ad90b"",""required"":true},{""type"":""single"",""title"":""Choice"",""choices"":[{""id"":""e59338ec-03fe-46fe-a057-6ac686c1c6e9"",""label"":""Cold"",""priceDelta"":0}],""groupId"":""34bfbb80-a978-4fb3-b5b9-ef83fdd3b936"",""required"":true}]","READY"
"12d9b318-fbe8-4614-9b69-a7f9255da20f","19b1d75c-b2a2-40f8-9113-27dfd56e8573","fb8fe2c6-9c32-4bef-8fa1-43835afcc6c6","1","0.000000000000000000000000000000",,"[{""type"":""single"",""title"":""Sugar"",""choices"":[{""id"":""4fa5be53-3fb1-4f3d-a093-cf72abcb644d"",""label"":""Sugar"",""priceDelta"":0}],""groupId"":""f3365b84-e196-42f0-9fd6-3d8a1d8dde4c"",""required"":true},{""type"":""single"",""title"":""Choice"",""choices"":[{""id"":""c71b228e-1db4-4cbe-add8-682c2f2ff432"",""label"":""Cold"",""priceDelta"":0}],""groupId"":""8090364a-6a50-4ff0-bcd6-d4f2ebb7dab3"",""required"":true}]","READY"
"137bf211-8172-41c8-874a-9c42d4881fb0","77175e3c-116e-4c61-b7cd-35edb9ab8ebe","ee41b154-17a0-4f25-897c-0e34d0e9ca3b","1","0.000000000000000000000000000000",,"[{""type"":""single"",""title"":""Option"",""choices"":[{""id"":""a8530576-5d1c-4996-911a-b62cd0a6daf2"",""label"":""Sugar"",""priceDelta"":0}],""groupId"":""12b13edf-d25a-4abf-92d2-5d5b45515fb6"",""required"":true},{""type"":""single"",""title"":""Option"",""choices"":[{""id"":""7ea696b5-36dc-460e-905f-0dc05debdeb3"",""label"":""Cold"",""priceDelta"":0}],""groupId"":""f49b7c85-fcf0-43de-9f46-fdc52f0bd11a"",""required"":true}]","READY"
"14821b84-e80a-4cdf-ab69-e618d8554a0e","8907d6c1-09f7-4bbe-b711-5b4d28b61d1a","bfafbe37-d3a8-4f50-9186-f70a99acb47e","1","0.000000000000000000000000000000",,"[]","READY"
"155bde42-24f4-4d1d-b029-69adffbd633c","c8b27270-7b89-4aee-9e98-24a8eefa62ec","ee41b154-17a0-4f25-897c-0e34d0e9ca3b","1","0.000000000000000000000000000000",,"[{""type"":""single"",""title"":""Option"",""choices"":[{""id"":""a8530576-5d1c-4996-911a-b62cd0a6daf2"",""label"":""Sugar"",""priceDelta"":0}],""groupId"":""12b13edf-d25a-4abf-92d2-5d5b45515fb6"",""required"":true},{""type"":""single"",""title"":""Option"",""choices"":[{""id"":""7ea696b5-36dc-460e-905f-0dc05debdeb3"",""label"":""Cold"",""priceDelta"":0}],""groupId"":""f49b7c85-fcf0-43de-9f46-fdc52f0bd11a"",""required"":true}]","READY"
"155bf75f-e0a2-4649-be36-943ab5def72e","33b55760-aac5-463e-886f-b9469011cfe5","ee41b154-17a0-4f25-897c-0e34d0e9ca3b","1","0.000000000000000000000000000000",,"[{""type"":""single"",""title"":""Option"",""choices"":[{""id"":""a8530576-5d1c-4996-911a-b62cd0a6daf2"",""label"":""Sugar"",""priceDelta"":0}],""groupId"":""12b13edf-d25a-4abf-92d2-5d5b45515fb6"",""required"":true},{""type"":""single"",""title"":""Option"",""choices"":[{""id"":""7ea696b5-36dc-460e-905f-0dc05debdeb3"",""label"":""Cold"",""priceDelta"":0}],""groupId"":""f49b7c85-fcf0-43de-9f46-fdc52f0bd11a"",""required"":true}]","READY"
"156ce3ab-9f32-4a07-a124-1f94c1f6218d","6f6be7ef-995d-4908-9f20-bb63551a72ff","7e851c95-25d4-4e97-834f-0708d32e0ed7","1","0.000000000000000000000000000000",,"[{""type"":""single"",""title"":""Sugar"",""choices"":[{""id"":""44ea2716-b9e7-4743-8cf6-74a3ecd8383b"",""label"":""No Sugar"",""priceDelta"":0}],""groupId"":""e2881883-1aaf-4a54-9986-c33e9d120289"",""required"":true},{""type"":""single"",""title"":""Option"",""choices"":[{""id"":""7f46222e-8c71-4976-887f-0de762d365c3"",""label"":""Cold"",""priceDelta"":0}],""groupId"":""72bc398e-a245-4b94-b598-446567c641b0"",""required"":true}]","READY"
"1646f119-9f8f-493f-a5f0-f0e23ce7847d","2e84a7ea-607f-4ce2-9b7d-8b8da7d23a81","fb8fe2c6-9c32-4bef-8fa1-43835afcc6c6","1","0.000000000000000000000000000000",,"[{""type"":""single"",""title"":""Sugar"",""choices"":[{""id"":""4fa5be53-3fb1-4f3d-a093-cf72abcb644d"",""label"":""Sugar"",""priceDelta"":0}],""groupId"":""f3365b84-e196-42f0-9fd6-3d8a1d8dde4c"",""required"":true},{""type"":""single"",""title"":""Choice"",""choices"":[{""id"":""c71b228e-1db4-4cbe-add8-682c2f2ff432"",""label"":""Cold"",""priceDelta"":0}],""groupId"":""8090364a-6a50-4ff0-bcd6-d4f2ebb7dab3"",""required"":true}]","READY"
"167f11dc-69e9-44ab-b3dc-c0aeaf010ad0","f662933f-d36f-45cb-b498-89bee4ae0339","fb8fe2c6-9c32-4bef-8fa1-43835afcc6c6","1","0.000000000000000000000000000000",,"[{""type"":""single"",""title"":""Sugar"",""choices"":[{""id"":""4fa5be53-3fb1-4f3d-a093-cf72abcb644d"",""label"":""Sugar"",""priceDelta"":0}],""groupId"":""f3365b84-e196-42f0-9fd6-3d8a1d8dde4c"",""required"":true},{""type"":""single"",""title"":""Choice"",""choices"":[{""id"":""7c6f786f-e742-41b2-9e67-48fa2fb1f7f2"",""label"":""Hot"",""priceDelta"":0}],""groupId"":""8090364a-6a50-4ff0-bcd6-d4f2ebb7dab3"",""required"":true}]","READY"
"1688f068-d1b7-438a-8bd6-dea11f536c11","a6556775-d116-4621-a090-d413b7fdde81","591f5a9e-5ae2-4612-a2fb-f42a2701ee97","1","0.000000000000000000000000000000",,"[{""type"":""single"",""title"":""Sugar"",""choices"":[{""id"":""f37891d4-906e-41fd-b016-39fca6854ee6"",""label"":""Sugar"",""priceDelta"":0}],""groupId"":""06a1f88e-2888-479f-8946-109b928ad90b"",""required"":true},{""type"":""single"",""title"":""Choice"",""choices"":[{""id"":""e59338ec-03fe-46fe-a057-6ac686c1c6e9"",""label"":""Cold"",""priceDelta"":0}],""groupId"":""34bfbb80-a978-4fb3-b5b9-ef83fdd3b936"",""required"":true}]","READY"
"172bc417-edeb-4ae4-86a8-d8b77cc70557","f7ac4fb0-369f-4743-9ecf-726cfb6e00d6","591f5a9e-5ae2-4612-a2fb-f42a2701ee97","1","0.000000000000000000000000000000",,"[{""type"":""single"",""title"":""Sugar"",""choices"":[{""id"":""05361b04-9e88-4bae-a48a-8dabaef4a8d2"",""label"":""No Sugar"",""priceDelta"":0}],""groupId"":""06a1f88e-2888-479f-8946-109b928ad90b"",""required"":true},{""type"":""single"",""title"":""Choice"",""choices"":[{""id"":""e59338ec-03fe-46fe-a057-6ac686c1c6e9"",""label"":""Cold"",""priceDelta"":0}],""groupId"":""34bfbb80-a978-4fb3-b5b9-ef83fdd3b936"",""required"":true}]","READY"
"1782494f-275c-43f9-bb3e-c1ac9c7bd151","941a49c5-e4e5-4a15-801e-d4bd7927cd5c","ee41b154-17a0-4f25-897c-0e34d0e9ca3b","1","0.000000000000000000000000000000",,"[{""type"":""single"",""title"":""Option"",""choices"":[{""id"":""a8530576-5d1c-4996-911a-b62cd0a6daf2"",""label"":""Sugar"",""priceDelta"":0}],""groupId"":""12b13edf-d25a-4abf-92d2-5d5b45515fb6"",""required"":true},{""type"":""single"",""title"":""Option"",""choices"":[{""id"":""0ec24708-bfd6-4c1f-8d5e-a86d9cef2e64"",""label"":""Hot"",""priceDelta"":0}],""groupId"":""f49b7c85-fcf0-43de-9f46-fdc52f0bd11a"",""required"":true}]","READY"
"181aebc1-5ce6-47ac-8301-402ac0ecd097","96dd3f8d-a5a6-43de-ad46-09a70581a9f9","ee41b154-17a0-4f25-897c-0e34d0e9ca3b","1","0.000000000000000000000000000000",,"[{""type"":""single"",""title"":""Option"",""choices"":[{""id"":""a8530576-5d1c-4996-911a-b62cd0a6daf2"",""label"":""Sugar"",""priceDelta"":0}],""groupId"":""12b13edf-d25a-4abf-92d2-5d5b45515fb6"",""required"":true},{""type"":""single"",""title"":""Option"",""choices"":[{""id"":""7ea696b5-36dc-460e-905f-0dc05debdeb3"",""label"":""Cold"",""priceDelta"":0}],""groupId"":""f49b7c85-fcf0-43de-9f46-fdc52f0bd11a"",""required"":true}]","READY"
"189ad614-6433-4ebf-943c-e9ae99fef0a3","45df4aea-318d-4ebe-a624-a455354d014e","7e851c95-25d4-4e97-834f-0708d32e0ed7","1","0.000000000000000000000000000000",,"[{""type"":""single"",""title"":""Sugar"",""choices"":[{""id"":""44ea2716-b9e7-4743-8cf6-74a3ecd8383b"",""label"":""No Sugar"",""priceDelta"":0}],""groupId"":""e2881883-1aaf-4a54-9986-c33e9d120289"",""required"":true},{""type"":""single"",""title"":""Option"",""choices"":[{""id"":""7f46222e-8c71-4976-887f-0de762d365c3"",""label"":""Cold"",""priceDelta"":0}],""groupId"":""72bc398e-a245-4b94-b598-446567c641b0"",""required"":true}]","READY"
"195124aa-b6ae-4468-98d4-20d1b4332423","d3f3fe6b-46d4-4de6-863c-abb757e4071c","7e851c95-25d4-4e97-834f-0708d32e0ed7","1","0.000000000000000000000000000000",,"[{""type"":""single"",""title"":""Sugar"",""choices"":[{""id"":""44ea2716-b9e7-4743-8cf6-74a3ecd8383b"",""label"":""No Sugar"",""priceDelta"":0}],""groupId"":""e2881883-1aaf-4a54-9986-c33e9d120289"",""required"":true},{""type"":""single"",""title"":""Option"",""choices"":[{""id"":""fd1f3359-6e52-48ac-b711-674b0d4e1099"",""label"":""Hot"",""priceDelta"":0}],""groupId"":""72bc398e-a245-4b94-b598-446567c641b0"",""required"":true}]","READY"
"19668840-7243-4654-830a-9a4b0b87753b","66fd5670-fe5b-4af2-bfe7-b4dcd990ac0d","591f5a9e-5ae2-4612-a2fb-f42a2701ee97","1","0.000000000000000000000000000000",,"[{""type"":""single"",""title"":""Sugar"",""choices"":[{""id"":""f37891d4-906e-41fd-b016-39fca6854ee6"",""label"":""Sugar"",""priceDelta"":0}],""groupId"":""06a1f88e-2888-479f-8946-109b928ad90b"",""required"":true},{""type"":""single"",""title"":""Choice"",""choices"":[{""id"":""74279e17-917e-4369-9d70-b782add81b27"",""label"":""Hot"",""priceDelta"":0}],""groupId"":""34bfbb80-a978-4fb3-b5b9-ef83fdd3b936"",""required"":true}]","READY"
"1a3bee79-eaeb-4931-b6ce-b6b166c6c518","11213cd1-c163-492a-8491-91acbe2c0061","7e851c95-25d4-4e97-834f-0708d32e0ed7","1","0.000000000000000000000000000000",,"[{""type"":""single"",""title"":""Sugar"",""choices"":[{""id"":""a8481a49-b627-4dd7-9f95-37e94c909d62"",""label"":""Sugar"",""priceDelta"":0}],""groupId"":""e2881883-1aaf-4a54-9986-c33e9d120289"",""required"":true},{""type"":""single"",""title"":""Option"",""choices"":[{""id"":""fd1f3359-6e52-48ac-b711-674b0d4e1099"",""label"":""Hot"",""priceDelta"":0}],""groupId"":""72bc398e-a245-4b94-b598-446567c641b0"",""required"":true}]","READY"
"1a88eb71-e49b-4764-8fb3-516c9a7d6392","27b6457a-1550-4d3c-a325-152d2f075bd2","ee41b154-17a0-4f25-897c-0e34d0e9ca3b","1","0.000000000000000000000000000000",,"[{""type"":""single"",""title"":""Option"",""choices"":[{""id"":""a9c0ba9a-f944-4f5f-9c23-759a4d8930f5"",""label"":""No Sugar"",""priceDelta"":0}],""groupId"":""12b13edf-d25a-4abf-92d2-5d5b45515fb6"",""required"":true},{""type"":""single"",""title"":""Option"",""choices"":[{""id"":""7ea696b5-36dc-460e-905f-0dc05debdeb3"",""label"":""Cold"",""priceDelta"":0}],""groupId"":""f49b7c85-fcf0-43de-9f46-fdc52f0bd11a"",""required"":true}]","READY"
"1acc7a33-140d-4d37-96c2-ca556802f11f","92a48627-0f73-455c-9524-9755b0508774","fb8fe2c6-9c32-4bef-8fa1-43835afcc6c6","1","0.000000000000000000000000000000",,"[{""type"":""single"",""title"":""Sugar"",""choices"":[{""id"":""d9af3701-1417-4c4e-84c9-b819b0629cad"",""label"":""No Sugar"",""priceDelta"":0}],""groupId"":""f3365b84-e196-42f0-9fd6-3d8a1d8dde4c"",""required"":true},{""type"":""single"",""title"":""Choice"",""choices"":[{""id"":""7c6f786f-e742-41b2-9e67-48fa2fb1f7f2"",""label"":""Hot"",""priceDelta"":0}],""groupId"":""8090364a-6a50-4ff0-bcd6-d4f2ebb7dab3"",""required"":true}]","READY"
"1ad702cf-a072-4853-8b46-d57f11a1c920","fa8279d4-4b51-4ad9-ae23-3881350e1da0","fb8fe2c6-9c32-4bef-8fa1-43835afcc6c6","1","0.000000000000000000000000000000",,"[{""type"":""single"",""title"":""Sugar"",""choices"":[{""id"":""4fa5be53-3fb1-4f3d-a093-cf72abcb644d"",""label"":""Sugar"",""priceDelta"":0}],""groupId"":""f3365b84-e196-42f0-9fd6-3d8a1d8dde4c"",""required"":true},{""type"":""single"",""title"":""Choice"",""choices"":[{""id"":""7c6f786f-e742-41b2-9e67-48fa2fb1f7f2"",""label"":""Hot"",""priceDelta"":0}],""groupId"":""8090364a-6a50-4ff0-bcd6-d4f2ebb7dab3"",""required"":true}]","READY"
"1ad88461-d26f-40ed-a51a-77ea8b91fcc1","fcedb75d-09e6-43c7-b60b-8d56e5814023","fb8fe2c6-9c32-4bef-8fa1-43835afcc6c6","1","0.000000000000000000000000000000",,"[{""type"":""single"",""title"":""Sugar"",""choices"":[{""id"":""d9af3701-1417-4c4e-84c9-b819b0629cad"",""label"":""No Sugar"",""priceDelta"":0}],""groupId"":""f3365b84-e196-42f0-9fd6-3d8a1d8dde4c"",""required"":true},{""type"":""single"",""title"":""Choice"",""choices"":[{""id"":""c71b228e-1db4-4cbe-add8-682c2f2ff432"",""label"":""Cold"",""priceDelta"":0}],""groupId"":""8090364a-6a50-4ff0-bcd6-d4f2ebb7dab3"",""required"":true}]","READY"
"1aea1cd8-33e2-428b-83e5-66444f703214","8c189dda-50d2-4034-a467-e4ecd70eb574","ee41b154-17a0-4f25-897c-0e34d0e9ca3b","1","0.000000000000000000000000000000",,"[{""type"":""single"",""title"":""Option"",""choices"":[{""id"":""a9c0ba9a-f944-4f5f-9c23-759a4d8930f5"",""label"":""No Sugar"",""priceDelta"":0}],""groupId"":""12b13edf-d25a-4abf-92d2-5d5b45515fb6"",""required"":true},{""type"":""single"",""title"":""Option"",""choices"":[{""id"":""7ea696b5-36dc-460e-905f-0dc05debdeb3"",""label"":""Cold"",""priceDelta"":0}],""groupId"":""f49b7c85-fcf0-43de-9f46-fdc52f0bd11a"",""required"":true}]","READY"
"1b445e78-fca8-4602-9658-50c0c90e1f2b","e10ca498-2289-45d3-b58b-ac4ab8f9c832","ee41b154-17a0-4f25-897c-0e34d0e9ca3b","1","0.000000000000000000000000000000",,"[{""type"":""single"",""title"":""Option"",""choices"":[{""id"":""a9c0ba9a-f944-4f5f-9c23-759a4d8930f5"",""label"":""No Sugar"",""priceDelta"":0}],""groupId"":""12b13edf-d25a-4abf-92d2-5d5b45515fb6"",""required"":true},{""type"":""single"",""title"":""Option"",""choices"":[{""id"":""7ea696b5-36dc-460e-905f-0dc05debdeb3"",""label"":""Cold"",""priceDelta"":0}],""groupId"":""f49b7c85-fcf0-43de-9f46-fdc52f0bd11a"",""required"":true}]","READY"
"1c00259a-d417-4ac8-99ec-2b50084913aa","ef88f705-2e35-4271-9977-043df6c3011e","591f5a9e-5ae2-4612-a2fb-f42a2701ee97","1","0.000000000000000000000000000000",,"[{""type"":""single"",""title"":""Sugar"",""choices"":[{""id"":""f37891d4-906e-41fd-b016-39fca6854ee6"",""label"":""Sugar"",""priceDelta"":0}],""groupId"":""06a1f88e-2888-479f-8946-109b928ad90b"",""required"":true},{""type"":""single"",""title"":""Choice"",""choices"":[{""id"":""e59338ec-03fe-46fe-a057-6ac686c1c6e9"",""label"":""Cold"",""priceDelta"":0}],""groupId"":""34bfbb80-a978-4fb3-b5b9-ef83fdd3b936"",""required"":true}]","READY"
"1c9ef0d0-11a1-4dec-95bd-0daaa11b79df","20f4e549-bbfb-4006-aeea-1583be73df8b","fb8fe2c6-9c32-4bef-8fa1-43835afcc6c6","1","0.000000000000000000000000000000",,"[{""type"":""single"",""title"":""Sugar"",""choices"":[{""id"":""4fa5be53-3fb1-4f3d-a093-cf72abcb644d"",""label"":""Sugar"",""priceDelta"":0}],""groupId"":""f3365b84-e196-42f0-9fd6-3d8a1d8dde4c"",""required"":true},{""type"":""single"",""title"":""Choice"",""choices"":[{""id"":""c71b228e-1db4-4cbe-add8-682c2f2ff432"",""label"":""Cold"",""priceDelta"":0}],""groupId"":""8090364a-6a50-4ff0-bcd6-d4f2ebb7dab3"",""required"":true}]","READY"
"1ccbc7a5-4441-41c6-8bc1-1523a5083ce3","d7260b05-28ab-49cf-83ec-a70601e8b376","7e851c95-25d4-4e97-834f-0708d32e0ed7","1","0.000000000000000000000000000000",,"[{""type"":""single"",""title"":""Sugar"",""choices"":[{""id"":""44ea2716-b9e7-4743-8cf6-74a3ecd8383b"",""label"":""No Sugar"",""priceDelta"":0}],""groupId"":""e2881883-1aaf-4a54-9986-c33e9d120289"",""required"":true},{""type"":""single"",""title"":""Option"",""choices"":[{""id"":""fd1f3359-6e52-48ac-b711-674b0d4e1099"",""label"":""Hot"",""priceDelta"":0}],""groupId"":""72bc398e-a245-4b94-b598-446567c641b0"",""required"":true}]","READY"
"1cefce82-edef-449a-9916-27db2687191b","e3ca30f6-1a83-42cf-bdf5-7b67f2aa49de","591f5a9e-5ae2-4612-a2fb-f42a2701ee97","1","0.000000000000000000000000000000",,"[{""type"":""single"",""title"":""Sugar"",""choices"":[{""id"":""f37891d4-906e-41fd-b016-39fca6854ee6"",""label"":""Sugar"",""priceDelta"":0}],""groupId"":""06a1f88e-2888-479f-8946-109b928ad90b"",""required"":true},{""type"":""single"",""title"":""Choice"",""choices"":[{""id"":""e59338ec-03fe-46fe-a057-6ac686c1c6e9"",""label"":""Cold"",""priceDelta"":0}],""groupId"":""34bfbb80-a978-4fb3-b5b9-ef83fdd3b936"",""required"":true}]","READY"
"1d5dd8d1-7f92-449f-bc7d-5bd3bff325ba","72f673fc-ae70-4e6b-96f1-e10c84445896","fb8fe2c6-9c32-4bef-8fa1-43835afcc6c6","1","0.000000000000000000000000000000",,"[{""type"":""single"",""title"":""Sugar"",""choices"":[{""id"":""d9af3701-1417-4c4e-84c9-b819b0629cad"",""label"":""No Sugar"",""priceDelta"":0}],""groupId"":""f3365b84-e196-42f0-9fd6-3d8a1d8dde4c"",""required"":true},{""type"":""single"",""title"":""Choice"",""choices"":[{""id"":""c71b228e-1db4-4cbe-add8-682c2f2ff432"",""label"":""Cold"",""priceDelta"":0}],""groupId"":""8090364a-6a50-4ff0-bcd6-d4f2ebb7dab3"",""required"":true}]","READY"
"1d6e886e-ca65-4460-acfa-87d9c35022f9","afea85b7-0b1d-45f6-a4bf-f2dc35d6486f","fb8fe2c6-9c32-4bef-8fa1-43835afcc6c6","1","0.000000000000000000000000000000",,"[{""type"":""single"",""title"":""Sugar"",""choices"":[{""id"":""d9af3701-1417-4c4e-84c9-b819b0629cad"",""label"":""No Sugar"",""priceDelta"":0}],""groupId"":""f3365b84-e196-42f0-9fd6-3d8a1d8dde4c"",""required"":true},{""type"":""single"",""title"":""Choice"",""choices"":[{""id"":""7c6f786f-e742-41b2-9e67-48fa2fb1f7f2"",""label"":""Hot"",""priceDelta"":0}],""groupId"":""8090364a-6a50-4ff0-bcd6-d4f2ebb7dab3"",""required"":true}]","READY"
"1d82187b-9a8d-49d8-808e-482516e8c21f","fe8f742c-1df0-4007-bfed-19e54b8265cc","591f5a9e-5ae2-4612-a2fb-f42a2701ee97","1","0.000000000000000000000000000000",,"[{""type"":""single"",""title"":""Sugar"",""choices"":[{""id"":""f37891d4-906e-41fd-b016-39fca6854ee6"",""label"":""Sugar"",""priceDelta"":0}],""groupId"":""06a1f88e-2888-479f-8946-109b928ad90b"",""required"":true},{""type"":""single"",""title"":""Choice"",""choices"":[{""id"":""e59338ec-03fe-46fe-a057-6ac686c1c6e9"",""label"":""Cold"",""priceDelta"":0}],""groupId"":""34bfbb80-a978-4fb3-b5b9-ef83fdd3b936"",""required"":true}]","READY"
"1d9790e3-860b-4573-9897-7ad80f965355","5852f30c-17b7-4a5f-949c-9f50e86db333","fb8fe2c6-9c32-4bef-8fa1-43835afcc6c6","1","0.000000000000000000000000000000",,"[{""type"":""single"",""title"":""Sugar"",""choices"":[{""id"":""4fa5be53-3fb1-4f3d-a093-cf72abcb644d"",""label"":""Sugar"",""priceDelta"":0}],""groupId"":""f3365b84-e196-42f0-9fd6-3d8a1d8dde4c"",""required"":true},{""type"":""single"",""title"":""Choice"",""choices"":[{""id"":""c71b228e-1db4-4cbe-add8-682c2f2ff432"",""label"":""Cold"",""priceDelta"":0}],""groupId"":""8090364a-6a50-4ff0-bcd6-d4f2ebb7dab3"",""required"":true}]","READY"
"1dcfd176-e9f0-4f51-b2dc-0987cd83825d","2ac9ac73-4771-45fb-b7e0-4f24836e8ec9","ee41b154-17a0-4f25-897c-0e34d0e9ca3b","1","0.000000000000000000000000000000",,"[{""type"":""single"",""title"":""Option"",""choices"":[{""id"":""a8530576-5d1c-4996-911a-b62cd0a6daf2"",""label"":""Sugar"",""priceDelta"":0}],""groupId"":""12b13edf-d25a-4abf-92d2-5d5b45515fb6"",""required"":true},{""type"":""single"",""title"":""Option"",""choices"":[{""id"":""7ea696b5-36dc-460e-905f-0dc05debdeb3"",""label"":""Cold"",""priceDelta"":0}],""groupId"":""f49b7c85-fcf0-43de-9f46-fdc52f0bd11a"",""required"":true}]","READY"
"1df1df84-066d-435d-a41c-11bddd3fdcb1","9e6faf61-7bbc-44f1-a285-f6cc51506bc8","fb8fe2c6-9c32-4bef-8fa1-43835afcc6c6","2","0.000000000000000000000000000000",,"[{""type"":""single"",""title"":""Sugar"",""choices"":[{""id"":""d9af3701-1417-4c4e-84c9-b819b0629cad"",""label"":""No Sugar"",""priceDelta"":0}],""groupId"":""f3365b84-e196-42f0-9fd6-3d8a1d8dde4c"",""required"":true},{""type"":""single"",""title"":""Choice"",""choices"":[{""id"":""c71b228e-1db4-4cbe-add8-682c2f2ff432"",""label"":""Cold"",""priceDelta"":0}],""groupId"":""8090364a-6a50-4ff0-bcd6-d4f2ebb7dab3"",""required"":true}]","READY"
"1eb7d220-6e6a-4521-988b-f539dcc78030","dacb8f3f-8731-4300-97db-ed68d810e9cd","ee41b154-17a0-4f25-897c-0e34d0e9ca3b","1","0.000000000000000000000000000000",,"[{""type"":""single"",""title"":""Option"",""choices"":[{""id"":""a8530576-5d1c-4996-911a-b62cd0a6daf2"",""label"":""Sugar"",""priceDelta"":0}],""groupId"":""12b13edf-d25a-4abf-92d2-5d5b45515fb6"",""required"":true},{""type"":""single"",""title"":""Option"",""choices"":[{""id"":""7ea696b5-36dc-460e-905f-0dc05debdeb3"",""label"":""Cold"",""priceDelta"":0}],""groupId"":""f49b7c85-fcf0-43de-9f46-fdc52f0bd11a"",""required"":true}]","READY"
"1f01b85f-bc44-4ff0-aaf1-158fc2ef2563","e028709b-a8ef-47c7-8011-419105953e1d","fb8fe2c6-9c32-4bef-8fa1-43835afcc6c6","1","0.000000000000000000000000000000",,"[{""type"":""single"",""title"":""Sugar"",""choices"":[{""id"":""d9af3701-1417-4c4e-84c9-b819b0629cad"",""label"":""No Sugar"",""priceDelta"":0}],""groupId"":""f3365b84-e196-42f0-9fd6-3d8a1d8dde4c"",""required"":true},{""type"":""single"",""title"":""Choice"",""choices"":[{""id"":""c71b228e-1db4-4cbe-add8-682c2f2ff432"",""label"":""Cold"",""priceDelta"":0}],""groupId"":""8090364a-6a50-4ff0-bcd6-d4f2ebb7dab3"",""required"":true}]","READY"
"1f01e519-4e43-47d3-b47c-f8a069478a81","f9b7cbff-c713-4964-8f4a-d8097e48bd92","ee41b154-17a0-4f25-897c-0e34d0e9ca3b","1","0.000000000000000000000000000000",,"[{""type"":""single"",""title"":""Option"",""choices"":[{""id"":""a8530576-5d1c-4996-911a-b62cd0a6daf2"",""label"":""Sugar"",""priceDelta"":0}],""groupId"":""12b13edf-d25a-4abf-92d2-5d5b45515fb6"",""required"":true},{""type"":""single"",""title"":""Option"",""choices"":[{""id"":""7ea696b5-36dc-460e-905f-0dc05debdeb3"",""label"":""Cold"",""priceDelta"":0}],""groupId"":""f49b7c85-fcf0-43de-9f46-fdc52f0bd11a"",""required"":true}]","READY"
"1f580beb-cb15-4f0e-92c1-729b268ae91f","56c9bb24-0663-4850-be86-6b5614f9241c","ee41b154-17a0-4f25-897c-0e34d0e9ca3b","1","0.000000000000000000000000000000",,"[{""type"":""single"",""title"":""Option"",""choices"":[{""id"":""a8530576-5d1c-4996-911a-b62cd0a6daf2"",""label"":""Sugar"",""priceDelta"":0}],""groupId"":""12b13edf-d25a-4abf-92d2-5d5b45515fb6"",""required"":true},{""type"":""single"",""title"":""Option"",""choices"":[{""id"":""7ea696b5-36dc-460e-905f-0dc05debdeb3"",""label"":""Cold"",""priceDelta"":0}],""groupId"":""f49b7c85-fcf0-43de-9f46-fdc52f0bd11a"",""required"":true}]","READY"
"1f71876c-5425-48db-b515-494b10b04fda","58c5c229-657b-4768-b544-fbea60472917","fb8fe2c6-9c32-4bef-8fa1-43835afcc6c6","1","0.000000000000000000000000000000",,"[{""type"":""single"",""title"":""Sugar"",""choices"":[{""id"":""4fa5be53-3fb1-4f3d-a093-cf72abcb644d"",""label"":""Sugar"",""priceDelta"":0}],""groupId"":""f3365b84-e196-42f0-9fd6-3d8a1d8dde4c"",""required"":true},{""type"":""single"",""title"":""Choice"",""choices"":[{""id"":""c71b228e-1db4-4cbe-add8-682c2f2ff432"",""label"":""Cold"",""priceDelta"":0}],""groupId"":""8090364a-6a50-4ff0-bcd6-d4f2ebb7dab3"",""required"":true}]","READY"
"1f8fb9af-c0c3-4819-91a6-a8107181b929","02dea5cb-b98a-4369-97e4-f801b2af0484","591f5a9e-5ae2-4612-a2fb-f42a2701ee97","1","0.000000000000000000000000000000",,"[{""type"":""single"",""title"":""Sugar"",""choices"":[{""id"":""f37891d4-906e-41fd-b016-39fca6854ee6"",""label"":""Sugar"",""priceDelta"":0}],""groupId"":""06a1f88e-2888-479f-8946-109b928ad90b"",""required"":true},{""type"":""single"",""title"":""Choice"",""choices"":[{""id"":""e59338ec-03fe-46fe-a057-6ac686c1c6e9"",""label"":""Cold"",""priceDelta"":0}],""groupId"":""34bfbb80-a978-4fb3-b5b9-ef83fdd3b936"",""required"":true}]","READY"
"1fa9104c-69b2-4919-964e-d18e5a56c023","0a6fa7e9-6c0a-4ee2-b276-0891785eb680","bfafbe37-d3a8-4f50-9186-f70a99acb47e","1","0.000000000000000000000000000000",,"[]","READY"
"1fc9e685-0e6e-423b-9ad6-5eaa15ae563a","81bbbbc8-55ee-4030-8f6c-1a2a5f10d2f3","591f5a9e-5ae2-4612-a2fb-f42a2701ee97","1","0.000000000000000000000000000000",,"[{""type"":""single"",""title"":""Sugar"",""choices"":[{""id"":""f37891d4-906e-41fd-b016-39fca6854ee6"",""label"":""Sugar"",""priceDelta"":0}],""groupId"":""06a1f88e-2888-479f-8946-109b928ad90b"",""required"":true},{""type"":""single"",""title"":""Choice"",""choices"":[{""id"":""e59338ec-03fe-46fe-a057-6ac686c1c6e9"",""label"":""Cold"",""priceDelta"":0}],""groupId"":""34bfbb80-a978-4fb3-b5b9-ef83fdd3b936"",""required"":true}]","READY"
"20a9ffd4-96f6-4f7e-ab85-f619e53a2b9c","ddf9b1a8-2c41-4a88-afea-9fc726da2168","591f5a9e-5ae2-4612-a2fb-f42a2701ee97","1","0.000000000000000000000000000000",,"[{""type"":""single"",""title"":""Sugar"",""choices"":[{""id"":""f37891d4-906e-41fd-b016-39fca6854ee6"",""label"":""Sugar"",""priceDelta"":0}],""groupId"":""06a1f88e-2888-479f-8946-109b928ad90b"",""required"":true},{""type"":""single"",""title"":""Choice"",""choices"":[{""id"":""e59338ec-03fe-46fe-a057-6ac686c1c6e9"",""label"":""Cold"",""priceDelta"":0}],""groupId"":""34bfbb80-a978-4fb3-b5b9-ef83fdd3b936"",""required"":true}]","READY"
"20f89c7a-5fa8-47cb-94b2-29ea0295c9e4","ed143cf9-e97f-4bce-bc20-860d52431559","ee41b154-17a0-4f25-897c-0e34d0e9ca3b","1","0.000000000000000000000000000000",,"[{""type"":""single"",""title"":""Option"",""choices"":[{""id"":""a8530576-5d1c-4996-911a-b62cd0a6daf2"",""label"":""Sugar"",""priceDelta"":0}],""groupId"":""12b13edf-d25a-4abf-92d2-5d5b45515fb6"",""required"":true},{""type"":""single"",""title"":""Option"",""choices"":[{""id"":""7ea696b5-36dc-460e-905f-0dc05debdeb3"",""label"":""Cold"",""priceDelta"":0}],""groupId"":""f49b7c85-fcf0-43de-9f46-fdc52f0bd11a"",""required"":true}]","READY"
"21235dd8-ae0c-4da9-bcfe-5adc685df948","c75d5574-7c3c-4307-9ff8-3a2f43baf454","fb8fe2c6-9c32-4bef-8fa1-43835afcc6c6","1","0.000000000000000000000000000000",,"[{""type"":""single"",""title"":""Sugar"",""choices"":[{""id"":""4fa5be53-3fb1-4f3d-a093-cf72abcb644d"",""label"":""Sugar"",""priceDelta"":0}],""groupId"":""f3365b84-e196-42f0-9fd6-3d8a1d8dde4c"",""required"":true},{""type"":""single"",""title"":""Choice"",""choices"":[{""id"":""7c6f786f-e742-41b2-9e67-48fa2fb1f7f2"",""label"":""Hot"",""priceDelta"":0}],""groupId"":""8090364a-6a50-4ff0-bcd6-d4f2ebb7dab3"",""required"":true}]","READY"
"215cf01a-1121-4e0e-bd77-997bcd1b9fc3","1a6784b8-d124-4497-9b9c-0a353b09f84f","ee41b154-17a0-4f25-897c-0e34d0e9ca3b","1","0.000000000000000000000000000000",,"[{""type"":""single"",""title"":""Option"",""choices"":[{""id"":""a8530576-5d1c-4996-911a-b62cd0a6daf2"",""label"":""Sugar"",""priceDelta"":0}],""groupId"":""12b13edf-d25a-4abf-92d2-5d5b45515fb6"",""required"":true},{""type"":""single"",""title"":""Option"",""choices"":[{""id"":""7ea696b5-36dc-460e-905f-0dc05debdeb3"",""label"":""Cold"",""priceDelta"":0}],""groupId"":""f49b7c85-fcf0-43de-9f46-fdc52f0bd11a"",""required"":true}]","READY"
"221f31a9-785d-4638-a5a8-f5b20c102b8f","a1d161b9-6595-477e-8e91-6800c0c55321","ee41b154-17a0-4f25-897c-0e34d0e9ca3b","1","0.000000000000000000000000000000",,"[{""type"":""single"",""title"":""Option"",""choices"":[{""id"":""a9c0ba9a-f944-4f5f-9c23-759a4d8930f5"",""label"":""No Sugar"",""priceDelta"":0}],""groupId"":""12b13edf-d25a-4abf-92d2-5d5b45515fb6"",""required"":true},{""type"":""single"",""title"":""Option"",""choices"":[{""id"":""7ea696b5-36dc-460e-905f-0dc05debdeb3"",""label"":""Cold"",""priceDelta"":0}],""groupId"":""f49b7c85-fcf0-43de-9f46-fdc52f0bd11a"",""required"":true}]","READY"
"22512d0e-cef9-4579-ae0b-1c4b5c4c18fa","44b4f6f1-c8b3-4cc2-b34f-bb989863d93e","ee41b154-17a0-4f25-897c-0e34d0e9ca3b","1","0.000000000000000000000000000000",,"[{""type"":""single"",""title"":""Option"",""choices"":[{""id"":""a9c0ba9a-f944-4f5f-9c23-759a4d8930f5"",""label"":""No Sugar"",""priceDelta"":0}],""groupId"":""12b13edf-d25a-4abf-92d2-5d5b45515fb6"",""required"":true},{""type"":""single"",""title"":""Option"",""choices"":[{""id"":""7ea696b5-36dc-460e-905f-0dc05debdeb3"",""label"":""Cold"",""priceDelta"":0}],""groupId"":""f49b7c85-fcf0-43de-9f46-fdc52f0bd11a"",""required"":true}]","READY"
"23770232-c7b2-46d3-8c9a-296c2f1a2f4e","93798c4b-6960-49eb-b9f3-af86d9c91844","591f5a9e-5ae2-4612-a2fb-f42a2701ee97","1","0.000000000000000000000000000000",,"[{""type"":""single"",""title"":""Sugar"",""choices"":[{""id"":""f37891d4-906e-41fd-b016-39fca6854ee6"",""label"":""Sugar"",""priceDelta"":0}],""groupId"":""06a1f88e-2888-479f-8946-109b928ad90b"",""required"":true},{""type"":""single"",""title"":""Choice"",""choices"":[{""id"":""74279e17-917e-4369-9d70-b782add81b27"",""label"":""Hot"",""priceDelta"":0}],""groupId"":""34bfbb80-a978-4fb3-b5b9-ef83fdd3b936"",""required"":true}]","READY"
"2399a495-aaf4-4f16-afb8-abffb023aac6","11471829-4260-4d4e-b91d-5e5940d94322","ee41b154-17a0-4f25-897c-0e34d0e9ca3b","1","0.000000000000000000000000000000",,"[{""type"":""single"",""title"":""Option"",""choices"":[{""id"":""a8530576-5d1c-4996-911a-b62cd0a6daf2"",""label"":""Sugar"",""priceDelta"":0}],""groupId"":""12b13edf-d25a-4abf-92d2-5d5b45515fb6"",""required"":true},{""type"":""single"",""title"":""Option"",""choices"":[{""id"":""7ea696b5-36dc-460e-905f-0dc05debdeb3"",""label"":""Cold"",""priceDelta"":0}],""groupId"":""f49b7c85-fcf0-43de-9f46-fdc52f0bd11a"",""required"":true}]","READY"
"23ef4fae-746c-4b6f-9408-62f00005e858","57b7f304-ff41-48b8-a6b4-d0ac531de7ca","fb8fe2c6-9c32-4bef-8fa1-43835afcc6c6","1","0.000000000000000000000000000000",,"[{""type"":""single"",""title"":""Sugar"",""choices"":[{""id"":""4fa5be53-3fb1-4f3d-a093-cf72abcb644d"",""label"":""Sugar"",""priceDelta"":0}],""groupId"":""f3365b84-e196-42f0-9fd6-3d8a1d8dde4c"",""required"":true},{""type"":""single"",""title"":""Choice"",""choices"":[{""id"":""c71b228e-1db4-4cbe-add8-682c2f2ff432"",""label"":""Cold"",""priceDelta"":0}],""groupId"":""8090364a-6a50-4ff0-bcd6-d4f2ebb7dab3"",""required"":true}]","READY"
"240d0824-d32c-473e-b295-d089b5c4c42d","71da4278-5f21-41e2-8009-0a523f438521","ee41b154-17a0-4f25-897c-0e34d0e9ca3b","1","0.000000000000000000000000000000",,"[{""type"":""single"",""title"":""Option"",""choices"":[{""id"":""a8530576-5d1c-4996-911a-b62cd0a6daf2"",""label"":""Sugar"",""priceDelta"":0}],""groupId"":""12b13edf-d25a-4abf-92d2-5d5b45515fb6"",""required"":true},{""type"":""single"",""title"":""Option"",""choices"":[{""id"":""7ea696b5-36dc-460e-905f-0dc05debdeb3"",""label"":""Cold"",""priceDelta"":0}],""groupId"":""f49b7c85-fcf0-43de-9f46-fdc52f0bd11a"",""required"":true}]","READY"
"24248091-6b35-4a51-b6d7-cc3b0d14f920","8234411c-cca1-4d68-82aa-eff2343ddf7e","ee41b154-17a0-4f25-897c-0e34d0e9ca3b","1","0.000000000000000000000000000000",,"[{""type"":""single"",""title"":""Option"",""choices"":[{""id"":""a8530576-5d1c-4996-911a-b62cd0a6daf2"",""label"":""Sugar"",""priceDelta"":0}],""groupId"":""12b13edf-d25a-4abf-92d2-5d5b45515fb6"",""required"":true},{""type"":""single"",""title"":""Option"",""choices"":[{""id"":""0ec24708-bfd6-4c1f-8d5e-a86d9cef2e64"",""label"":""Hot"",""priceDelta"":0}],""groupId"":""f49b7c85-fcf0-43de-9f46-fdc52f0bd11a"",""required"":true}]","READY"
"242616f8-f78d-4ffc-88c2-4f79d5618cf1","7e868e02-2942-467a-b155-4f68a7afd5aa","fb8fe2c6-9c32-4bef-8fa1-43835afcc6c6","1","0.000000000000000000000000000000",,"[{""type"":""single"",""title"":""Sugar"",""choices"":[{""id"":""4fa5be53-3fb1-4f3d-a093-cf72abcb644d"",""label"":""Sugar"",""priceDelta"":0}],""groupId"":""f3365b84-e196-42f0-9fd6-3d8a1d8dde4c"",""required"":true},{""type"":""single"",""title"":""Choice"",""choices"":[{""id"":""c71b228e-1db4-4cbe-add8-682c2f2ff432"",""label"":""Cold"",""priceDelta"":0}],""groupId"":""8090364a-6a50-4ff0-bcd6-d4f2ebb7dab3"",""required"":true}]","READY"
"24344171-9c51-4fdc-a8ee-30b91325a93f","7e33b48d-e19d-4b8a-aee0-644cb47f46c6","ee41b154-17a0-4f25-897c-0e34d0e9ca3b","1","0.000000000000000000000000000000",,"[{""type"":""single"",""title"":""Option"",""choices"":[{""id"":""a8530576-5d1c-4996-911a-b62cd0a6daf2"",""label"":""Sugar"",""priceDelta"":0}],""groupId"":""12b13edf-d25a-4abf-92d2-5d5b45515fb6"",""required"":true},{""type"":""single"",""title"":""Option"",""choices"":[{""id"":""7ea696b5-36dc-460e-905f-0dc05debdeb3"",""label"":""Cold"",""priceDelta"":0}],""groupId"":""f49b7c85-fcf0-43de-9f46-fdc52f0bd11a"",""required"":true}]","READY"
"2504dbdb-065c-42ed-86da-a743002cb2cb","61242bcd-32c2-4631-803a-3caebf51d454","ee41b154-17a0-4f25-897c-0e34d0e9ca3b","1","0.000000000000000000000000000000",,"[{""type"":""single"",""title"":""Option"",""choices"":[{""id"":""a9c0ba9a-f944-4f5f-9c23-759a4d8930f5"",""label"":""No Sugar"",""priceDelta"":0}],""groupId"":""12b13edf-d25a-4abf-92d2-5d5b45515fb6"",""required"":true},{""type"":""single"",""title"":""Option"",""choices"":[{""id"":""0ec24708-bfd6-4c1f-8d5e-a86d9cef2e64"",""label"":""Hot"",""priceDelta"":0}],""groupId"":""f49b7c85-fcf0-43de-9f46-fdc52f0bd11a"",""required"":true}]","READY"
"26259cf6-b071-48b3-899d-d1727b717cd3","5a3f9a40-0066-4e91-aeee-8945668d3206","fb8fe2c6-9c32-4bef-8fa1-43835afcc6c6","1","0.000000000000000000000000000000",,"[{""type"":""single"",""title"":""Sugar"",""choices"":[{""id"":""d9af3701-1417-4c4e-84c9-b819b0629cad"",""label"":""No Sugar"",""priceDelta"":0}],""groupId"":""f3365b84-e196-42f0-9fd6-3d8a1d8dde4c"",""required"":true},{""type"":""single"",""title"":""Choice"",""choices"":[{""id"":""7c6f786f-e742-41b2-9e67-48fa2fb1f7f2"",""label"":""Hot"",""priceDelta"":0}],""groupId"":""8090364a-6a50-4ff0-bcd6-d4f2ebb7dab3"",""required"":true}]","READY"
"2785dd21-3939-40de-ae62-c5b0286b4c20","369f6247-d015-45ca-ba3d-da8feed1ab6a","7e851c95-25d4-4e97-834f-0708d32e0ed7","1","0.000000000000000000000000000000",,"[{""type"":""single"",""title"":""Sugar"",""choices"":[{""id"":""a8481a49-b627-4dd7-9f95-37e94c909d62"",""label"":""Sugar"",""priceDelta"":0}],""groupId"":""e2881883-1aaf-4a54-9986-c33e9d120289"",""required"":true},{""type"":""single"",""title"":""Option"",""choices"":[{""id"":""fd1f3359-6e52-48ac-b711-674b0d4e1099"",""label"":""Hot"",""priceDelta"":0}],""groupId"":""72bc398e-a245-4b94-b598-446567c641b0"",""required"":true}]","READY"
"27b9ad37-041b-4a65-98a1-57952b69916f","c7e3d12d-4780-4b6f-8023-e866d74d3013","ee41b154-17a0-4f25-897c-0e34d0e9ca3b","1","0.000000000000000000000000000000",,"[{""type"":""single"",""title"":""Option"",""choices"":[{""id"":""a9c0ba9a-f944-4f5f-9c23-759a4d8930f5"",""label"":""No Sugar"",""priceDelta"":0}],""groupId"":""12b13edf-d25a-4abf-92d2-5d5b45515fb6"",""required"":true},{""type"":""single"",""title"":""Option"",""choices"":[{""id"":""0ec24708-bfd6-4c1f-8d5e-a86d9cef2e64"",""label"":""Hot"",""priceDelta"":0}],""groupId"":""f49b7c85-fcf0-43de-9f46-fdc52f0bd11a"",""required"":true}]","READY"
"27c343eb-4e94-4533-88c6-f3615d91b6c7","96bbe753-d866-4b8a-bdd5-1070814df880","591f5a9e-5ae2-4612-a2fb-f42a2701ee97","1","0.000000000000000000000000000000",,"[{""type"":""single"",""title"":""Sugar"",""choices"":[{""id"":""f37891d4-906e-41fd-b016-39fca6854ee6"",""label"":""Sugar"",""priceDelta"":0}],""groupId"":""06a1f88e-2888-479f-8946-109b928ad90b"",""required"":true},{""type"":""single"",""title"":""Choice"",""choices"":[{""id"":""e59338ec-03fe-46fe-a057-6ac686c1c6e9"",""label"":""Cold"",""priceDelta"":0}],""groupId"":""34bfbb80-a978-4fb3-b5b9-ef83fdd3b936"",""required"":true}]","READY"
"2838ccfa-d994-4283-b5e7-bd9cd52e7fdd","5de7b1c0-af55-410b-9785-2aa7e1331bed","ee41b154-17a0-4f25-897c-0e34d0e9ca3b","1","0.000000000000000000000000000000",,"[{""type"":""single"",""title"":""Option"",""choices"":[{""id"":""a9c0ba9a-f944-4f5f-9c23-759a4d8930f5"",""label"":""No Sugar"",""priceDelta"":0}],""groupId"":""12b13edf-d25a-4abf-92d2-5d5b45515fb6"",""required"":true},{""type"":""single"",""title"":""Option"",""choices"":[{""id"":""7ea696b5-36dc-460e-905f-0dc05debdeb3"",""label"":""Cold"",""priceDelta"":0}],""groupId"":""f49b7c85-fcf0-43de-9f46-fdc52f0bd11a"",""required"":true}]","READY"
"290d267e-719d-437e-a4b0-5b0c3459543c","c9dd83a2-6dbe-43d9-8a46-28b36e566b08","591f5a9e-5ae2-4612-a2fb-f42a2701ee97","1","0.000000000000000000000000000000",,"[{""type"":""single"",""title"":""Sugar"",""choices"":[{""id"":""f37891d4-906e-41fd-b016-39fca6854ee6"",""label"":""Sugar"",""priceDelta"":0}],""groupId"":""06a1f88e-2888-479f-8946-109b928ad90b"",""required"":true},{""type"":""single"",""title"":""Choice"",""choices"":[{""id"":""e59338ec-03fe-46fe-a057-6ac686c1c6e9"",""label"":""Cold"",""priceDelta"":0}],""groupId"":""34bfbb80-a978-4fb3-b5b9-ef83fdd3b936"",""required"":true}]","READY"
"29377612-37ab-42b2-a572-b480f6d1eaf5","d38edbea-37a4-448d-a672-7d39943bf4e6","ee41b154-17a0-4f25-897c-0e34d0e9ca3b","1","0.000000000000000000000000000000",,"[{""type"":""single"",""title"":""Option"",""choices"":[{""id"":""a8530576-5d1c-4996-911a-b62cd0a6daf2"",""label"":""Sugar"",""priceDelta"":0}],""groupId"":""12b13edf-d25a-4abf-92d2-5d5b45515fb6"",""required"":true},{""type"":""single"",""title"":""Option"",""choices"":[{""id"":""7ea696b5-36dc-460e-905f-0dc05debdeb3"",""label"":""Cold"",""priceDelta"":0}],""groupId"":""f49b7c85-fcf0-43de-9f46-fdc52f0bd11a"",""required"":true}]","READY"
"2958346f-abd2-4c99-998d-a9b099d5a6bf","2d8b99ee-d14b-4bb4-95ce-ce3694265acb","7e851c95-25d4-4e97-834f-0708d32e0ed7","1","0.000000000000000000000000000000",,"[{""type"":""single"",""title"":""Sugar"",""choices"":[{""id"":""44ea2716-b9e7-4743-8cf6-74a3ecd8383b"",""label"":""No Sugar"",""priceDelta"":0}],""groupId"":""e2881883-1aaf-4a54-9986-c33e9d120289"",""required"":true},{""type"":""single"",""title"":""Option"",""choices"":[{""id"":""fd1f3359-6e52-48ac-b711-674b0d4e1099"",""label"":""Hot"",""priceDelta"":0}],""groupId"":""72bc398e-a245-4b94-b598-446567c641b0"",""required"":true}]","READY"
"297ebb9d-b8a8-4750-b209-084bcff9f0ee","38219795-cd01-491b-a95e-603d5de1e32c","ee41b154-17a0-4f25-897c-0e34d0e9ca3b","1","0.000000000000000000000000000000",,"[{""type"":""single"",""title"":""Option"",""choices"":[{""id"":""a8530576-5d1c-4996-911a-b62cd0a6daf2"",""label"":""Sugar"",""priceDelta"":0}],""groupId"":""12b13edf-d25a-4abf-92d2-5d5b45515fb6"",""required"":true},{""type"":""single"",""title"":""Option"",""choices"":[{""id"":""0ec24708-bfd6-4c1f-8d5e-a86d9cef2e64"",""label"":""Hot"",""priceDelta"":0}],""groupId"":""f49b7c85-fcf0-43de-9f46-fdc52f0bd11a"",""required"":true}]","READY"
"29c87b7d-2110-4924-8b2a-f6b7b2d9156e","e4301a6a-b0b6-4456-90ca-b21072239626","ee41b154-17a0-4f25-897c-0e34d0e9ca3b","1","0.000000000000000000000000000000",,"[{""type"":""single"",""title"":""Option"",""choices"":[{""id"":""a9c0ba9a-f944-4f5f-9c23-759a4d8930f5"",""label"":""No Sugar"",""priceDelta"":0}],""groupId"":""12b13edf-d25a-4abf-92d2-5d5b45515fb6"",""required"":true},{""type"":""single"",""title"":""Option"",""choices"":[{""id"":""7ea696b5-36dc-460e-905f-0dc05debdeb3"",""label"":""Cold"",""priceDelta"":0}],""groupId"":""f49b7c85-fcf0-43de-9f46-fdc52f0bd11a"",""required"":true}]","READY"
"29d621b6-869f-47d7-8851-4a69fc25e127","6811b922-9e4e-434d-94a3-db41b2d27d60","591f5a9e-5ae2-4612-a2fb-f42a2701ee97","1","0.000000000000000000000000000000",,"[{""type"":""single"",""title"":""Sugar"",""choices"":[{""id"":""f37891d4-906e-41fd-b016-39fca6854ee6"",""label"":""Sugar"",""priceDelta"":0}],""groupId"":""06a1f88e-2888-479f-8946-109b928ad90b"",""required"":true},{""type"":""single"",""title"":""Choice"",""choices"":[{""id"":""74279e17-917e-4369-9d70-b782add81b27"",""label"":""Hot"",""priceDelta"":0}],""groupId"":""34bfbb80-a978-4fb3-b5b9-ef83fdd3b936"",""required"":true}]","READY"
"2a73fdef-6d06-4611-9f29-80bec5a273ae","23527bb1-bbe1-4010-9920-d0589c0ac524","fb8fe2c6-9c32-4bef-8fa1-43835afcc6c6","1","0.000000000000000000000000000000",,"[{""type"":""single"",""title"":""Sugar"",""choices"":[{""id"":""4fa5be53-3fb1-4f3d-a093-cf72abcb644d"",""label"":""Sugar"",""priceDelta"":0}],""groupId"":""f3365b84-e196-42f0-9fd6-3d8a1d8dde4c"",""required"":true},{""type"":""single"",""title"":""Choice"",""choices"":[{""id"":""c71b228e-1db4-4cbe-add8-682c2f2ff432"",""label"":""Cold"",""priceDelta"":0}],""groupId"":""8090364a-6a50-4ff0-bcd6-d4f2ebb7dab3"",""required"":true}]","READY"
"2b50da3b-72c0-4404-a44f-462e51f43751","b6b805db-684c-4d18-b6f7-73cd6e86af48","fb8fe2c6-9c32-4bef-8fa1-43835afcc6c6","1","0.000000000000000000000000000000",,"[{""type"":""single"",""title"":""Sugar"",""choices"":[{""id"":""d9af3701-1417-4c4e-84c9-b819b0629cad"",""label"":""No Sugar"",""priceDelta"":0}],""groupId"":""f3365b84-e196-42f0-9fd6-3d8a1d8dde4c"",""required"":true},{""type"":""single"",""title"":""Choice"",""choices"":[{""id"":""7c6f786f-e742-41b2-9e67-48fa2fb1f7f2"",""label"":""Hot"",""priceDelta"":0}],""groupId"":""8090364a-6a50-4ff0-bcd6-d4f2ebb7dab3"",""required"":true}]","READY"
"2be62b12-b526-44b7-8bcc-61c4bc1f0df0","b391152b-2c7d-4bbb-b4d3-08dde2837efa","fb8fe2c6-9c32-4bef-8fa1-43835afcc6c6","1","0.000000000000000000000000000000",,"[{""type"":""single"",""title"":""Sugar"",""choices"":[{""id"":""d9af3701-1417-4c4e-84c9-b819b0629cad"",""label"":""No Sugar"",""priceDelta"":0}],""groupId"":""f3365b84-e196-42f0-9fd6-3d8a1d8dde4c"",""required"":true},{""type"":""single"",""title"":""Choice"",""choices"":[{""id"":""c71b228e-1db4-4cbe-add8-682c2f2ff432"",""label"":""Cold"",""priceDelta"":0}],""groupId"":""8090364a-6a50-4ff0-bcd6-d4f2ebb7dab3"",""required"":true}]","READY"
"2c88a425-e980-48e5-b7bb-51ce9da28044","4d25d566-8379-4772-83b3-ad078f5820ae","fb8fe2c6-9c32-4bef-8fa1-43835afcc6c6","1","0.000000000000000000000000000000",,"[{""type"":""single"",""title"":""Sugar"",""choices"":[{""id"":""4fa5be53-3fb1-4f3d-a093-cf72abcb644d"",""label"":""Sugar"",""priceDelta"":0}],""groupId"":""f3365b84-e196-42f0-9fd6-3d8a1d8dde4c"",""required"":true},{""type"":""single"",""title"":""Choice"",""choices"":[{""id"":""c71b228e-1db4-4cbe-add8-682c2f2ff432"",""label"":""Cold"",""priceDelta"":0}],""groupId"":""8090364a-6a50-4ff0-bcd6-d4f2ebb7dab3"",""required"":true}]","READY"
"2de3e16b-80e4-430b-8826-1b1480e282b2","097603be-cb18-43b5-8be1-00df40d8e3f6","591f5a9e-5ae2-4612-a2fb-f42a2701ee97","1","0.000000000000000000000000000000",,"[{""type"":""single"",""title"":""Sugar"",""choices"":[{""id"":""f37891d4-906e-41fd-b016-39fca6854ee6"",""label"":""Sugar"",""priceDelta"":0}],""groupId"":""06a1f88e-2888-479f-8946-109b928ad90b"",""required"":true},{""type"":""single"",""title"":""Choice"",""choices"":[{""id"":""e59338ec-03fe-46fe-a057-6ac686c1c6e9"",""label"":""Cold"",""priceDelta"":0}],""groupId"":""34bfbb80-a978-4fb3-b5b9-ef83fdd3b936"",""required"":true}]","READY"
"2e12cf54-bfc8-4825-90e5-55533b08d314","387ae965-fd00-4532-9ba0-047887d29377","ee41b154-17a0-4f25-897c-0e34d0e9ca3b","1","0.000000000000000000000000000000",,"[{""type"":""single"",""title"":""Option"",""choices"":[{""id"":""a9c0ba9a-f944-4f5f-9c23-759a4d8930f5"",""label"":""No Sugar"",""priceDelta"":0}],""groupId"":""12b13edf-d25a-4abf-92d2-5d5b45515fb6"",""required"":true},{""type"":""single"",""title"":""Option"",""choices"":[{""id"":""0ec24708-bfd6-4c1f-8d5e-a86d9cef2e64"",""label"":""Hot"",""priceDelta"":0}],""groupId"":""f49b7c85-fcf0-43de-9f46-fdc52f0bd11a"",""required"":true}]","READY"
"2eda13a6-387b-407b-9425-873510234b88","02607f3d-eb10-4e60-95a9-8a36b74a8348","591f5a9e-5ae2-4612-a2fb-f42a2701ee97","1","0.000000000000000000000000000000",,"[{""type"":""single"",""title"":""Sugar"",""choices"":[{""id"":""f37891d4-906e-41fd-b016-39fca6854ee6"",""label"":""Sugar"",""priceDelta"":0}],""groupId"":""06a1f88e-2888-479f-8946-109b928ad90b"",""required"":true},{""type"":""single"",""title"":""Choice"",""choices"":[{""id"":""e59338ec-03fe-46fe-a057-6ac686c1c6e9"",""label"":""Cold"",""priceDelta"":0}],""groupId"":""34bfbb80-a978-4fb3-b5b9-ef83fdd3b936"",""required"":true}]","READY"
"2f5dbc11-a734-4bd8-8269-3f7799379f0c","3ef1c401-bc43-4284-a31b-7a0d104f5369","fb8fe2c6-9c32-4bef-8fa1-43835afcc6c6","1","0.000000000000000000000000000000",,"[{""type"":""single"",""title"":""Sugar"",""choices"":[{""id"":""4fa5be53-3fb1-4f3d-a093-cf72abcb644d"",""label"":""Sugar"",""priceDelta"":0}],""groupId"":""f3365b84-e196-42f0-9fd6-3d8a1d8dde4c"",""required"":true},{""type"":""single"",""title"":""Choice"",""choices"":[{""id"":""c71b228e-1db4-4cbe-add8-682c2f2ff432"",""label"":""Cold"",""priceDelta"":0}],""groupId"":""8090364a-6a50-4ff0-bcd6-d4f2ebb7dab3"",""required"":true}]","READY"
"302a760d-c8be-4a3f-85e2-6cd9e10e01b2","87ea4fd5-41db-4825-8ddc-cce36cdcb6a2","ee41b154-17a0-4f25-897c-0e34d0e9ca3b","1","0.000000000000000000000000000000",,"[{""type"":""single"",""title"":""Option"",""choices"":[{""id"":""a8530576-5d1c-4996-911a-b62cd0a6daf2"",""label"":""Sugar"",""priceDelta"":0}],""groupId"":""12b13edf-d25a-4abf-92d2-5d5b45515fb6"",""required"":true},{""type"":""single"",""title"":""Option"",""choices"":[{""id"":""7ea696b5-36dc-460e-905f-0dc05debdeb3"",""label"":""Cold"",""priceDelta"":0}],""groupId"":""f49b7c85-fcf0-43de-9f46-fdc52f0bd11a"",""required"":true}]","READY"
"30d387ba-1e8e-4502-9c25-9c8d669b4941","0b6f4a6d-39bf-4f7d-851c-e5dc02d15469","ee41b154-17a0-4f25-897c-0e34d0e9ca3b","1","0.000000000000000000000000000000",,"[{""type"":""single"",""title"":""Option"",""choices"":[{""id"":""a8530576-5d1c-4996-911a-b62cd0a6daf2"",""label"":""Sugar"",""priceDelta"":0}],""groupId"":""12b13edf-d25a-4abf-92d2-5d5b45515fb6"",""required"":true},{""type"":""single"",""title"":""Option"",""choices"":[{""id"":""7ea696b5-36dc-460e-905f-0dc05debdeb3"",""label"":""Cold"",""priceDelta"":0}],""groupId"":""f49b7c85-fcf0-43de-9f46-fdc52f0bd11a"",""required"":true}]","READY"
"314efd0b-947b-4ee1-8d8b-cdf9a7c9ee8a","cb544bc1-1024-4077-8e66-402feb5aa01f","7e851c95-25d4-4e97-834f-0708d32e0ed7","1","0.000000000000000000000000000000",,"[{""type"":""single"",""title"":""Sugar"",""choices"":[{""id"":""44ea2716-b9e7-4743-8cf6-74a3ecd8383b"",""label"":""No Sugar"",""priceDelta"":0}],""groupId"":""e2881883-1aaf-4a54-9986-c33e9d120289"",""required"":true},{""type"":""single"",""title"":""Option"",""choices"":[{""id"":""7f46222e-8c71-4976-887f-0de762d365c3"",""label"":""Cold"",""priceDelta"":0}],""groupId"":""72bc398e-a245-4b94-b598-446567c641b0"",""required"":true}]","READY"
"322dd211-3dc3-4604-a17e-396d9c16ee4d","e93a4f09-39a7-4906-b9fa-92eb6bff6e5c","ee41b154-17a0-4f25-897c-0e34d0e9ca3b","1","0.000000000000000000000000000000",,"[{""type"":""single"",""title"":""Option"",""choices"":[{""id"":""a9c0ba9a-f944-4f5f-9c23-759a4d8930f5"",""label"":""No Sugar"",""priceDelta"":0}],""groupId"":""12b13edf-d25a-4abf-92d2-5d5b45515fb6"",""required"":true},{""type"":""single"",""title"":""Option"",""choices"":[{""id"":""0ec24708-bfd6-4c1f-8d5e-a86d9cef2e64"",""label"":""Hot"",""priceDelta"":0}],""groupId"":""f49b7c85-fcf0-43de-9f46-fdc52f0bd11a"",""required"":true}]","READY"
"32539645-f100-4a89-8744-9d8a61e1acf6","1b7f2fd6-7b40-432c-804d-a48787441a6c","ee41b154-17a0-4f25-897c-0e34d0e9ca3b","1","0.000000000000000000000000000000",,"[{""type"":""single"",""title"":""Option"",""choices"":[{""id"":""a9c0ba9a-f944-4f5f-9c23-759a4d8930f5"",""label"":""No Sugar"",""priceDelta"":0}],""groupId"":""12b13edf-d25a-4abf-92d2-5d5b45515fb6"",""required"":true},{""type"":""single"",""title"":""Option"",""choices"":[{""id"":""7ea696b5-36dc-460e-905f-0dc05debdeb3"",""label"":""Cold"",""priceDelta"":0}],""groupId"":""f49b7c85-fcf0-43de-9f46-fdc52f0bd11a"",""required"":true}]","READY"
"3291cce4-3c8e-4d17-9dfd-93115de67996","506230bf-d630-46f1-9dcc-df5f96e477f1","ee41b154-17a0-4f25-897c-0e34d0e9ca3b","1","0.000000000000000000000000000000",,"[{""type"":""single"",""title"":""Option"",""choices"":[{""id"":""a8530576-5d1c-4996-911a-b62cd0a6daf2"",""label"":""Sugar"",""priceDelta"":0}],""groupId"":""12b13edf-d25a-4abf-92d2-5d5b45515fb6"",""required"":true},{""type"":""single"",""title"":""Option"",""choices"":[{""id"":""7ea696b5-36dc-460e-905f-0dc05debdeb3"",""label"":""Cold"",""priceDelta"":0}],""groupId"":""f49b7c85-fcf0-43de-9f46-fdc52f0bd11a"",""required"":true}]","READY"
"32bf04ee-ce03-4507-9505-6e677540cfff","6ed124bf-cbd8-4009-a64c-11dc20179d27","fb8fe2c6-9c32-4bef-8fa1-43835afcc6c6","1","0.000000000000000000000000000000",,"[{""type"":""single"",""title"":""Sugar"",""choices"":[{""id"":""d9af3701-1417-4c4e-84c9-b819b0629cad"",""label"":""No Sugar"",""priceDelta"":0}],""groupId"":""f3365b84-e196-42f0-9fd6-3d8a1d8dde4c"",""required"":true},{""type"":""single"",""title"":""Choice"",""choices"":[{""id"":""7c6f786f-e742-41b2-9e67-48fa2fb1f7f2"",""label"":""Hot"",""priceDelta"":0}],""groupId"":""8090364a-6a50-4ff0-bcd6-d4f2ebb7dab3"",""required"":true}]","READY"
"32c03bac-0594-42b2-8702-f0e1b002c8b6","888e4e3e-7cd5-4247-9cf6-a85d84c87d67","ee41b154-17a0-4f25-897c-0e34d0e9ca3b","1","0.000000000000000000000000000000",,"[{""type"":""single"",""title"":""Option"",""choices"":[{""id"":""a8530576-5d1c-4996-911a-b62cd0a6daf2"",""label"":""Sugar"",""priceDelta"":0}],""groupId"":""12b13edf-d25a-4abf-92d2-5d5b45515fb6"",""required"":true},{""type"":""single"",""title"":""Option"",""choices"":[{""id"":""7ea696b5-36dc-460e-905f-0dc05debdeb3"",""label"":""Cold"",""priceDelta"":0}],""groupId"":""f49b7c85-fcf0-43de-9f46-fdc52f0bd11a"",""required"":true}]","READY"
"32cbe105-1ae8-41cf-8eec-9bdbe9a888aa","2bdbf26a-602f-4fe6-86b8-9e5cfbf06632","fb8fe2c6-9c32-4bef-8fa1-43835afcc6c6","1","0.000000000000000000000000000000",,"[{""type"":""single"",""title"":""Sugar"",""choices"":[{""id"":""d9af3701-1417-4c4e-84c9-b819b0629cad"",""label"":""No Sugar"",""priceDelta"":0}],""groupId"":""f3365b84-e196-42f0-9fd6-3d8a1d8dde4c"",""required"":true},{""type"":""single"",""title"":""Choice"",""choices"":[{""id"":""c71b228e-1db4-4cbe-add8-682c2f2ff432"",""label"":""Cold"",""priceDelta"":0}],""groupId"":""8090364a-6a50-4ff0-bcd6-d4f2ebb7dab3"",""required"":true}]","READY"
"32cf468b-d74f-4709-847b-700f74ca42a2","ca64350c-27f9-4e5a-a282-32368796e591","ee41b154-17a0-4f25-897c-0e34d0e9ca3b","1","0.000000000000000000000000000000",,"[{""type"":""single"",""title"":""Option"",""choices"":[{""id"":""a9c0ba9a-f944-4f5f-9c23-759a4d8930f5"",""label"":""No Sugar"",""priceDelta"":0}],""groupId"":""12b13edf-d25a-4abf-92d2-5d5b45515fb6"",""required"":true},{""type"":""single"",""title"":""Option"",""choices"":[{""id"":""7ea696b5-36dc-460e-905f-0dc05debdeb3"",""label"":""Cold"",""priceDelta"":0}],""groupId"":""f49b7c85-fcf0-43de-9f46-fdc52f0bd11a"",""required"":true}]","READY"
"32dbfccd-d473-4257-b05d-508fd0f15d28","3404f99a-9f38-4bd8-8e68-4ae0c9ca38bb","591f5a9e-5ae2-4612-a2fb-f42a2701ee97","1","0.000000000000000000000000000000",,"[{""type"":""single"",""title"":""Sugar"",""choices"":[{""id"":""f37891d4-906e-41fd-b016-39fca6854ee6"",""label"":""Sugar"",""priceDelta"":0}],""groupId"":""06a1f88e-2888-479f-8946-109b928ad90b"",""required"":true},{""type"":""single"",""title"":""Choice"",""choices"":[{""id"":""74279e17-917e-4369-9d70-b782add81b27"",""label"":""Hot"",""priceDelta"":0}],""groupId"":""34bfbb80-a978-4fb3-b5b9-ef83fdd3b936"",""required"":true}]","READY"
"32dcd911-ee49-417a-b827-40d6b21ed025","7aaf6a1d-b6f9-4ec1-ab16-8af88cc9f969","fb8fe2c6-9c32-4bef-8fa1-43835afcc6c6","1","0.000000000000000000000000000000",,"[{""type"":""single"",""title"":""Sugar"",""choices"":[{""id"":""d9af3701-1417-4c4e-84c9-b819b0629cad"",""label"":""No Sugar"",""priceDelta"":0}],""groupId"":""f3365b84-e196-42f0-9fd6-3d8a1d8dde4c"",""required"":true},{""type"":""single"",""title"":""Choice"",""choices"":[{""id"":""c71b228e-1db4-4cbe-add8-682c2f2ff432"",""label"":""Cold"",""priceDelta"":0}],""groupId"":""8090364a-6a50-4ff0-bcd6-d4f2ebb7dab3"",""required"":true}]","READY"
"33090fc6-6157-4c80-9b48-86f8fe4716ca","4b9bba23-2bf1-40b9-a6c8-38874714e824","fb8fe2c6-9c32-4bef-8fa1-43835afcc6c6","1","0.000000000000000000000000000000",,"[{""type"":""single"",""title"":""Sugar"",""choices"":[{""id"":""4fa5be53-3fb1-4f3d-a093-cf72abcb644d"",""label"":""Sugar"",""priceDelta"":0}],""groupId"":""f3365b84-e196-42f0-9fd6-3d8a1d8dde4c"",""required"":true},{""type"":""single"",""title"":""Choice"",""choices"":[{""id"":""c71b228e-1db4-4cbe-add8-682c2f2ff432"",""label"":""Cold"",""priceDelta"":0}],""groupId"":""8090364a-6a50-4ff0-bcd6-d4f2ebb7dab3"",""required"":true}]","READY"
"3336e86d-0f6b-4d6f-948d-da8bb9c324e8","9fa748ec-d5ec-439d-950a-4c540664448e","591f5a9e-5ae2-4612-a2fb-f42a2701ee97","1","0.000000000000000000000000000000",,"[{""type"":""single"",""title"":""Sugar"",""choices"":[{""id"":""f37891d4-906e-41fd-b016-39fca6854ee6"",""label"":""Sugar"",""priceDelta"":0}],""groupId"":""06a1f88e-2888-479f-8946-109b928ad90b"",""required"":true},{""type"":""single"",""title"":""Choice"",""choices"":[{""id"":""e59338ec-03fe-46fe-a057-6ac686c1c6e9"",""label"":""Cold"",""priceDelta"":0}],""groupId"":""34bfbb80-a978-4fb3-b5b9-ef83fdd3b936"",""required"":true}]","READY"
"337d759a-8797-4981-ae59-6c5aa9259bd0","6811b922-9e4e-434d-94a3-db41b2d27d60","fb8fe2c6-9c32-4bef-8fa1-43835afcc6c6","1","0.000000000000000000000000000000",,"[{""type"":""single"",""title"":""Sugar"",""choices"":[{""id"":""4fa5be53-3fb1-4f3d-a093-cf72abcb644d"",""label"":""Sugar"",""priceDelta"":0}],""groupId"":""f3365b84-e196-42f0-9fd6-3d8a1d8dde4c"",""required"":true},{""type"":""single"",""title"":""Choice"",""choices"":[{""id"":""7c6f786f-e742-41b2-9e67-48fa2fb1f7f2"",""label"":""Hot"",""priceDelta"":0}],""groupId"":""8090364a-6a50-4ff0-bcd6-d4f2ebb7dab3"",""required"":true}]","READY"
"33bff558-27af-4e5e-a832-69b3ff0f5dd2","3f8ec21e-0d5f-41c2-9776-d0f7dc1bf57a","ee41b154-17a0-4f25-897c-0e34d0e9ca3b","1","0.000000000000000000000000000000",,"[{""type"":""single"",""title"":""Option"",""choices"":[{""id"":""a8530576-5d1c-4996-911a-b62cd0a6daf2"",""label"":""Sugar"",""priceDelta"":0}],""groupId"":""12b13edf-d25a-4abf-92d2-5d5b45515fb6"",""required"":true},{""type"":""single"",""title"":""Option"",""choices"":[{""id"":""7ea696b5-36dc-460e-905f-0dc05debdeb3"",""label"":""Cold"",""priceDelta"":0}],""groupId"":""f49b7c85-fcf0-43de-9f46-fdc52f0bd11a"",""required"":true}]","READY"
"33e0887d-7d84-4106-a5cc-d6c8dc9665bf","703ef473-1637-4711-91ca-d6739c26e46e","fb8fe2c6-9c32-4bef-8fa1-43835afcc6c6","1","0.000000000000000000000000000000",,"[{""type"":""single"",""title"":""Sugar"",""choices"":[{""id"":""d9af3701-1417-4c4e-84c9-b819b0629cad"",""label"":""No Sugar"",""priceDelta"":0}],""groupId"":""f3365b84-e196-42f0-9fd6-3d8a1d8dde4c"",""required"":true},{""type"":""single"",""title"":""Choice"",""choices"":[{""id"":""c71b228e-1db4-4cbe-add8-682c2f2ff432"",""label"":""Cold"",""priceDelta"":0}],""groupId"":""8090364a-6a50-4ff0-bcd6-d4f2ebb7dab3"",""required"":true}]","READY"
"3428f8d0-6658-4b1b-8f8c-25cf92e5b5a0","22b7f7b6-7ec8-429d-8dcb-cc415e59924c","bfafbe37-d3a8-4f50-9186-f70a99acb47e","1","0.000000000000000000000000000000",,"[]","READY"
"343cce44-3444-4178-af73-32e0adb917ba","bb26a639-3da3-4bf9-8d2a-06ce2eb67b07","ee41b154-17a0-4f25-897c-0e34d0e9ca3b","1","0.000000000000000000000000000000",,"[{""type"":""single"",""title"":""Option"",""choices"":[{""id"":""a9c0ba9a-f944-4f5f-9c23-759a4d8930f5"",""label"":""No Sugar"",""priceDelta"":0}],""groupId"":""12b13edf-d25a-4abf-92d2-5d5b45515fb6"",""required"":true},{""type"":""single"",""title"":""Option"",""choices"":[{""id"":""7ea696b5-36dc-460e-905f-0dc05debdeb3"",""label"":""Cold"",""priceDelta"":0}],""groupId"":""f49b7c85-fcf0-43de-9f46-fdc52f0bd11a"",""required"":true}]","READY"
"349b1d8f-b22a-4fb1-b1aa-12525c5c23ac","3d5d8380-a279-4172-841d-78d21b46c70f","fb8fe2c6-9c32-4bef-8fa1-43835afcc6c6","1","0.000000000000000000000000000000",,"[{""type"":""single"",""title"":""Sugar"",""choices"":[{""id"":""d9af3701-1417-4c4e-84c9-b819b0629cad"",""label"":""No Sugar"",""priceDelta"":0}],""groupId"":""f3365b84-e196-42f0-9fd6-3d8a1d8dde4c"",""required"":true},{""type"":""single"",""title"":""Choice"",""choices"":[{""id"":""7c6f786f-e742-41b2-9e67-48fa2fb1f7f2"",""label"":""Hot"",""priceDelta"":0}],""groupId"":""8090364a-6a50-4ff0-bcd6-d4f2ebb7dab3"",""required"":true}]","READY"
"355cb917-9a87-49a7-87fb-fb2199264ef0","0d637be7-9d6a-4d30-90f0-879772cca70e","ee41b154-17a0-4f25-897c-0e34d0e9ca3b","1","0.000000000000000000000000000000",,"[{""type"":""single"",""title"":""Option"",""choices"":[{""id"":""a9c0ba9a-f944-4f5f-9c23-759a4d8930f5"",""label"":""No Sugar"",""priceDelta"":0}],""groupId"":""12b13edf-d25a-4abf-92d2-5d5b45515fb6"",""required"":true},{""type"":""single"",""title"":""Option"",""choices"":[{""id"":""7ea696b5-36dc-460e-905f-0dc05debdeb3"",""label"":""Cold"",""priceDelta"":0}],""groupId"":""f49b7c85-fcf0-43de-9f46-fdc52f0bd11a"",""required"":true}]","READY"
"35717110-7993-4f2d-8423-0fa437448ee6","c077b958-20f9-4e7f-b732-c080864708f3","ee41b154-17a0-4f25-897c-0e34d0e9ca3b","1","0.000000000000000000000000000000",,"[{""type"":""single"",""title"":""Option"",""choices"":[{""id"":""a8530576-5d1c-4996-911a-b62cd0a6daf2"",""label"":""Sugar"",""priceDelta"":0}],""groupId"":""12b13edf-d25a-4abf-92d2-5d5b45515fb6"",""required"":true},{""type"":""single"",""title"":""Option"",""choices"":[{""id"":""7ea696b5-36dc-460e-905f-0dc05debdeb3"",""label"":""Cold"",""priceDelta"":0}],""groupId"":""f49b7c85-fcf0-43de-9f46-fdc52f0bd11a"",""required"":true}]","READY"
"36172a27-99cf-46e6-97ac-2c04e68eb2cf","49e327f4-446f-4d14-924b-90ca04afc30c","fb8fe2c6-9c32-4bef-8fa1-43835afcc6c6","1","0.000000000000000000000000000000",,"[{""type"":""single"",""title"":""Sugar"",""choices"":[{""id"":""d9af3701-1417-4c4e-84c9-b819b0629cad"",""label"":""No Sugar"",""priceDelta"":0}],""groupId"":""f3365b84-e196-42f0-9fd6-3d8a1d8dde4c"",""required"":true},{""type"":""single"",""title"":""Choice"",""choices"":[{""id"":""c71b228e-1db4-4cbe-add8-682c2f2ff432"",""label"":""Cold"",""priceDelta"":0}],""groupId"":""8090364a-6a50-4ff0-bcd6-d4f2ebb7dab3"",""required"":true}]","READY"
"369cbc3a-41c8-4eed-a0b2-64ffc335316c","42579884-df5e-46d7-b269-88bca8de3c78","ee41b154-17a0-4f25-897c-0e34d0e9ca3b","1","0.000000000000000000000000000000",,"[{""type"":""single"",""title"":""Option"",""choices"":[{""id"":""a8530576-5d1c-4996-911a-b62cd0a6daf2"",""label"":""Sugar"",""priceDelta"":0}],""groupId"":""12b13edf-d25a-4abf-92d2-5d5b45515fb6"",""required"":true},{""type"":""single"",""title"":""Option"",""choices"":[{""id"":""7ea696b5-36dc-460e-905f-0dc05debdeb3"",""label"":""Cold"",""priceDelta"":0}],""groupId"":""f49b7c85-fcf0-43de-9f46-fdc52f0bd11a"",""required"":true}]","READY"
"3707dc55-945f-47d7-b618-e8d9aad64bf5","2c08db5a-e1aa-4d9e-b62a-7e0cd3042c95","fb8fe2c6-9c32-4bef-8fa1-43835afcc6c6","1","0.000000000000000000000000000000",,"[{""type"":""single"",""title"":""Sugar"",""choices"":[{""id"":""4fa5be53-3fb1-4f3d-a093-cf72abcb644d"",""label"":""Sugar"",""priceDelta"":0}],""groupId"":""f3365b84-e196-42f0-9fd6-3d8a1d8dde4c"",""required"":true},{""type"":""single"",""title"":""Choice"",""choices"":[{""id"":""c71b228e-1db4-4cbe-add8-682c2f2ff432"",""label"":""Cold"",""priceDelta"":0}],""groupId"":""8090364a-6a50-4ff0-bcd6-d4f2ebb7dab3"",""required"":true}]","READY"
"37784442-6f31-4330-818c-7c3a59111c62","9b0766cc-724c-40f6-ab72-29c7c6e2d80d","591f5a9e-5ae2-4612-a2fb-f42a2701ee97","1","0.000000000000000000000000000000",,"[{""type"":""single"",""title"":""Sugar"",""choices"":[{""id"":""f37891d4-906e-41fd-b016-39fca6854ee6"",""label"":""Sugar"",""priceDelta"":0}],""groupId"":""06a1f88e-2888-479f-8946-109b928ad90b"",""required"":true},{""type"":""single"",""title"":""Choice"",""choices"":[{""id"":""e59338ec-03fe-46fe-a057-6ac686c1c6e9"",""label"":""Cold"",""priceDelta"":0}],""groupId"":""34bfbb80-a978-4fb3-b5b9-ef83fdd3b936"",""required"":true}]","READY"
"379301a0-c41c-4e4c-8e21-952ada951e6b","b4649e61-1100-4322-9779-6396ce66902a","fb8fe2c6-9c32-4bef-8fa1-43835afcc6c6","1","0.000000000000000000000000000000",,"[{""type"":""single"",""title"":""Sugar"",""choices"":[{""id"":""d9af3701-1417-4c4e-84c9-b819b0629cad"",""label"":""No Sugar"",""priceDelta"":0}],""groupId"":""f3365b84-e196-42f0-9fd6-3d8a1d8dde4c"",""required"":true},{""type"":""single"",""title"":""Choice"",""choices"":[{""id"":""c71b228e-1db4-4cbe-add8-682c2f2ff432"",""label"":""Cold"",""priceDelta"":0}],""groupId"":""8090364a-6a50-4ff0-bcd6-d4f2ebb7dab3"",""required"":true}]","READY"
"379399dd-4f95-45bc-ba81-accb0d387709","ca325547-c263-4b4d-8c4e-ad8f49bb0acb","fb8fe2c6-9c32-4bef-8fa1-43835afcc6c6","1","0.000000000000000000000000000000",,"[{""type"":""single"",""title"":""Sugar"",""choices"":[{""id"":""4fa5be53-3fb1-4f3d-a093-cf72abcb644d"",""label"":""Sugar"",""priceDelta"":0}],""groupId"":""f3365b84-e196-42f0-9fd6-3d8a1d8dde4c"",""required"":true},{""type"":""single"",""title"":""Choice"",""choices"":[{""id"":""c71b228e-1db4-4cbe-add8-682c2f2ff432"",""label"":""Cold"",""priceDelta"":0}],""groupId"":""8090364a-6a50-4ff0-bcd6-d4f2ebb7dab3"",""required"":true}]","READY"
"37949ff2-3433-4017-a0c5-cd265abbadf7","145893d8-1205-4b53-a014-702a88326208","fb8fe2c6-9c32-4bef-8fa1-43835afcc6c6","1","0.000000000000000000000000000000",,"[{""type"":""single"",""title"":""Sugar"",""choices"":[{""id"":""4fa5be53-3fb1-4f3d-a093-cf72abcb644d"",""label"":""Sugar"",""priceDelta"":0}],""groupId"":""f3365b84-e196-42f0-9fd6-3d8a1d8dde4c"",""required"":true},{""type"":""single"",""title"":""Choice"",""choices"":[{""id"":""c71b228e-1db4-4cbe-add8-682c2f2ff432"",""label"":""Cold"",""priceDelta"":0}],""groupId"":""8090364a-6a50-4ff0-bcd6-d4f2ebb7dab3"",""required"":true}]","READY"
"37a108c1-4fc5-4930-8753-1f240d21d741","93798c4b-6960-49eb-b9f3-af86d9c91844","fb8fe2c6-9c32-4bef-8fa1-43835afcc6c6","1","0.000000000000000000000000000000",,"[{""type"":""single"",""title"":""Sugar"",""choices"":[{""id"":""4fa5be53-3fb1-4f3d-a093-cf72abcb644d"",""label"":""Sugar"",""priceDelta"":0}],""groupId"":""f3365b84-e196-42f0-9fd6-3d8a1d8dde4c"",""required"":true},{""type"":""single"",""title"":""Choice"",""choices"":[{""id"":""c71b228e-1db4-4cbe-add8-682c2f2ff432"",""label"":""Cold"",""priceDelta"":0}],""groupId"":""8090364a-6a50-4ff0-bcd6-d4f2ebb7dab3"",""required"":true}]","READY"
"39270074-7392-4d3d-b750-0bc245c6a3d1","84c23821-0005-426b-b5af-3951165b53a0","bfafbe37-d3a8-4f50-9186-f70a99acb47e","1","0.000000000000000000000000000000",,"[]","READY"
"39aa269c-e211-41f9-9a60-7f131ce3d491","4804ce6d-9c1f-42be-9f60-b1ecf5d39ee0","ee41b154-17a0-4f25-897c-0e34d0e9ca3b","1","0.000000000000000000000000000000",,"[{""type"":""single"",""title"":""Option"",""choices"":[{""id"":""a8530576-5d1c-4996-911a-b62cd0a6daf2"",""label"":""Sugar"",""priceDelta"":0}],""groupId"":""12b13edf-d25a-4abf-92d2-5d5b45515fb6"",""required"":true},{""type"":""single"",""title"":""Option"",""choices"":[{""id"":""7ea696b5-36dc-460e-905f-0dc05debdeb3"",""label"":""Cold"",""priceDelta"":0}],""groupId"":""f49b7c85-fcf0-43de-9f46-fdc52f0bd11a"",""required"":true}]","READY"
"3add6b36-054d-4e7f-91ee-2ea08ec5a352","03955762-6a56-409c-ae92-4f7e390e5797","591f5a9e-5ae2-4612-a2fb-f42a2701ee97","1","0.000000000000000000000000000000",,"[{""type"":""single"",""title"":""Sugar"",""choices"":[{""id"":""f37891d4-906e-41fd-b016-39fca6854ee6"",""label"":""Sugar"",""priceDelta"":0}],""groupId"":""06a1f88e-2888-479f-8946-109b928ad90b"",""required"":true},{""type"":""single"",""title"":""Choice"",""choices"":[{""id"":""e59338ec-03fe-46fe-a057-6ac686c1c6e9"",""label"":""Cold"",""priceDelta"":0}],""groupId"":""34bfbb80-a978-4fb3-b5b9-ef83fdd3b936"",""required"":true}]","READY"
"3af9214f-d9d4-4abb-95d0-5944f0d08ccb","6eb3931e-3cb7-42a7-a977-81eab07bfc16","591f5a9e-5ae2-4612-a2fb-f42a2701ee97","1","0.000000000000000000000000000000",,"[{""type"":""single"",""title"":""Sugar"",""choices"":[{""id"":""f37891d4-906e-41fd-b016-39fca6854ee6"",""label"":""Sugar"",""priceDelta"":0}],""groupId"":""06a1f88e-2888-479f-8946-109b928ad90b"",""required"":true},{""type"":""single"",""title"":""Choice"",""choices"":[{""id"":""e59338ec-03fe-46fe-a057-6ac686c1c6e9"",""label"":""Cold"",""priceDelta"":0}],""groupId"":""34bfbb80-a978-4fb3-b5b9-ef83fdd3b936"",""required"":true}]","READY"
"3ba65de0-1cb6-49fa-a262-0add9883f78c","71fe989f-45f7-4d54-a24e-bc7f9440f3c1","591f5a9e-5ae2-4612-a2fb-f42a2701ee97","1","0.000000000000000000000000000000",,"[{""type"":""single"",""title"":""Sugar"",""choices"":[{""id"":""f37891d4-906e-41fd-b016-39fca6854ee6"",""label"":""Sugar"",""priceDelta"":0}],""groupId"":""06a1f88e-2888-479f-8946-109b928ad90b"",""required"":true},{""type"":""single"",""title"":""Choice"",""choices"":[{""id"":""e59338ec-03fe-46fe-a057-6ac686c1c6e9"",""label"":""Cold"",""priceDelta"":0}],""groupId"":""34bfbb80-a978-4fb3-b5b9-ef83fdd3b936"",""required"":true}]","READY"
"3bd370b6-b892-45bd-ab8f-709ea595c5f3","7f96aceb-4e65-4228-8932-a3fed166ca09","fb8fe2c6-9c32-4bef-8fa1-43835afcc6c6","1","0.000000000000000000000000000000",,"[{""type"":""single"",""title"":""Sugar"",""choices"":[{""id"":""d9af3701-1417-4c4e-84c9-b819b0629cad"",""label"":""No Sugar"",""priceDelta"":0}],""groupId"":""f3365b84-e196-42f0-9fd6-3d8a1d8dde4c"",""required"":true},{""type"":""single"",""title"":""Choice"",""choices"":[{""id"":""c71b228e-1db4-4cbe-add8-682c2f2ff432"",""label"":""Cold"",""priceDelta"":0}],""groupId"":""8090364a-6a50-4ff0-bcd6-d4f2ebb7dab3"",""required"":true}]","READY"
"3bfe177f-5eb3-460a-b0bf-1118d5b534a4","a93787f0-7e29-4357-a8c7-6a005e6bc804","7e851c95-25d4-4e97-834f-0708d32e0ed7","1","0.000000000000000000000000000000",,"[{""type"":""single"",""title"":""Sugar"",""choices"":[{""id"":""a8481a49-b627-4dd7-9f95-37e94c909d62"",""label"":""Sugar"",""priceDelta"":0}],""groupId"":""e2881883-1aaf-4a54-9986-c33e9d120289"",""required"":true},{""type"":""single"",""title"":""Option"",""choices"":[{""id"":""7f46222e-8c71-4976-887f-0de762d365c3"",""label"":""Cold"",""priceDelta"":0}],""groupId"":""72bc398e-a245-4b94-b598-446567c641b0"",""required"":true}]","READY"
"3c750c01-9f0f-4008-b20b-81fabce0d312","c9eb1776-8f44-4dc8-862d-81e35d71a2ce","ee41b154-17a0-4f25-897c-0e34d0e9ca3b","1","0.000000000000000000000000000000",,"[{""type"":""single"",""title"":""Option"",""choices"":[{""id"":""a8530576-5d1c-4996-911a-b62cd0a6daf2"",""label"":""Sugar"",""priceDelta"":0}],""groupId"":""12b13edf-d25a-4abf-92d2-5d5b45515fb6"",""required"":true},{""type"":""single"",""title"":""Option"",""choices"":[{""id"":""7ea696b5-36dc-460e-905f-0dc05debdeb3"",""label"":""Cold"",""priceDelta"":0}],""groupId"":""f49b7c85-fcf0-43de-9f46-fdc52f0bd11a"",""required"":true}]","READY"
"3d0533e5-3867-42ed-82e6-65f8f8b2a8fd","9b14ebee-a9a3-4f2d-a4ec-c4b9d0ebdc11","591f5a9e-5ae2-4612-a2fb-f42a2701ee97","1","0.000000000000000000000000000000",,"[{""type"":""single"",""title"":""Sugar"",""choices"":[{""id"":""f37891d4-906e-41fd-b016-39fca6854ee6"",""label"":""Sugar"",""priceDelta"":0}],""groupId"":""06a1f88e-2888-479f-8946-109b928ad90b"",""required"":true},{""type"":""single"",""title"":""Choice"",""choices"":[{""id"":""e59338ec-03fe-46fe-a057-6ac686c1c6e9"",""label"":""Cold"",""priceDelta"":0}],""groupId"":""34bfbb80-a978-4fb3-b5b9-ef83fdd3b936"",""required"":true}]","READY"
"3d4170e4-447a-47aa-bbf3-948dc9117a12","cd02aae9-e0a4-49e1-99eb-5fd86b9286d5","7e851c95-25d4-4e97-834f-0708d32e0ed7","1","0.000000000000000000000000000000",,"[{""type"":""single"",""title"":""Sugar"",""choices"":[{""id"":""44ea2716-b9e7-4743-8cf6-74a3ecd8383b"",""label"":""No Sugar"",""priceDelta"":0}],""groupId"":""e2881883-1aaf-4a54-9986-c33e9d120289"",""required"":true},{""type"":""single"",""title"":""Option"",""choices"":[{""id"":""fd1f3359-6e52-48ac-b711-674b0d4e1099"",""label"":""Hot"",""priceDelta"":0}],""groupId"":""72bc398e-a245-4b94-b598-446567c641b0"",""required"":true}]","READY"
"3db75e08-c626-4860-84ce-9ba68863c49b","dd576666-1965-4a52-9d34-5f76c41e48dc","fb8fe2c6-9c32-4bef-8fa1-43835afcc6c6","1","0.000000000000000000000000000000",,"[{""type"":""single"",""title"":""Sugar"",""choices"":[{""id"":""4fa5be53-3fb1-4f3d-a093-cf72abcb644d"",""label"":""Sugar"",""priceDelta"":0}],""groupId"":""f3365b84-e196-42f0-9fd6-3d8a1d8dde4c"",""required"":true},{""type"":""single"",""title"":""Choice"",""choices"":[{""id"":""c71b228e-1db4-4cbe-add8-682c2f2ff432"",""label"":""Cold"",""priceDelta"":0}],""groupId"":""8090364a-6a50-4ff0-bcd6-d4f2ebb7dab3"",""required"":true}]","READY"
"3df1c5ab-22b7-4a8e-9e2a-e950bae33e31","ff1f3a32-2827-460c-92e6-1060a87b6f9e","fb8fe2c6-9c32-4bef-8fa1-43835afcc6c6","1","0.000000000000000000000000000000",,"[{""type"":""single"",""title"":""Sugar"",""choices"":[{""id"":""d9af3701-1417-4c4e-84c9-b819b0629cad"",""label"":""No Sugar"",""priceDelta"":0}],""groupId"":""f3365b84-e196-42f0-9fd6-3d8a1d8dde4c"",""required"":true},{""type"":""single"",""title"":""Choice"",""choices"":[{""id"":""c71b228e-1db4-4cbe-add8-682c2f2ff432"",""label"":""Cold"",""priceDelta"":0}],""groupId"":""8090364a-6a50-4ff0-bcd6-d4f2ebb7dab3"",""required"":true}]","READY"
"3e4017f3-74a5-4b7c-933f-34c114cf1397","0830ba65-69db-4f39-8132-8689644f0f5e","591f5a9e-5ae2-4612-a2fb-f42a2701ee97","1","0.000000000000000000000000000000",,"[{""type"":""single"",""title"":""Sugar"",""choices"":[{""id"":""f37891d4-906e-41fd-b016-39fca6854ee6"",""label"":""Sugar"",""priceDelta"":0}],""groupId"":""06a1f88e-2888-479f-8946-109b928ad90b"",""required"":true},{""type"":""single"",""title"":""Choice"",""choices"":[{""id"":""e59338ec-03fe-46fe-a057-6ac686c1c6e9"",""label"":""Cold"",""priceDelta"":0}],""groupId"":""34bfbb80-a978-4fb3-b5b9-ef83fdd3b936"",""required"":true}]","READY"
"3e78fde9-ed07-4025-a712-f148b1ed8acc","1121914d-710c-4525-80f7-1f0cfce283ca","fb8fe2c6-9c32-4bef-8fa1-43835afcc6c6","1","0.000000000000000000000000000000",,"[{""type"":""single"",""title"":""Sugar"",""choices"":[{""id"":""d9af3701-1417-4c4e-84c9-b819b0629cad"",""label"":""No Sugar"",""priceDelta"":0}],""groupId"":""f3365b84-e196-42f0-9fd6-3d8a1d8dde4c"",""required"":true},{""type"":""single"",""title"":""Choice"",""choices"":[{""id"":""7c6f786f-e742-41b2-9e67-48fa2fb1f7f2"",""label"":""Hot"",""priceDelta"":0}],""groupId"":""8090364a-6a50-4ff0-bcd6-d4f2ebb7dab3"",""required"":true}]","READY"
"3eb943cd-1300-482e-a157-ec547e62f8da","6365d4bb-847a-4ac2-bb7b-337223593c74","ee41b154-17a0-4f25-897c-0e34d0e9ca3b","1","0.000000000000000000000000000000",,"[{""type"":""single"",""title"":""Option"",""choices"":[{""id"":""a9c0ba9a-f944-4f5f-9c23-759a4d8930f5"",""label"":""No Sugar"",""priceDelta"":0}],""groupId"":""12b13edf-d25a-4abf-92d2-5d5b45515fb6"",""required"":true},{""type"":""single"",""title"":""Option"",""choices"":[{""id"":""7ea696b5-36dc-460e-905f-0dc05debdeb3"",""label"":""Cold"",""priceDelta"":0}],""groupId"":""f49b7c85-fcf0-43de-9f46-fdc52f0bd11a"",""required"":true}]","READY"
"3ec29bd8-fc4a-46d8-83fe-d7284cdc7201","5bd53e52-2f12-47b1-8630-8338e2c3b811","ee41b154-17a0-4f25-897c-0e34d0e9ca3b","1","0.000000000000000000000000000000",,"[{""type"":""single"",""title"":""Option"",""choices"":[{""id"":""a8530576-5d1c-4996-911a-b62cd0a6daf2"",""label"":""Sugar"",""priceDelta"":0}],""groupId"":""12b13edf-d25a-4abf-92d2-5d5b45515fb6"",""required"":true},{""type"":""single"",""title"":""Option"",""choices"":[{""id"":""7ea696b5-36dc-460e-905f-0dc05debdeb3"",""label"":""Cold"",""priceDelta"":0}],""groupId"":""f49b7c85-fcf0-43de-9f46-fdc52f0bd11a"",""required"":true}]","READY"
"3f670a14-6f07-488b-84bf-ad70b37b10b5","e745850e-9ff7-4610-877e-f28d45a81a9e","591f5a9e-5ae2-4612-a2fb-f42a2701ee97","1","0.000000000000000000000000000000",,"[{""type"":""single"",""title"":""Sugar"",""choices"":[{""id"":""05361b04-9e88-4bae-a48a-8dabaef4a8d2"",""label"":""No Sugar"",""priceDelta"":0}],""groupId"":""06a1f88e-2888-479f-8946-109b928ad90b"",""required"":true},{""type"":""single"",""title"":""Choice"",""choices"":[{""id"":""e59338ec-03fe-46fe-a057-6ac686c1c6e9"",""label"":""Cold"",""priceDelta"":0}],""groupId"":""34bfbb80-a978-4fb3-b5b9-ef83fdd3b936"",""required"":true}]","READY"
"4094c0bd-d976-49b7-ab50-0d6e5594721b","0f7eec0f-63e9-4807-894c-21731c87e249","7e851c95-25d4-4e97-834f-0708d32e0ed7","1","0.000000000000000000000000000000",,"[{""type"":""single"",""title"":""Sugar"",""choices"":[{""id"":""44ea2716-b9e7-4743-8cf6-74a3ecd8383b"",""label"":""No Sugar"",""priceDelta"":0}],""groupId"":""e2881883-1aaf-4a54-9986-c33e9d120289"",""required"":true},{""type"":""single"",""title"":""Option"",""choices"":[{""id"":""7f46222e-8c71-4976-887f-0de762d365c3"",""label"":""Cold"",""priceDelta"":0}],""groupId"":""72bc398e-a245-4b94-b598-446567c641b0"",""required"":true}]","READY"
"40bf13bc-df28-441d-bf99-51000f45d9bc","e9ab621e-372e-49fb-b06e-8164ba0382ae","fb8fe2c6-9c32-4bef-8fa1-43835afcc6c6","1","0.000000000000000000000000000000",,"[{""type"":""single"",""title"":""Sugar"",""choices"":[{""id"":""4fa5be53-3fb1-4f3d-a093-cf72abcb644d"",""label"":""Sugar"",""priceDelta"":0}],""groupId"":""f3365b84-e196-42f0-9fd6-3d8a1d8dde4c"",""required"":true},{""type"":""single"",""title"":""Choice"",""choices"":[{""id"":""c71b228e-1db4-4cbe-add8-682c2f2ff432"",""label"":""Cold"",""priceDelta"":0}],""groupId"":""8090364a-6a50-4ff0-bcd6-d4f2ebb7dab3"",""required"":true}]","READY"
"40d678ef-1c1d-450b-a376-d347eddc5b73","3f547c87-b870-4c5a-9938-ca144e04800d","fb8fe2c6-9c32-4bef-8fa1-43835afcc6c6","1","0.000000000000000000000000000000",,"[{""type"":""single"",""title"":""Sugar"",""choices"":[{""id"":""4fa5be53-3fb1-4f3d-a093-cf72abcb644d"",""label"":""Sugar"",""priceDelta"":0}],""groupId"":""f3365b84-e196-42f0-9fd6-3d8a1d8dde4c"",""required"":true},{""type"":""single"",""title"":""Choice"",""choices"":[{""id"":""c71b228e-1db4-4cbe-add8-682c2f2ff432"",""label"":""Cold"",""priceDelta"":0}],""groupId"":""8090364a-6a50-4ff0-bcd6-d4f2ebb7dab3"",""required"":true}]","READY"
"40dc43be-f87a-43f0-bd48-890cdee66bba","6ad90731-946e-4dc1-952c-b2d425eb63ab","fb8fe2c6-9c32-4bef-8fa1-43835afcc6c6","1","0.000000000000000000000000000000",,"[{""type"":""single"",""title"":""Sugar"",""choices"":[{""id"":""4fa5be53-3fb1-4f3d-a093-cf72abcb644d"",""label"":""Sugar"",""priceDelta"":0}],""groupId"":""f3365b84-e196-42f0-9fd6-3d8a1d8dde4c"",""required"":true},{""type"":""single"",""title"":""Choice"",""choices"":[{""id"":""c71b228e-1db4-4cbe-add8-682c2f2ff432"",""label"":""Cold"",""priceDelta"":0}],""groupId"":""8090364a-6a50-4ff0-bcd6-d4f2ebb7dab3"",""required"":true}]","READY"
"415d58c1-f109-4aae-9844-646188fede3e","19a4c663-f796-4612-8eee-41e1ae1f9e0c","fb8fe2c6-9c32-4bef-8fa1-43835afcc6c6","1","0.000000000000000000000000000000",,"[{""type"":""single"",""title"":""Sugar"",""choices"":[{""id"":""d9af3701-1417-4c4e-84c9-b819b0629cad"",""label"":""No Sugar"",""priceDelta"":0}],""groupId"":""f3365b84-e196-42f0-9fd6-3d8a1d8dde4c"",""required"":true},{""type"":""single"",""title"":""Choice"",""choices"":[{""id"":""7c6f786f-e742-41b2-9e67-48fa2fb1f7f2"",""label"":""Hot"",""priceDelta"":0}],""groupId"":""8090364a-6a50-4ff0-bcd6-d4f2ebb7dab3"",""required"":true}]","READY"
"41837da7-5797-4b83-8dac-4bb0f5d74f33","07f42afb-a93a-4ea8-ad95-73c2f8807f81","fb8fe2c6-9c32-4bef-8fa1-43835afcc6c6","1","0.000000000000000000000000000000",,"[{""type"":""single"",""title"":""Sugar"",""choices"":[{""id"":""4fa5be53-3fb1-4f3d-a093-cf72abcb644d"",""label"":""Sugar"",""priceDelta"":0}],""groupId"":""f3365b84-e196-42f0-9fd6-3d8a1d8dde4c"",""required"":true},{""type"":""single"",""title"":""Choice"",""choices"":[{""id"":""c71b228e-1db4-4cbe-add8-682c2f2ff432"",""label"":""Cold"",""priceDelta"":0}],""groupId"":""8090364a-6a50-4ff0-bcd6-d4f2ebb7dab3"",""required"":true}]","READY"
"421d7f79-bd4e-47e2-9356-fa0a7f9d0645","a923f0fe-46be-4f5f-b8a9-bac21543d5c0","7e851c95-25d4-4e97-834f-0708d32e0ed7","1","0.000000000000000000000000000000",,"[{""type"":""single"",""title"":""Sugar"",""choices"":[{""id"":""44ea2716-b9e7-4743-8cf6-74a3ecd8383b"",""label"":""No Sugar"",""priceDelta"":0}],""groupId"":""e2881883-1aaf-4a54-9986-c33e9d120289"",""required"":true},{""type"":""single"",""title"":""Option"",""choices"":[{""id"":""7f46222e-8c71-4976-887f-0de762d365c3"",""label"":""Cold"",""priceDelta"":0}],""groupId"":""72bc398e-a245-4b94-b598-446567c641b0"",""required"":true}]","READY"
"4283a139-a887-4cde-aab7-76f4b203fd6d","19ff2958-acbf-44a7-8df2-36f7b94d307d","ee41b154-17a0-4f25-897c-0e34d0e9ca3b","1","0.000000000000000000000000000000",,"[{""type"":""single"",""title"":""Option"",""choices"":[{""id"":""a8530576-5d1c-4996-911a-b62cd0a6daf2"",""label"":""Sugar"",""priceDelta"":0}],""groupId"":""12b13edf-d25a-4abf-92d2-5d5b45515fb6"",""required"":true},{""type"":""single"",""title"":""Option"",""choices"":[{""id"":""7ea696b5-36dc-460e-905f-0dc05debdeb3"",""label"":""Cold"",""priceDelta"":0}],""groupId"":""f49b7c85-fcf0-43de-9f46-fdc52f0bd11a"",""required"":true}]","READY"
"442806a0-ca88-4183-8e5e-4bb908b119c3","05dfeec2-fcc2-403d-9b84-2657932e395e","591f5a9e-5ae2-4612-a2fb-f42a2701ee97","1","0.000000000000000000000000000000",,"[{""type"":""single"",""title"":""Sugar"",""choices"":[{""id"":""f37891d4-906e-41fd-b016-39fca6854ee6"",""label"":""Sugar"",""priceDelta"":0}],""groupId"":""06a1f88e-2888-479f-8946-109b928ad90b"",""required"":true},{""type"":""single"",""title"":""Choice"",""choices"":[{""id"":""e59338ec-03fe-46fe-a057-6ac686c1c6e9"",""label"":""Cold"",""priceDelta"":0}],""groupId"":""34bfbb80-a978-4fb3-b5b9-ef83fdd3b936"",""required"":true}]","READY"
"449f5b66-e20a-4565-8678-b7ba179895ce","df0e150b-fb1c-4711-bcd0-5a5d1a86c6da","bfafbe37-d3a8-4f50-9186-f70a99acb47e","1","0.000000000000000000000000000000","Less sugar","[]","READY"
"451f5edf-f636-4e31-96d1-be2d4fd19957","493709e5-a288-478b-815f-6202cbb60091","591f5a9e-5ae2-4612-a2fb-f42a2701ee97","1","0.000000000000000000000000000000",,"[{""type"":""single"",""title"":""Sugar"",""choices"":[{""id"":""f37891d4-906e-41fd-b016-39fca6854ee6"",""label"":""Sugar"",""priceDelta"":0}],""groupId"":""06a1f88e-2888-479f-8946-109b928ad90b"",""required"":true},{""type"":""single"",""title"":""Choice"",""choices"":[{""id"":""e59338ec-03fe-46fe-a057-6ac686c1c6e9"",""label"":""Cold"",""priceDelta"":0}],""groupId"":""34bfbb80-a978-4fb3-b5b9-ef83fdd3b936"",""required"":true}]","READY"
"4588d118-44fd-4777-b308-34171b5fa670","b6fd82e0-c989-4986-a5d2-5fc30ed7e1ba","591f5a9e-5ae2-4612-a2fb-f42a2701ee97","1","0.000000000000000000000000000000",,"[{""type"":""single"",""title"":""Sugar"",""choices"":[{""id"":""05361b04-9e88-4bae-a48a-8dabaef4a8d2"",""label"":""No Sugar"",""priceDelta"":0}],""groupId"":""06a1f88e-2888-479f-8946-109b928ad90b"",""required"":true},{""type"":""single"",""title"":""Choice"",""choices"":[{""id"":""e59338ec-03fe-46fe-a057-6ac686c1c6e9"",""label"":""Cold"",""priceDelta"":0}],""groupId"":""34bfbb80-a978-4fb3-b5b9-ef83fdd3b936"",""required"":true}]","READY"
"45954f64-4fbe-46d8-a947-7d81600a4b98","23d8dbde-15fa-4c4f-9f0e-71102aae3a2e","ee41b154-17a0-4f25-897c-0e34d0e9ca3b","1","0.000000000000000000000000000000",,"[{""type"":""single"",""title"":""Option"",""choices"":[{""id"":""a9c0ba9a-f944-4f5f-9c23-759a4d8930f5"",""label"":""No Sugar"",""priceDelta"":0}],""groupId"":""12b13edf-d25a-4abf-92d2-5d5b45515fb6"",""required"":true},{""type"":""single"",""title"":""Option"",""choices"":[{""id"":""7ea696b5-36dc-460e-905f-0dc05debdeb3"",""label"":""Cold"",""priceDelta"":0}],""groupId"":""f49b7c85-fcf0-43de-9f46-fdc52f0bd11a"",""required"":true}]","READY"
"470752d8-faad-4594-a1e2-be995b3cd049","d01afca3-c811-444b-a428-ed6b2d8bb107","bfafbe37-d3a8-4f50-9186-f70a99acb47e","1","0.000000000000000000000000000000",,"[]","READY"
"4712a132-04e9-481f-8eb9-598123a35ab3","58289589-8914-4d85-ab67-de8732cdbdb4","fb8fe2c6-9c32-4bef-8fa1-43835afcc6c6","1","0.000000000000000000000000000000",,"[{""type"":""single"",""title"":""Sugar"",""choices"":[{""id"":""4fa5be53-3fb1-4f3d-a093-cf72abcb644d"",""label"":""Sugar"",""priceDelta"":0}],""groupId"":""f3365b84-e196-42f0-9fd6-3d8a1d8dde4c"",""required"":true},{""type"":""single"",""title"":""Choice"",""choices"":[{""id"":""c71b228e-1db4-4cbe-add8-682c2f2ff432"",""label"":""Cold"",""priceDelta"":0}],""groupId"":""8090364a-6a50-4ff0-bcd6-d4f2ebb7dab3"",""required"":true}]","READY"
"4722ea12-a1ed-41f0-a55c-3d6de304d9d1","a062acaf-4f7f-47c9-b34b-ed583f3f30ec","fb8fe2c6-9c32-4bef-8fa1-43835afcc6c6","1","0.000000000000000000000000000000",,"[{""type"":""single"",""title"":""Sugar"",""choices"":[{""id"":""4fa5be53-3fb1-4f3d-a093-cf72abcb644d"",""label"":""Sugar"",""priceDelta"":0}],""groupId"":""f3365b84-e196-42f0-9fd6-3d8a1d8dde4c"",""required"":true},{""type"":""single"",""title"":""Choice"",""choices"":[{""id"":""c71b228e-1db4-4cbe-add8-682c2f2ff432"",""label"":""Cold"",""priceDelta"":0}],""groupId"":""8090364a-6a50-4ff0-bcd6-d4f2ebb7dab3"",""required"":true}]","READY"
"4767b4ac-ba08-4451-9c71-84961ceb1530","d5441606-17d2-433a-9f20-e8ba66aecae6","7e851c95-25d4-4e97-834f-0708d32e0ed7","1","0.000000000000000000000000000000",,"[{""type"":""single"",""title"":""Sugar"",""choices"":[{""id"":""44ea2716-b9e7-4743-8cf6-74a3ecd8383b"",""label"":""No Sugar"",""priceDelta"":0}],""groupId"":""e2881883-1aaf-4a54-9986-c33e9d120289"",""required"":true},{""type"":""single"",""title"":""Option"",""choices"":[{""id"":""fd1f3359-6e52-48ac-b711-674b0d4e1099"",""label"":""Hot"",""priceDelta"":0}],""groupId"":""72bc398e-a245-4b94-b598-446567c641b0"",""required"":true}]","READY"
"47a85106-c811-44f9-bd12-427a95166ba6","f8dc2c79-e7bd-4500-8bec-9dab4d697d18","fb8fe2c6-9c32-4bef-8fa1-43835afcc6c6","1","0.000000000000000000000000000000",,"[{""type"":""single"",""title"":""Sugar"",""choices"":[{""id"":""4fa5be53-3fb1-4f3d-a093-cf72abcb644d"",""label"":""Sugar"",""priceDelta"":0}],""groupId"":""f3365b84-e196-42f0-9fd6-3d8a1d8dde4c"",""required"":true},{""type"":""single"",""title"":""Choice"",""choices"":[{""id"":""c71b228e-1db4-4cbe-add8-682c2f2ff432"",""label"":""Cold"",""priceDelta"":0}],""groupId"":""8090364a-6a50-4ff0-bcd6-d4f2ebb7dab3"",""required"":true}]","READY"
"47ddc23e-531c-4e27-b1a7-d1c39d59e6c3","7297b2ad-37d4-4e11-846b-7cbc8115f275","591f5a9e-5ae2-4612-a2fb-f42a2701ee97","1","0.000000000000000000000000000000",,"[{""type"":""single"",""title"":""Sugar"",""choices"":[{""id"":""f37891d4-906e-41fd-b016-39fca6854ee6"",""label"":""Sugar"",""priceDelta"":0}],""groupId"":""06a1f88e-2888-479f-8946-109b928ad90b"",""required"":true},{""type"":""single"",""title"":""Choice"",""choices"":[{""id"":""74279e17-917e-4369-9d70-b782add81b27"",""label"":""Hot"",""priceDelta"":0}],""groupId"":""34bfbb80-a978-4fb3-b5b9-ef83fdd3b936"",""required"":true}]","READY"
"4811cda8-0e79-49b3-89c9-a970c7411688","50193fff-ae1f-4221-82da-742831713d9d","7e851c95-25d4-4e97-834f-0708d32e0ed7","1","0.000000000000000000000000000000",,"[{""type"":""single"",""title"":""Sugar"",""choices"":[{""id"":""44ea2716-b9e7-4743-8cf6-74a3ecd8383b"",""label"":""No Sugar"",""priceDelta"":0}],""groupId"":""e2881883-1aaf-4a54-9986-c33e9d120289"",""required"":true},{""type"":""single"",""title"":""Option"",""choices"":[{""id"":""fd1f3359-6e52-48ac-b711-674b0d4e1099"",""label"":""Hot"",""priceDelta"":0}],""groupId"":""72bc398e-a245-4b94-b598-446567c641b0"",""required"":true}]","READY"
"487eff05-8602-450f-81a0-e2e58bbb8f49","7ca2108f-9b2f-41a4-8f0a-e2d9e0c3b552","7e851c95-25d4-4e97-834f-0708d32e0ed7","1","0.000000000000000000000000000000",,"[{""type"":""single"",""title"":""Sugar"",""choices"":[{""id"":""a8481a49-b627-4dd7-9f95-37e94c909d62"",""label"":""Sugar"",""priceDelta"":0}],""groupId"":""e2881883-1aaf-4a54-9986-c33e9d120289"",""required"":true},{""type"":""single"",""title"":""Option"",""choices"":[{""id"":""7f46222e-8c71-4976-887f-0de762d365c3"",""label"":""Cold"",""priceDelta"":0}],""groupId"":""72bc398e-a245-4b94-b598-446567c641b0"",""required"":true}]","READY"
"48ab2cf7-4e19-43aa-81bc-1069de7cee28","b7b04b2b-9e1d-4e68-8f3c-98381f1999d7","fb8fe2c6-9c32-4bef-8fa1-43835afcc6c6","1","0.000000000000000000000000000000",,"[{""type"":""single"",""title"":""Sugar"",""choices"":[{""id"":""4fa5be53-3fb1-4f3d-a093-cf72abcb644d"",""label"":""Sugar"",""priceDelta"":0}],""groupId"":""f3365b84-e196-42f0-9fd6-3d8a1d8dde4c"",""required"":true},{""type"":""single"",""title"":""Choice"",""choices"":[{""id"":""c71b228e-1db4-4cbe-add8-682c2f2ff432"",""label"":""Cold"",""priceDelta"":0}],""groupId"":""8090364a-6a50-4ff0-bcd6-d4f2ebb7dab3"",""required"":true}]","READY"
"48c6e0d3-4bb0-4736-8422-e388c91f5d27","62d41390-7af0-48c5-a63c-3c97f92579f1","fb8fe2c6-9c32-4bef-8fa1-43835afcc6c6","1","0.000000000000000000000000000000",,"[{""type"":""single"",""title"":""Sugar"",""choices"":[{""id"":""4fa5be53-3fb1-4f3d-a093-cf72abcb644d"",""label"":""Sugar"",""priceDelta"":0}],""groupId"":""f3365b84-e196-42f0-9fd6-3d8a1d8dde4c"",""required"":true},{""type"":""single"",""title"":""Choice"",""choices"":[{""id"":""7c6f786f-e742-41b2-9e67-48fa2fb1f7f2"",""label"":""Hot"",""priceDelta"":0}],""groupId"":""8090364a-6a50-4ff0-bcd6-d4f2ebb7dab3"",""required"":true}]","READY"
"48d7e6ef-ceff-4349-b53a-ffe25b0d9567","fc5be2ca-8c00-47fd-acf2-19baa20fa391","fb8fe2c6-9c32-4bef-8fa1-43835afcc6c6","1","0.000000000000000000000000000000",,"[{""type"":""single"",""title"":""Sugar"",""choices"":[{""id"":""d9af3701-1417-4c4e-84c9-b819b0629cad"",""label"":""No Sugar"",""priceDelta"":0}],""groupId"":""f3365b84-e196-42f0-9fd6-3d8a1d8dde4c"",""required"":true},{""type"":""single"",""title"":""Choice"",""choices"":[{""id"":""7c6f786f-e742-41b2-9e67-48fa2fb1f7f2"",""label"":""Hot"",""priceDelta"":0}],""groupId"":""8090364a-6a50-4ff0-bcd6-d4f2ebb7dab3"",""required"":true}]","READY"
"48f2975a-0279-4dfd-8e32-3d3cab7ea10b","817d218a-659d-407c-a357-e8968f4ca1e3","591f5a9e-5ae2-4612-a2fb-f42a2701ee97","1","0.000000000000000000000000000000",,"[{""type"":""single"",""title"":""Sugar"",""choices"":[{""id"":""f37891d4-906e-41fd-b016-39fca6854ee6"",""label"":""Sugar"",""priceDelta"":0}],""groupId"":""06a1f88e-2888-479f-8946-109b928ad90b"",""required"":true},{""type"":""single"",""title"":""Choice"",""choices"":[{""id"":""e59338ec-03fe-46fe-a057-6ac686c1c6e9"",""label"":""Cold"",""priceDelta"":0}],""groupId"":""34bfbb80-a978-4fb3-b5b9-ef83fdd3b936"",""required"":true}]","READY"
"49128c92-ff3c-49d0-be88-28e9df56811b","4e28697c-cdb3-417b-8df6-956ea5bba6c9","ee41b154-17a0-4f25-897c-0e34d0e9ca3b","1","0.000000000000000000000000000000",,"[{""type"":""single"",""title"":""Option"",""choices"":[{""id"":""a9c0ba9a-f944-4f5f-9c23-759a4d8930f5"",""label"":""No Sugar"",""priceDelta"":0}],""groupId"":""12b13edf-d25a-4abf-92d2-5d5b45515fb6"",""required"":true},{""type"":""single"",""title"":""Option"",""choices"":[{""id"":""7ea696b5-36dc-460e-905f-0dc05debdeb3"",""label"":""Cold"",""priceDelta"":0}],""groupId"":""f49b7c85-fcf0-43de-9f46-fdc52f0bd11a"",""required"":true}]","READY"
"494566ad-b095-4f97-a42f-da6937475c70","c717f4a3-78f3-4f7c-b7fb-8ea4730516a5","591f5a9e-5ae2-4612-a2fb-f42a2701ee97","1","0.000000000000000000000000000000",,"[{""type"":""single"",""title"":""Sugar"",""choices"":[{""id"":""05361b04-9e88-4bae-a48a-8dabaef4a8d2"",""label"":""No Sugar"",""priceDelta"":0}],""groupId"":""06a1f88e-2888-479f-8946-109b928ad90b"",""required"":true},{""type"":""single"",""title"":""Choice"",""choices"":[{""id"":""e59338ec-03fe-46fe-a057-6ac686c1c6e9"",""label"":""Cold"",""priceDelta"":0}],""groupId"":""34bfbb80-a978-4fb3-b5b9-ef83fdd3b936"",""required"":true}]","READY"
"4a356827-9a68-4756-bd79-a51982a8ecb7","1e14368d-9a70-4f61-bd62-b217ccfe6757","591f5a9e-5ae2-4612-a2fb-f42a2701ee97","1","0.000000000000000000000000000000",,"[{""type"":""single"",""title"":""Sugar"",""choices"":[{""id"":""f37891d4-906e-41fd-b016-39fca6854ee6"",""label"":""Sugar"",""priceDelta"":0}],""groupId"":""06a1f88e-2888-479f-8946-109b928ad90b"",""required"":true},{""type"":""single"",""title"":""Choice"",""choices"":[{""id"":""e59338ec-03fe-46fe-a057-6ac686c1c6e9"",""label"":""Cold"",""priceDelta"":0}],""groupId"":""34bfbb80-a978-4fb3-b5b9-ef83fdd3b936"",""required"":true}]","READY"
"4a8b0e21-8cab-4e3e-8d55-9d72dcced77f","f0a99da6-f65e-40b6-8759-c078aacd9ce8","7e851c95-25d4-4e97-834f-0708d32e0ed7","1","0.000000000000000000000000000000",,"[{""type"":""single"",""title"":""Sugar"",""choices"":[{""id"":""44ea2716-b9e7-4743-8cf6-74a3ecd8383b"",""label"":""No Sugar"",""priceDelta"":0}],""groupId"":""e2881883-1aaf-4a54-9986-c33e9d120289"",""required"":true},{""type"":""single"",""title"":""Option"",""choices"":[{""id"":""7f46222e-8c71-4976-887f-0de762d365c3"",""label"":""Cold"",""priceDelta"":0}],""groupId"":""72bc398e-a245-4b94-b598-446567c641b0"",""required"":true}]","READY"
"4aef4199-3757-4189-9993-458aea7194fd","0d603ab3-86b1-4f45-ac1b-35b09438ba58","ee41b154-17a0-4f25-897c-0e34d0e9ca3b","1","0.000000000000000000000000000000",,"[{""type"":""single"",""title"":""Option"",""choices"":[{""id"":""a8530576-5d1c-4996-911a-b62cd0a6daf2"",""label"":""Sugar"",""priceDelta"":0}],""groupId"":""12b13edf-d25a-4abf-92d2-5d5b45515fb6"",""required"":true},{""type"":""single"",""title"":""Option"",""choices"":[{""id"":""7ea696b5-36dc-460e-905f-0dc05debdeb3"",""label"":""Cold"",""priceDelta"":0}],""groupId"":""f49b7c85-fcf0-43de-9f46-fdc52f0bd11a"",""required"":true}]","READY"
"4b879ed3-c06a-4114-ab56-c4a83a902b20","b29a17a6-2782-4a19-a25a-0b2ad9194eb8","fb8fe2c6-9c32-4bef-8fa1-43835afcc6c6","1","0.000000000000000000000000000000",,"[{""type"":""single"",""title"":""Sugar"",""choices"":[{""id"":""d9af3701-1417-4c4e-84c9-b819b0629cad"",""label"":""No Sugar"",""priceDelta"":0}],""groupId"":""f3365b84-e196-42f0-9fd6-3d8a1d8dde4c"",""required"":true},{""type"":""single"",""title"":""Choice"",""choices"":[{""id"":""c71b228e-1db4-4cbe-add8-682c2f2ff432"",""label"":""Cold"",""priceDelta"":0}],""groupId"":""8090364a-6a50-4ff0-bcd6-d4f2ebb7dab3"",""required"":true}]","READY"
"4ba04437-628d-4796-b1a4-f291a045b6f0","d8661e3b-3b00-4f33-9be9-61d3d446a164","fb8fe2c6-9c32-4bef-8fa1-43835afcc6c6","1","0.000000000000000000000000000000",,"[{""type"":""single"",""title"":""Sugar"",""choices"":[{""id"":""d9af3701-1417-4c4e-84c9-b819b0629cad"",""label"":""No Sugar"",""priceDelta"":0}],""groupId"":""f3365b84-e196-42f0-9fd6-3d8a1d8dde4c"",""required"":true},{""type"":""single"",""title"":""Choice"",""choices"":[{""id"":""c71b228e-1db4-4cbe-add8-682c2f2ff432"",""label"":""Cold"",""priceDelta"":0}],""groupId"":""8090364a-6a50-4ff0-bcd6-d4f2ebb7dab3"",""required"":true}]","READY"
"4bc10727-813e-4637-ba2b-611b93d5cfee","cf8885f8-c83e-410f-aa80-58e746a09dfb","fb8fe2c6-9c32-4bef-8fa1-43835afcc6c6","1","0.000000000000000000000000000000",,"[{""type"":""single"",""title"":""Sugar"",""choices"":[{""id"":""4fa5be53-3fb1-4f3d-a093-cf72abcb644d"",""label"":""Sugar"",""priceDelta"":0}],""groupId"":""f3365b84-e196-42f0-9fd6-3d8a1d8dde4c"",""required"":true},{""type"":""single"",""title"":""Choice"",""choices"":[{""id"":""c71b228e-1db4-4cbe-add8-682c2f2ff432"",""label"":""Cold"",""priceDelta"":0}],""groupId"":""8090364a-6a50-4ff0-bcd6-d4f2ebb7dab3"",""required"":true}]","READY"
"4bc12bca-ebb1-4abf-8cb1-be4e1eec3c08","85d6bfa2-c4d5-4640-8e6d-524bb1821467","591f5a9e-5ae2-4612-a2fb-f42a2701ee97","1","0.000000000000000000000000000000",,"[{""type"":""single"",""title"":""Sugar"",""choices"":[{""id"":""05361b04-9e88-4bae-a48a-8dabaef4a8d2"",""label"":""No Sugar"",""priceDelta"":0}],""groupId"":""06a1f88e-2888-479f-8946-109b928ad90b"",""required"":true},{""type"":""single"",""title"":""Choice"",""choices"":[{""id"":""e59338ec-03fe-46fe-a057-6ac686c1c6e9"",""label"":""Cold"",""priceDelta"":0}],""groupId"":""34bfbb80-a978-4fb3-b5b9-ef83fdd3b936"",""required"":true}]","READY"
"4c1acf02-b4b1-4393-9ac8-4cb8aec1ab29","7f009ca6-3ae6-425a-8018-a4c10390444c","7e851c95-25d4-4e97-834f-0708d32e0ed7","1","0.000000000000000000000000000000",,"[{""type"":""single"",""title"":""Sugar"",""choices"":[{""id"":""44ea2716-b9e7-4743-8cf6-74a3ecd8383b"",""label"":""No Sugar"",""priceDelta"":0}],""groupId"":""e2881883-1aaf-4a54-9986-c33e9d120289"",""required"":true},{""type"":""single"",""title"":""Option"",""choices"":[{""id"":""7f46222e-8c71-4976-887f-0de762d365c3"",""label"":""Cold"",""priceDelta"":0}],""groupId"":""72bc398e-a245-4b94-b598-446567c641b0"",""required"":true}]","READY"
"4c71cd4e-f535-462e-81c5-2879e5317626","eea15d0f-0e59-4deb-88dc-1f11650bb024","ee41b154-17a0-4f25-897c-0e34d0e9ca3b","1","0.000000000000000000000000000000",,"[{""type"":""single"",""title"":""Option"",""choices"":[{""id"":""a8530576-5d1c-4996-911a-b62cd0a6daf2"",""label"":""Sugar"",""priceDelta"":0}],""groupId"":""12b13edf-d25a-4abf-92d2-5d5b45515fb6"",""required"":true},{""type"":""single"",""title"":""Option"",""choices"":[{""id"":""7ea696b5-36dc-460e-905f-0dc05debdeb3"",""label"":""Cold"",""priceDelta"":0}],""groupId"":""f49b7c85-fcf0-43de-9f46-fdc52f0bd11a"",""required"":true}]","READY"
"4ceaf577-4801-4674-8dba-d7208aaec4d3","e9fba7b7-dd05-4e37-9f96-7199f450ad21","591f5a9e-5ae2-4612-a2fb-f42a2701ee97","1","0.000000000000000000000000000000",,"[{""type"":""single"",""title"":""Sugar"",""choices"":[{""id"":""05361b04-9e88-4bae-a48a-8dabaef4a8d2"",""label"":""No Sugar"",""priceDelta"":0}],""groupId"":""06a1f88e-2888-479f-8946-109b928ad90b"",""required"":true},{""type"":""single"",""title"":""Choice"",""choices"":[{""id"":""74279e17-917e-4369-9d70-b782add81b27"",""label"":""Hot"",""priceDelta"":0}],""groupId"":""34bfbb80-a978-4fb3-b5b9-ef83fdd3b936"",""required"":true}]","READY"
"4da78cca-5f9c-4ea7-9db6-311d609f3fbe","8c15e365-5492-48b7-a387-0bec76506cce","ee41b154-17a0-4f25-897c-0e34d0e9ca3b","1","0.000000000000000000000000000000",,"[{""type"":""single"",""title"":""Option"",""choices"":[{""id"":""a9c0ba9a-f944-4f5f-9c23-759a4d8930f5"",""label"":""No Sugar"",""priceDelta"":0}],""groupId"":""12b13edf-d25a-4abf-92d2-5d5b45515fb6"",""required"":true},{""type"":""single"",""title"":""Option"",""choices"":[{""id"":""0ec24708-bfd6-4c1f-8d5e-a86d9cef2e64"",""label"":""Hot"",""priceDelta"":0}],""groupId"":""f49b7c85-fcf0-43de-9f46-fdc52f0bd11a"",""required"":true}]","READY"
"4e29d983-6f63-445e-89e4-7e85841112f7","bdb3ec8a-f4a7-407b-9bb3-abb70f347d83","7e851c95-25d4-4e97-834f-0708d32e0ed7","1","0.000000000000000000000000000000",,"[{""type"":""single"",""title"":""Sugar"",""choices"":[{""id"":""44ea2716-b9e7-4743-8cf6-74a3ecd8383b"",""label"":""No Sugar"",""priceDelta"":0}],""groupId"":""e2881883-1aaf-4a54-9986-c33e9d120289"",""required"":true},{""type"":""single"",""title"":""Option"",""choices"":[{""id"":""fd1f3359-6e52-48ac-b711-674b0d4e1099"",""label"":""Hot"",""priceDelta"":0}],""groupId"":""72bc398e-a245-4b94-b598-446567c641b0"",""required"":true}]","READY"
"4e62c6ad-301a-4a21-9732-0d1b6d6a2bd5","4ce8a29e-333d-4715-9902-3bdecfdd5726","591f5a9e-5ae2-4612-a2fb-f42a2701ee97","1","0.000000000000000000000000000000",,"[{""type"":""single"",""title"":""Sugar"",""choices"":[{""id"":""05361b04-9e88-4bae-a48a-8dabaef4a8d2"",""label"":""No Sugar"",""priceDelta"":0}],""groupId"":""06a1f88e-2888-479f-8946-109b928ad90b"",""required"":true},{""type"":""single"",""title"":""Choice"",""choices"":[{""id"":""74279e17-917e-4369-9d70-b782add81b27"",""label"":""Hot"",""priceDelta"":0}],""groupId"":""34bfbb80-a978-4fb3-b5b9-ef83fdd3b936"",""required"":true}]","READY"
"4f1cb006-4039-4f9a-b76d-f15eff3ebbd7","9d6b424a-1bb1-400d-b2fe-ea7bf34911ba","fb8fe2c6-9c32-4bef-8fa1-43835afcc6c6","1","0.000000000000000000000000000000",,"[{""type"":""single"",""title"":""Sugar"",""choices"":[{""id"":""4fa5be53-3fb1-4f3d-a093-cf72abcb644d"",""label"":""Sugar"",""priceDelta"":0}],""groupId"":""f3365b84-e196-42f0-9fd6-3d8a1d8dde4c"",""required"":true},{""type"":""single"",""title"":""Choice"",""choices"":[{""id"":""c71b228e-1db4-4cbe-add8-682c2f2ff432"",""label"":""Cold"",""priceDelta"":0}],""groupId"":""8090364a-6a50-4ff0-bcd6-d4f2ebb7dab3"",""required"":true}]","READY"
"4fe81178-f293-4863-bc78-e2251e27b3e0","f6b39f95-9f7a-478e-9c71-4bf947a48fd6","7e851c95-25d4-4e97-834f-0708d32e0ed7","1","0.000000000000000000000000000000",,"[{""type"":""single"",""title"":""Sugar"",""choices"":[{""id"":""44ea2716-b9e7-4743-8cf6-74a3ecd8383b"",""label"":""No Sugar"",""priceDelta"":0}],""groupId"":""e2881883-1aaf-4a54-9986-c33e9d120289"",""required"":true},{""type"":""single"",""title"":""Option"",""choices"":[{""id"":""7f46222e-8c71-4976-887f-0de762d365c3"",""label"":""Cold"",""priceDelta"":0}],""groupId"":""72bc398e-a245-4b94-b598-446567c641b0"",""required"":true}]","READY"
"4fef0b2f-5558-4e70-8108-8ec2e694790f","2f857956-07bb-43fa-8dca-813c4129a1c9","ee41b154-17a0-4f25-897c-0e34d0e9ca3b","1","0.000000000000000000000000000000",,"[{""type"":""single"",""title"":""Option"",""choices"":[{""id"":""a8530576-5d1c-4996-911a-b62cd0a6daf2"",""label"":""Sugar"",""priceDelta"":0}],""groupId"":""12b13edf-d25a-4abf-92d2-5d5b45515fb6"",""required"":true},{""type"":""single"",""title"":""Option"",""choices"":[{""id"":""7ea696b5-36dc-460e-905f-0dc05debdeb3"",""label"":""Cold"",""priceDelta"":0}],""groupId"":""f49b7c85-fcf0-43de-9f46-fdc52f0bd11a"",""required"":true}]","READY"
"5021dcbd-9b9a-46ed-ba05-7d5ce0a442e8","29f3fe4a-0924-476d-80a9-319791e233e3","591f5a9e-5ae2-4612-a2fb-f42a2701ee97","1","0.000000000000000000000000000000",,"[{""type"":""single"",""title"":""Sugar"",""choices"":[{""id"":""05361b04-9e88-4bae-a48a-8dabaef4a8d2"",""label"":""No Sugar"",""priceDelta"":0}],""groupId"":""06a1f88e-2888-479f-8946-109b928ad90b"",""required"":true},{""type"":""single"",""title"":""Choice"",""choices"":[{""id"":""e59338ec-03fe-46fe-a057-6ac686c1c6e9"",""label"":""Cold"",""priceDelta"":0}],""groupId"":""34bfbb80-a978-4fb3-b5b9-ef83fdd3b936"",""required"":true}]","READY"
"5025b23f-4a56-4c5b-82e1-6f1662aa3ae3","4a21ec6f-755e-4847-84e2-fd2943363ae9","ee41b154-17a0-4f25-897c-0e34d0e9ca3b","1","0.000000000000000000000000000000",,"[{""type"":""single"",""title"":""Option"",""choices"":[{""id"":""a9c0ba9a-f944-4f5f-9c23-759a4d8930f5"",""label"":""No Sugar"",""priceDelta"":0}],""groupId"":""12b13edf-d25a-4abf-92d2-5d5b45515fb6"",""required"":true},{""type"":""single"",""title"":""Option"",""choices"":[{""id"":""7ea696b5-36dc-460e-905f-0dc05debdeb3"",""label"":""Cold"",""priceDelta"":0}],""groupId"":""f49b7c85-fcf0-43de-9f46-fdc52f0bd11a"",""required"":true}]","READY"
"506a643b-a14a-4d30-a0ae-0be9d35ecad5","bb1671a5-41c9-49cc-b803-2f29935de32f","bfafbe37-d3a8-4f50-9186-f70a99acb47e","1","0.000000000000000000000000000000",,"[]","READY"
"506ed7da-d556-46b2-a670-bd37e6fbf35f","2294fbc9-8daf-45ea-8753-1826ec3bd9b4","591f5a9e-5ae2-4612-a2fb-f42a2701ee97","1","0.000000000000000000000000000000",,"[{""type"":""single"",""title"":""Sugar"",""choices"":[{""id"":""05361b04-9e88-4bae-a48a-8dabaef4a8d2"",""label"":""No Sugar"",""priceDelta"":0}],""groupId"":""06a1f88e-2888-479f-8946-109b928ad90b"",""required"":true},{""type"":""single"",""title"":""Choice"",""choices"":[{""id"":""e59338ec-03fe-46fe-a057-6ac686c1c6e9"",""label"":""Cold"",""priceDelta"":0}],""groupId"":""34bfbb80-a978-4fb3-b5b9-ef83fdd3b936"",""required"":true}]","READY"
"50a78724-640d-42db-8d89-b010f65e707b","433870d5-0f99-4d8e-ba9c-b56721e1598e","7e851c95-25d4-4e97-834f-0708d32e0ed7","1","0.000000000000000000000000000000",,"[{""type"":""single"",""title"":""Sugar"",""choices"":[{""id"":""44ea2716-b9e7-4743-8cf6-74a3ecd8383b"",""label"":""No Sugar"",""priceDelta"":0}],""groupId"":""e2881883-1aaf-4a54-9986-c33e9d120289"",""required"":true},{""type"":""single"",""title"":""Option"",""choices"":[{""id"":""fd1f3359-6e52-48ac-b711-674b0d4e1099"",""label"":""Hot"",""priceDelta"":0}],""groupId"":""72bc398e-a245-4b94-b598-446567c641b0"",""required"":true}]","READY"
"5140f203-65fe-42e4-b568-827f76dfe255","41873777-84b2-425d-8e6d-1ebfebc3eead","7e851c95-25d4-4e97-834f-0708d32e0ed7","1","0.000000000000000000000000000000",,"[{""type"":""single"",""title"":""Sugar"",""choices"":[{""id"":""44ea2716-b9e7-4743-8cf6-74a3ecd8383b"",""label"":""No Sugar"",""priceDelta"":0}],""groupId"":""e2881883-1aaf-4a54-9986-c33e9d120289"",""required"":true},{""type"":""single"",""title"":""Option"",""choices"":[{""id"":""fd1f3359-6e52-48ac-b711-674b0d4e1099"",""label"":""Hot"",""priceDelta"":0}],""groupId"":""72bc398e-a245-4b94-b598-446567c641b0"",""required"":true}]","READY"
"5163f9b0-72db-48f5-b4a0-849f93c1d126","2d8b99ee-d14b-4bb4-95ce-ce3694265acb","fb8fe2c6-9c32-4bef-8fa1-43835afcc6c6","1","0.000000000000000000000000000000",,"[{""type"":""single"",""title"":""Sugar"",""choices"":[{""id"":""4fa5be53-3fb1-4f3d-a093-cf72abcb644d"",""label"":""Sugar"",""priceDelta"":0}],""groupId"":""f3365b84-e196-42f0-9fd6-3d8a1d8dde4c"",""required"":true},{""type"":""single"",""title"":""Choice"",""choices"":[{""id"":""7c6f786f-e742-41b2-9e67-48fa2fb1f7f2"",""label"":""Hot"",""priceDelta"":0}],""groupId"":""8090364a-6a50-4ff0-bcd6-d4f2ebb7dab3"",""required"":true}]","READY"
"51d4bf55-5273-4a88-af31-d8a13c9323da","5c4d88ec-b411-4fa9-bde8-a1bda22dd087","ee41b154-17a0-4f25-897c-0e34d0e9ca3b","1","0.000000000000000000000000000000",,"[{""type"":""single"",""title"":""Option"",""choices"":[{""id"":""a8530576-5d1c-4996-911a-b62cd0a6daf2"",""label"":""Sugar"",""priceDelta"":0}],""groupId"":""12b13edf-d25a-4abf-92d2-5d5b45515fb6"",""required"":true},{""type"":""single"",""title"":""Option"",""choices"":[{""id"":""0ec24708-bfd6-4c1f-8d5e-a86d9cef2e64"",""label"":""Hot"",""priceDelta"":0}],""groupId"":""f49b7c85-fcf0-43de-9f46-fdc52f0bd11a"",""required"":true}]","READY"
"5229013e-7e54-4180-9f04-f11bddb63834","401e226d-5d0e-470a-a025-0ff656242d96","ee41b154-17a0-4f25-897c-0e34d0e9ca3b","1","0.000000000000000000000000000000",,"[{""type"":""single"",""title"":""Option"",""choices"":[{""id"":""a8530576-5d1c-4996-911a-b62cd0a6daf2"",""label"":""Sugar"",""priceDelta"":0}],""groupId"":""12b13edf-d25a-4abf-92d2-5d5b45515fb6"",""required"":true},{""type"":""single"",""title"":""Option"",""choices"":[{""id"":""7ea696b5-36dc-460e-905f-0dc05debdeb3"",""label"":""Cold"",""priceDelta"":0}],""groupId"":""f49b7c85-fcf0-43de-9f46-fdc52f0bd11a"",""required"":true}]","READY"
"529ab6bd-6d99-4238-809e-7c5b265c786e","4294ef1d-d24c-4aea-b262-bb9738565d1a","ee41b154-17a0-4f25-897c-0e34d0e9ca3b","1","0.000000000000000000000000000000",,"[{""type"":""single"",""title"":""Option"",""choices"":[{""id"":""a9c0ba9a-f944-4f5f-9c23-759a4d8930f5"",""label"":""No Sugar"",""priceDelta"":0}],""groupId"":""12b13edf-d25a-4abf-92d2-5d5b45515fb6"",""required"":true},{""type"":""single"",""title"":""Option"",""choices"":[{""id"":""7ea696b5-36dc-460e-905f-0dc05debdeb3"",""label"":""Cold"",""priceDelta"":0}],""groupId"":""f49b7c85-fcf0-43de-9f46-fdc52f0bd11a"",""required"":true}]","READY"
"52cbcb06-1526-4a06-9d95-ecc604cffd70","3cf25395-c532-4da2-b264-b3f24e9fd518","591f5a9e-5ae2-4612-a2fb-f42a2701ee97","1","0.000000000000000000000000000000",,"[{""type"":""single"",""title"":""Sugar"",""choices"":[{""id"":""f37891d4-906e-41fd-b016-39fca6854ee6"",""label"":""Sugar"",""priceDelta"":0}],""groupId"":""06a1f88e-2888-479f-8946-109b928ad90b"",""required"":true},{""type"":""single"",""title"":""Choice"",""choices"":[{""id"":""e59338ec-03fe-46fe-a057-6ac686c1c6e9"",""label"":""Cold"",""priceDelta"":0}],""groupId"":""34bfbb80-a978-4fb3-b5b9-ef83fdd3b936"",""required"":true}]","READY"
"52d9c55f-b6be-4868-a036-4e6437cef614","5f6d3b06-6825-4433-b10b-3a80f0bd1d4d","fb8fe2c6-9c32-4bef-8fa1-43835afcc6c6","1","0.000000000000000000000000000000",,"[{""type"":""single"",""title"":""Sugar"",""choices"":[{""id"":""4fa5be53-3fb1-4f3d-a093-cf72abcb644d"",""label"":""Sugar"",""priceDelta"":0}],""groupId"":""f3365b84-e196-42f0-9fd6-3d8a1d8dde4c"",""required"":true},{""type"":""single"",""title"":""Choice"",""choices"":[{""id"":""c71b228e-1db4-4cbe-add8-682c2f2ff432"",""label"":""Cold"",""priceDelta"":0}],""groupId"":""8090364a-6a50-4ff0-bcd6-d4f2ebb7dab3"",""required"":true}]","READY"
"52eddba1-b4f4-49dd-b6cc-7e77ec482235","99fed68c-3e7c-4271-a859-4687deb54c5c","fb8fe2c6-9c32-4bef-8fa1-43835afcc6c6","1","0.000000000000000000000000000000",,"[{""type"":""single"",""title"":""Sugar"",""choices"":[{""id"":""4fa5be53-3fb1-4f3d-a093-cf72abcb644d"",""label"":""Sugar"",""priceDelta"":0}],""groupId"":""f3365b84-e196-42f0-9fd6-3d8a1d8dde4c"",""required"":true},{""type"":""single"",""title"":""Choice"",""choices"":[{""id"":""7c6f786f-e742-41b2-9e67-48fa2fb1f7f2"",""label"":""Hot"",""priceDelta"":0}],""groupId"":""8090364a-6a50-4ff0-bcd6-d4f2ebb7dab3"",""required"":true}]","READY"
"538af5cc-8bc2-4bb8-a75e-ab22d8a8141f","789835fe-23da-44cd-a9cb-66503e9780cd","ee41b154-17a0-4f25-897c-0e34d0e9ca3b","1","0.000000000000000000000000000000",,"[{""type"":""single"",""title"":""Option"",""choices"":[{""id"":""a8530576-5d1c-4996-911a-b62cd0a6daf2"",""label"":""Sugar"",""priceDelta"":0}],""groupId"":""12b13edf-d25a-4abf-92d2-5d5b45515fb6"",""required"":true},{""type"":""single"",""title"":""Option"",""choices"":[{""id"":""7ea696b5-36dc-460e-905f-0dc05debdeb3"",""label"":""Cold"",""priceDelta"":0}],""groupId"":""f49b7c85-fcf0-43de-9f46-fdc52f0bd11a"",""required"":true}]","READY"
"53f2a2ee-d81d-491e-abfd-4f36d9dcebf2","664b222c-b2ab-4814-a107-704a32c60358","591f5a9e-5ae2-4612-a2fb-f42a2701ee97","1","0.000000000000000000000000000000",,"[{""type"":""single"",""title"":""Sugar"",""choices"":[{""id"":""f37891d4-906e-41fd-b016-39fca6854ee6"",""label"":""Sugar"",""priceDelta"":0}],""groupId"":""06a1f88e-2888-479f-8946-109b928ad90b"",""required"":true},{""type"":""single"",""title"":""Choice"",""choices"":[{""id"":""e59338ec-03fe-46fe-a057-6ac686c1c6e9"",""label"":""Cold"",""priceDelta"":0}],""groupId"":""34bfbb80-a978-4fb3-b5b9-ef83fdd3b936"",""required"":true}]","READY"
"542ee6fe-524e-4adc-b6f6-b552eda08236","ba2adf66-2bb4-4945-8c3c-f96c5fb61690","ee41b154-17a0-4f25-897c-0e34d0e9ca3b","1","0.000000000000000000000000000000",,"[{""type"":""single"",""title"":""Option"",""choices"":[{""id"":""a9c0ba9a-f944-4f5f-9c23-759a4d8930f5"",""label"":""No Sugar"",""priceDelta"":0}],""groupId"":""12b13edf-d25a-4abf-92d2-5d5b45515fb6"",""required"":true},{""type"":""single"",""title"":""Option"",""choices"":[{""id"":""0ec24708-bfd6-4c1f-8d5e-a86d9cef2e64"",""label"":""Hot"",""priceDelta"":0}],""groupId"":""f49b7c85-fcf0-43de-9f46-fdc52f0bd11a"",""required"":true}]","READY"
"54bc62da-4b7d-4a44-879e-d29290ea52b2","511b5b98-bed5-45da-b92f-73d8d315aad7","591f5a9e-5ae2-4612-a2fb-f42a2701ee97","1","0.000000000000000000000000000000",,"[{""type"":""single"",""title"":""Sugar"",""choices"":[{""id"":""f37891d4-906e-41fd-b016-39fca6854ee6"",""label"":""Sugar"",""priceDelta"":0}],""groupId"":""06a1f88e-2888-479f-8946-109b928ad90b"",""required"":true},{""type"":""single"",""title"":""Choice"",""choices"":[{""id"":""e59338ec-03fe-46fe-a057-6ac686c1c6e9"",""label"":""Cold"",""priceDelta"":0}],""groupId"":""34bfbb80-a978-4fb3-b5b9-ef83fdd3b936"",""required"":true}]","READY"
"54e8ae2a-6605-48d6-83e0-d0b110ee2eba","b78659a8-75e0-44b6-8425-91e810e841b7","ee41b154-17a0-4f25-897c-0e34d0e9ca3b","1","0.000000000000000000000000000000",,"[{""type"":""single"",""title"":""Option"",""choices"":[{""id"":""a8530576-5d1c-4996-911a-b62cd0a6daf2"",""label"":""Sugar"",""priceDelta"":0}],""groupId"":""12b13edf-d25a-4abf-92d2-5d5b45515fb6"",""required"":true},{""type"":""single"",""title"":""Option"",""choices"":[{""id"":""7ea696b5-36dc-460e-905f-0dc05debdeb3"",""label"":""Cold"",""priceDelta"":0}],""groupId"":""f49b7c85-fcf0-43de-9f46-fdc52f0bd11a"",""required"":true}]","READY"
"55b6db9a-03f5-4f25-965b-e2b704122c2b","7bd39ea5-ee13-47bb-9404-88559bf9645b","7e851c95-25d4-4e97-834f-0708d32e0ed7","1","0.000000000000000000000000000000",,"[{""type"":""single"",""title"":""Sugar"",""choices"":[{""id"":""44ea2716-b9e7-4743-8cf6-74a3ecd8383b"",""label"":""No Sugar"",""priceDelta"":0}],""groupId"":""e2881883-1aaf-4a54-9986-c33e9d120289"",""required"":true},{""type"":""single"",""title"":""Option"",""choices"":[{""id"":""7f46222e-8c71-4976-887f-0de762d365c3"",""label"":""Cold"",""priceDelta"":0}],""groupId"":""72bc398e-a245-4b94-b598-446567c641b0"",""required"":true}]","READY"
"55c82f14-b183-4c46-839a-4c7f16d06aa6","7ee5add5-1c03-43cc-aa14-8eef823d3849","591f5a9e-5ae2-4612-a2fb-f42a2701ee97","1","0.000000000000000000000000000000",,"[{""type"":""single"",""title"":""Sugar"",""choices"":[{""id"":""f37891d4-906e-41fd-b016-39fca6854ee6"",""label"":""Sugar"",""priceDelta"":0}],""groupId"":""06a1f88e-2888-479f-8946-109b928ad90b"",""required"":true},{""type"":""single"",""title"":""Choice"",""choices"":[{""id"":""e59338ec-03fe-46fe-a057-6ac686c1c6e9"",""label"":""Cold"",""priceDelta"":0}],""groupId"":""34bfbb80-a978-4fb3-b5b9-ef83fdd3b936"",""required"":true}]","READY"
"55ca289e-dcd9-4af4-9769-0171ac617daa","ac5b1df8-dffe-4037-b969-3a9dfa495fbb","ee41b154-17a0-4f25-897c-0e34d0e9ca3b","1","0.000000000000000000000000000000",,"[{""type"":""single"",""title"":""Option"",""choices"":[{""id"":""a8530576-5d1c-4996-911a-b62cd0a6daf2"",""label"":""Sugar"",""priceDelta"":0}],""groupId"":""12b13edf-d25a-4abf-92d2-5d5b45515fb6"",""required"":true},{""type"":""single"",""title"":""Option"",""choices"":[{""id"":""7ea696b5-36dc-460e-905f-0dc05debdeb3"",""label"":""Cold"",""priceDelta"":0}],""groupId"":""f49b7c85-fcf0-43de-9f46-fdc52f0bd11a"",""required"":true}]","READY"
"5739114f-a4da-4153-9f1d-ab2afb24505e","739baa67-3c90-4ece-9857-816c06bef9e7","fb8fe2c6-9c32-4bef-8fa1-43835afcc6c6","2","0.000000000000000000000000000000",,"[{""type"":""single"",""title"":""Sugar"",""choices"":[{""id"":""d9af3701-1417-4c4e-84c9-b819b0629cad"",""label"":""No Sugar"",""priceDelta"":0}],""groupId"":""f3365b84-e196-42f0-9fd6-3d8a1d8dde4c"",""required"":true},{""type"":""single"",""title"":""Choice"",""choices"":[{""id"":""7c6f786f-e742-41b2-9e67-48fa2fb1f7f2"",""label"":""Hot"",""priceDelta"":0}],""groupId"":""8090364a-6a50-4ff0-bcd6-d4f2ebb7dab3"",""required"":true}]","READY"
"5798bc28-6ef0-40e1-8cc5-54e35837d078","a842c1ba-d36d-4957-8868-66e291396625","fb8fe2c6-9c32-4bef-8fa1-43835afcc6c6","1","0.000000000000000000000000000000",,"[{""type"":""single"",""title"":""Sugar"",""choices"":[{""id"":""4fa5be53-3fb1-4f3d-a093-cf72abcb644d"",""label"":""Sugar"",""priceDelta"":0}],""groupId"":""f3365b84-e196-42f0-9fd6-3d8a1d8dde4c"",""required"":true},{""type"":""single"",""title"":""Choice"",""choices"":[{""id"":""c71b228e-1db4-4cbe-add8-682c2f2ff432"",""label"":""Cold"",""priceDelta"":0}],""groupId"":""8090364a-6a50-4ff0-bcd6-d4f2ebb7dab3"",""required"":true}]","READY"
"57c5c254-4745-424f-b2c5-387c7d685990","603f0c34-64b9-4d32-a43c-29fb8678fa9b","ee41b154-17a0-4f25-897c-0e34d0e9ca3b","1","0.000000000000000000000000000000",,"[{""type"":""single"",""title"":""Option"",""choices"":[{""id"":""a9c0ba9a-f944-4f5f-9c23-759a4d8930f5"",""label"":""No Sugar"",""priceDelta"":0}],""groupId"":""12b13edf-d25a-4abf-92d2-5d5b45515fb6"",""required"":true},{""type"":""single"",""title"":""Option"",""choices"":[{""id"":""7ea696b5-36dc-460e-905f-0dc05debdeb3"",""label"":""Cold"",""priceDelta"":0}],""groupId"":""f49b7c85-fcf0-43de-9f46-fdc52f0bd11a"",""required"":true}]","READY"
"5885ebf7-91d4-4db8-bc6f-1dec7ca4620e","03192079-0b49-4005-968c-53fa751404df","591f5a9e-5ae2-4612-a2fb-f42a2701ee97","1","0.000000000000000000000000000000",,"[{""type"":""single"",""title"":""Sugar"",""choices"":[{""id"":""f37891d4-906e-41fd-b016-39fca6854ee6"",""label"":""Sugar"",""priceDelta"":0}],""groupId"":""06a1f88e-2888-479f-8946-109b928ad90b"",""required"":true},{""type"":""single"",""title"":""Choice"",""choices"":[{""id"":""e59338ec-03fe-46fe-a057-6ac686c1c6e9"",""label"":""Cold"",""priceDelta"":0}],""groupId"":""34bfbb80-a978-4fb3-b5b9-ef83fdd3b936"",""required"":true}]","READY"
"589f54df-f964-44d0-8aa3-3e56c2aedf83","1bde315c-55c3-478c-8d9f-3bec1d42d070","ee41b154-17a0-4f25-897c-0e34d0e9ca3b","1","0.000000000000000000000000000000",,"[{""type"":""single"",""title"":""Option"",""choices"":[{""id"":""a8530576-5d1c-4996-911a-b62cd0a6daf2"",""label"":""Sugar"",""priceDelta"":0}],""groupId"":""12b13edf-d25a-4abf-92d2-5d5b45515fb6"",""required"":true},{""type"":""single"",""title"":""Option"",""choices"":[{""id"":""7ea696b5-36dc-460e-905f-0dc05debdeb3"",""label"":""Cold"",""priceDelta"":0}],""groupId"":""f49b7c85-fcf0-43de-9f46-fdc52f0bd11a"",""required"":true}]","READY"
"58e38dd9-6136-4b95-80c0-61203aef6ce5","c7550957-48a5-4f04-bde0-22b21d950cfa","fb8fe2c6-9c32-4bef-8fa1-43835afcc6c6","1","0.000000000000000000000000000000",,"[{""type"":""single"",""title"":""Sugar"",""choices"":[{""id"":""4fa5be53-3fb1-4f3d-a093-cf72abcb644d"",""label"":""Sugar"",""priceDelta"":0}],""groupId"":""f3365b84-e196-42f0-9fd6-3d8a1d8dde4c"",""required"":true},{""type"":""single"",""title"":""Choice"",""choices"":[{""id"":""c71b228e-1db4-4cbe-add8-682c2f2ff432"",""label"":""Cold"",""priceDelta"":0}],""groupId"":""8090364a-6a50-4ff0-bcd6-d4f2ebb7dab3"",""required"":true}]","READY"
"58eefe02-6ff5-4139-b6ef-e75781378bcd","65169022-b502-497a-9b19-b6cd8eeafda2","fb8fe2c6-9c32-4bef-8fa1-43835afcc6c6","1","0.000000000000000000000000000000",,"[{""type"":""single"",""title"":""Sugar"",""choices"":[{""id"":""d9af3701-1417-4c4e-84c9-b819b0629cad"",""label"":""No Sugar"",""priceDelta"":0}],""groupId"":""f3365b84-e196-42f0-9fd6-3d8a1d8dde4c"",""required"":true},{""type"":""single"",""title"":""Choice"",""choices"":[{""id"":""7c6f786f-e742-41b2-9e67-48fa2fb1f7f2"",""label"":""Hot"",""priceDelta"":0}],""groupId"":""8090364a-6a50-4ff0-bcd6-d4f2ebb7dab3"",""required"":true}]","READY"
"590919d6-af85-4f3c-8f5e-0c9ebe9e7e02","482159db-8312-4be3-9380-e8bfc0043170","fb8fe2c6-9c32-4bef-8fa1-43835afcc6c6","1","0.000000000000000000000000000000",,"[{""type"":""single"",""title"":""Sugar"",""choices"":[{""id"":""4fa5be53-3fb1-4f3d-a093-cf72abcb644d"",""label"":""Sugar"",""priceDelta"":0}],""groupId"":""f3365b84-e196-42f0-9fd6-3d8a1d8dde4c"",""required"":true},{""type"":""single"",""title"":""Choice"",""choices"":[{""id"":""c71b228e-1db4-4cbe-add8-682c2f2ff432"",""label"":""Cold"",""priceDelta"":0}],""groupId"":""8090364a-6a50-4ff0-bcd6-d4f2ebb7dab3"",""required"":true}]","READY"
"5945eb71-7ea1-4193-aabf-53509d658ec0","14c602f1-4004-4760-9d8e-a539c3d70ff9","ee41b154-17a0-4f25-897c-0e34d0e9ca3b","1","0.000000000000000000000000000000",,"[{""type"":""single"",""title"":""Option"",""choices"":[{""id"":""a8530576-5d1c-4996-911a-b62cd0a6daf2"",""label"":""Sugar"",""priceDelta"":0}],""groupId"":""12b13edf-d25a-4abf-92d2-5d5b45515fb6"",""required"":true},{""type"":""single"",""title"":""Option"",""choices"":[{""id"":""7ea696b5-36dc-460e-905f-0dc05debdeb3"",""label"":""Cold"",""priceDelta"":0}],""groupId"":""f49b7c85-fcf0-43de-9f46-fdc52f0bd11a"",""required"":true}]","READY"
"5955be26-a6c6-4bd8-86fe-4fad63085896","24c0e1f7-d5a9-418f-bc1b-3339c779f329","591f5a9e-5ae2-4612-a2fb-f42a2701ee97","1","0.000000000000000000000000000000",,"[{""type"":""single"",""title"":""Sugar"",""choices"":[{""id"":""05361b04-9e88-4bae-a48a-8dabaef4a8d2"",""label"":""No Sugar"",""priceDelta"":0}],""groupId"":""06a1f88e-2888-479f-8946-109b928ad90b"",""required"":true},{""type"":""single"",""title"":""Choice"",""choices"":[{""id"":""e59338ec-03fe-46fe-a057-6ac686c1c6e9"",""label"":""Cold"",""priceDelta"":0}],""groupId"":""34bfbb80-a978-4fb3-b5b9-ef83fdd3b936"",""required"":true}]","READY"
"59bab4e2-c875-4c4f-8546-297d27b3f148","8959c160-8501-4ca4-8fa3-d7cb9fe3da30","591f5a9e-5ae2-4612-a2fb-f42a2701ee97","1","0.000000000000000000000000000000",,"[{""type"":""single"",""title"":""Sugar"",""choices"":[{""id"":""05361b04-9e88-4bae-a48a-8dabaef4a8d2"",""label"":""No Sugar"",""priceDelta"":0}],""groupId"":""06a1f88e-2888-479f-8946-109b928ad90b"",""required"":true},{""type"":""single"",""title"":""Choice"",""choices"":[{""id"":""e59338ec-03fe-46fe-a057-6ac686c1c6e9"",""label"":""Cold"",""priceDelta"":0}],""groupId"":""34bfbb80-a978-4fb3-b5b9-ef83fdd3b936"",""required"":true}]","READY"
"5a438593-891b-4430-97a8-efb4f0c04529","87c23038-1b23-4a31-a5e7-822c03c40dd5","591f5a9e-5ae2-4612-a2fb-f42a2701ee97","1","0.000000000000000000000000000000",,"[{""type"":""single"",""title"":""Sugar"",""choices"":[{""id"":""f37891d4-906e-41fd-b016-39fca6854ee6"",""label"":""Sugar"",""priceDelta"":0}],""groupId"":""06a1f88e-2888-479f-8946-109b928ad90b"",""required"":true},{""type"":""single"",""title"":""Choice"",""choices"":[{""id"":""e59338ec-03fe-46fe-a057-6ac686c1c6e9"",""label"":""Cold"",""priceDelta"":0}],""groupId"":""34bfbb80-a978-4fb3-b5b9-ef83fdd3b936"",""required"":true}]","READY"
"5b36dc1a-cd1b-4788-8b29-ebe230b7ec34","bad31b6e-0b93-4c1c-84f4-8e3d31be85d0","ee41b154-17a0-4f25-897c-0e34d0e9ca3b","1","0.000000000000000000000000000000",,"[{""type"":""single"",""title"":""Option"",""choices"":[{""id"":""a9c0ba9a-f944-4f5f-9c23-759a4d8930f5"",""label"":""No Sugar"",""priceDelta"":0}],""groupId"":""12b13edf-d25a-4abf-92d2-5d5b45515fb6"",""required"":true},{""type"":""single"",""title"":""Option"",""choices"":[{""id"":""7ea696b5-36dc-460e-905f-0dc05debdeb3"",""label"":""Cold"",""priceDelta"":0}],""groupId"":""f49b7c85-fcf0-43de-9f46-fdc52f0bd11a"",""required"":true}]","READY"
"5b615e0b-1f25-412d-a9ac-c01a7e998a97","b5c2ae19-50ed-4bed-a4f3-d276ef46044a","bfafbe37-d3a8-4f50-9186-f70a99acb47e","1","0.000000000000000000000000000000",,"[]","READY"
"5be43208-3c14-43ff-a37a-b810f21f3bb8","0690392d-0112-463e-94a3-968c0276bec6","fb8fe2c6-9c32-4bef-8fa1-43835afcc6c6","1","0.000000000000000000000000000000",,"[{""type"":""single"",""title"":""Sugar"",""choices"":[{""id"":""4fa5be53-3fb1-4f3d-a093-cf72abcb644d"",""label"":""Sugar"",""priceDelta"":0}],""groupId"":""f3365b84-e196-42f0-9fd6-3d8a1d8dde4c"",""required"":true},{""type"":""single"",""title"":""Choice"",""choices"":[{""id"":""c71b228e-1db4-4cbe-add8-682c2f2ff432"",""label"":""Cold"",""priceDelta"":0}],""groupId"":""8090364a-6a50-4ff0-bcd6-d4f2ebb7dab3"",""required"":true}]","READY"
"5bef8e76-ef5c-446d-a4a2-ec80cf9e9015","c2e1cec6-e46f-4b91-9c01-05df2498b75e","7e851c95-25d4-4e97-834f-0708d32e0ed7","1","0.000000000000000000000000000000",,"[{""type"":""single"",""title"":""Sugar"",""choices"":[{""id"":""44ea2716-b9e7-4743-8cf6-74a3ecd8383b"",""label"":""No Sugar"",""priceDelta"":0}],""groupId"":""e2881883-1aaf-4a54-9986-c33e9d120289"",""required"":true},{""type"":""single"",""title"":""Option"",""choices"":[{""id"":""7f46222e-8c71-4976-887f-0de762d365c3"",""label"":""Cold"",""priceDelta"":0}],""groupId"":""72bc398e-a245-4b94-b598-446567c641b0"",""required"":true}]","READY"
"5c0f59b6-4ce9-4239-8afe-79fe31b162c2","0895512a-f735-4c20-9a24-a952828c2b19","7e851c95-25d4-4e97-834f-0708d32e0ed7","1","0.000000000000000000000000000000",,"[{""type"":""single"",""title"":""Sugar"",""choices"":[{""id"":""44ea2716-b9e7-4743-8cf6-74a3ecd8383b"",""label"":""No Sugar"",""priceDelta"":0}],""groupId"":""e2881883-1aaf-4a54-9986-c33e9d120289"",""required"":true},{""type"":""single"",""title"":""Option"",""choices"":[{""id"":""fd1f3359-6e52-48ac-b711-674b0d4e1099"",""label"":""Hot"",""priceDelta"":0}],""groupId"":""72bc398e-a245-4b94-b598-446567c641b0"",""required"":true}]","READY"
"5c36cd1f-b892-43f9-a373-20e6c7fa6b3c","46229963-c232-42fc-898c-a8a6de5e9f9b","591f5a9e-5ae2-4612-a2fb-f42a2701ee97","1","0.000000000000000000000000000000",,"[{""type"":""single"",""title"":""Sugar"",""choices"":[{""id"":""f37891d4-906e-41fd-b016-39fca6854ee6"",""label"":""Sugar"",""priceDelta"":0}],""groupId"":""06a1f88e-2888-479f-8946-109b928ad90b"",""required"":true},{""type"":""single"",""title"":""Choice"",""choices"":[{""id"":""e59338ec-03fe-46fe-a057-6ac686c1c6e9"",""label"":""Cold"",""priceDelta"":0}],""groupId"":""34bfbb80-a978-4fb3-b5b9-ef83fdd3b936"",""required"":true}]","READY"
"5c8fa566-7740-415e-87b8-87f54f6c6da1","8662dd66-95b7-4a01-84e4-7c66cee6b665","fb8fe2c6-9c32-4bef-8fa1-43835afcc6c6","1","0.000000000000000000000000000000",,"[{""type"":""single"",""title"":""Sugar"",""choices"":[{""id"":""4fa5be53-3fb1-4f3d-a093-cf72abcb644d"",""label"":""Sugar"",""priceDelta"":0}],""groupId"":""f3365b84-e196-42f0-9fd6-3d8a1d8dde4c"",""required"":true},{""type"":""single"",""title"":""Choice"",""choices"":[{""id"":""c71b228e-1db4-4cbe-add8-682c2f2ff432"",""label"":""Cold"",""priceDelta"":0}],""groupId"":""8090364a-6a50-4ff0-bcd6-d4f2ebb7dab3"",""required"":true}]","READY"
"5dddea0a-961d-43b6-b796-d0a85533a072","acf037c6-678f-46a9-810c-941327bfa614","ee41b154-17a0-4f25-897c-0e34d0e9ca3b","1","0.000000000000000000000000000000",,"[{""type"":""single"",""title"":""Option"",""choices"":[{""id"":""a8530576-5d1c-4996-911a-b62cd0a6daf2"",""label"":""Sugar"",""priceDelta"":0}],""groupId"":""12b13edf-d25a-4abf-92d2-5d5b45515fb6"",""required"":true},{""type"":""single"",""title"":""Option"",""choices"":[{""id"":""7ea696b5-36dc-460e-905f-0dc05debdeb3"",""label"":""Cold"",""priceDelta"":0}],""groupId"":""f49b7c85-fcf0-43de-9f46-fdc52f0bd11a"",""required"":true}]","READY"
"5df4f745-3ef8-469e-a6f1-17dd26682d34","01e78abf-7492-4948-ad50-c2661b605387","591f5a9e-5ae2-4612-a2fb-f42a2701ee97","2","0.000000000000000000000000000000",,"[{""type"":""single"",""title"":""Sugar"",""choices"":[{""id"":""05361b04-9e88-4bae-a48a-8dabaef4a8d2"",""label"":""No Sugar"",""priceDelta"":0}],""groupId"":""06a1f88e-2888-479f-8946-109b928ad90b"",""required"":true},{""type"":""single"",""title"":""Choice"",""choices"":[{""id"":""74279e17-917e-4369-9d70-b782add81b27"",""label"":""Hot"",""priceDelta"":0}],""groupId"":""34bfbb80-a978-4fb3-b5b9-ef83fdd3b936"",""required"":true}]","READY"
"5fcfb649-dbbf-4884-ace7-6a032b215c86","efedd2d5-1142-44bd-bc8b-2b4d657456a6","bfafbe37-d3a8-4f50-9186-f70a99acb47e","2","0.000000000000000000000000000000",,"[]","READY"
"60717278-9440-411a-a516-3c15df31d2f1","ea5d1871-ac79-4526-b3ff-5c3c4a484a02","591f5a9e-5ae2-4612-a2fb-f42a2701ee97","1","0.000000000000000000000000000000",,"[{""type"":""single"",""title"":""Sugar"",""choices"":[{""id"":""05361b04-9e88-4bae-a48a-8dabaef4a8d2"",""label"":""No Sugar"",""priceDelta"":0}],""groupId"":""06a1f88e-2888-479f-8946-109b928ad90b"",""required"":true},{""type"":""single"",""title"":""Choice"",""choices"":[{""id"":""74279e17-917e-4369-9d70-b782add81b27"",""label"":""Hot"",""priceDelta"":0}],""groupId"":""34bfbb80-a978-4fb3-b5b9-ef83fdd3b936"",""required"":true}]","READY"
"60b79c65-2422-45d8-9fb7-9f35ecdd4e2c","afd628e2-9906-4d31-a3b2-27ee09ad16a0","fb8fe2c6-9c32-4bef-8fa1-43835afcc6c6","1","0.000000000000000000000000000000",,"[{""type"":""single"",""title"":""Sugar"",""choices"":[{""id"":""4fa5be53-3fb1-4f3d-a093-cf72abcb644d"",""label"":""Sugar"",""priceDelta"":0}],""groupId"":""f3365b84-e196-42f0-9fd6-3d8a1d8dde4c"",""required"":true},{""type"":""single"",""title"":""Choice"",""choices"":[{""id"":""c71b228e-1db4-4cbe-add8-682c2f2ff432"",""label"":""Cold"",""priceDelta"":0}],""groupId"":""8090364a-6a50-4ff0-bcd6-d4f2ebb7dab3"",""required"":true}]","READY"
"60d52c11-13e9-49f2-a8a2-d3152daa0ec3","dce0e673-21ea-427e-99f9-165958ace786","591f5a9e-5ae2-4612-a2fb-f42a2701ee97","1","0.000000000000000000000000000000",,"[{""type"":""single"",""title"":""Sugar"",""choices"":[{""id"":""f37891d4-906e-41fd-b016-39fca6854ee6"",""label"":""Sugar"",""priceDelta"":0}],""groupId"":""06a1f88e-2888-479f-8946-109b928ad90b"",""required"":true},{""type"":""single"",""title"":""Choice"",""choices"":[{""id"":""e59338ec-03fe-46fe-a057-6ac686c1c6e9"",""label"":""Cold"",""priceDelta"":0}],""groupId"":""34bfbb80-a978-4fb3-b5b9-ef83fdd3b936"",""required"":true}]","READY"
"611daac9-9bdc-4433-a444-9b72dd4e5be6","5f12331d-96bc-41c4-bdc8-0954a034729a","591f5a9e-5ae2-4612-a2fb-f42a2701ee97","1","0.000000000000000000000000000000",,"[{""type"":""single"",""title"":""Sugar"",""choices"":[{""id"":""f37891d4-906e-41fd-b016-39fca6854ee6"",""label"":""Sugar"",""priceDelta"":0}],""groupId"":""06a1f88e-2888-479f-8946-109b928ad90b"",""required"":true},{""type"":""single"",""title"":""Choice"",""choices"":[{""id"":""e59338ec-03fe-46fe-a057-6ac686c1c6e9"",""label"":""Cold"",""priceDelta"":0}],""groupId"":""34bfbb80-a978-4fb3-b5b9-ef83fdd3b936"",""required"":true}]","READY"
"612c08e0-b22e-4333-af54-1893ef5136f2","077dccc6-4c49-43b9-b151-9939f71b8ef4","591f5a9e-5ae2-4612-a2fb-f42a2701ee97","1","0.000000000000000000000000000000",,"[{""type"":""single"",""title"":""Sugar"",""choices"":[{""id"":""05361b04-9e88-4bae-a48a-8dabaef4a8d2"",""label"":""No Sugar"",""priceDelta"":0}],""groupId"":""06a1f88e-2888-479f-8946-109b928ad90b"",""required"":true},{""type"":""single"",""title"":""Choice"",""choices"":[{""id"":""e59338ec-03fe-46fe-a057-6ac686c1c6e9"",""label"":""Cold"",""priceDelta"":0}],""groupId"":""34bfbb80-a978-4fb3-b5b9-ef83fdd3b936"",""required"":true}]","READY"
"6195331c-373d-4547-b414-789da52e11f6","faa40d23-cf8e-4195-ab48-01c8a09ac000","ee41b154-17a0-4f25-897c-0e34d0e9ca3b","1","0.000000000000000000000000000000",,"[{""type"":""single"",""title"":""Option"",""choices"":[{""id"":""a8530576-5d1c-4996-911a-b62cd0a6daf2"",""label"":""Sugar"",""priceDelta"":0}],""groupId"":""12b13edf-d25a-4abf-92d2-5d5b45515fb6"",""required"":true},{""type"":""single"",""title"":""Option"",""choices"":[{""id"":""7ea696b5-36dc-460e-905f-0dc05debdeb3"",""label"":""Cold"",""priceDelta"":0}],""groupId"":""f49b7c85-fcf0-43de-9f46-fdc52f0bd11a"",""required"":true}]","READY"
"622fe3ce-e88c-4063-afbb-b0d0d22631a7","38ba1937-c169-4cf1-b99a-11f57baeb4ab","fb8fe2c6-9c32-4bef-8fa1-43835afcc6c6","1","0.000000000000000000000000000000",,"[{""type"":""single"",""title"":""Sugar"",""choices"":[{""id"":""d9af3701-1417-4c4e-84c9-b819b0629cad"",""label"":""No Sugar"",""priceDelta"":0}],""groupId"":""f3365b84-e196-42f0-9fd6-3d8a1d8dde4c"",""required"":true},{""type"":""single"",""title"":""Choice"",""choices"":[{""id"":""c71b228e-1db4-4cbe-add8-682c2f2ff432"",""label"":""Cold"",""priceDelta"":0}],""groupId"":""8090364a-6a50-4ff0-bcd6-d4f2ebb7dab3"",""required"":true}]","READY"
"62aed05f-61a9-401a-8ba2-76d9bb8b64d9","fabf25a9-7451-4ce2-91ec-e7f253c99672","7e851c95-25d4-4e97-834f-0708d32e0ed7","1","0.000000000000000000000000000000",,"[{""type"":""single"",""title"":""Sugar"",""choices"":[{""id"":""44ea2716-b9e7-4743-8cf6-74a3ecd8383b"",""label"":""No Sugar"",""priceDelta"":0}],""groupId"":""e2881883-1aaf-4a54-9986-c33e9d120289"",""required"":true},{""type"":""single"",""title"":""Option"",""choices"":[{""id"":""7f46222e-8c71-4976-887f-0de762d365c3"",""label"":""Cold"",""priceDelta"":0}],""groupId"":""72bc398e-a245-4b94-b598-446567c641b0"",""required"":true}]","READY"
"631ba193-b69b-4a5e-93c4-38b5e47388fa","e6f93a30-6849-4a9c-a918-d63cded034c8","fb8fe2c6-9c32-4bef-8fa1-43835afcc6c6","1","0.000000000000000000000000000000",,"[{""type"":""single"",""title"":""Sugar"",""choices"":[{""id"":""4fa5be53-3fb1-4f3d-a093-cf72abcb644d"",""label"":""Sugar"",""priceDelta"":0}],""groupId"":""f3365b84-e196-42f0-9fd6-3d8a1d8dde4c"",""required"":true},{""type"":""single"",""title"":""Choice"",""choices"":[{""id"":""c71b228e-1db4-4cbe-add8-682c2f2ff432"",""label"":""Cold"",""priceDelta"":0}],""groupId"":""8090364a-6a50-4ff0-bcd6-d4f2ebb7dab3"",""required"":true}]","READY"
"64430fbe-cc10-4349-bb65-3161952ca54d","c68d65e7-095d-42fa-ab51-e963561ffe69","fb8fe2c6-9c32-4bef-8fa1-43835afcc6c6","1","0.000000000000000000000000000000",,"[{""type"":""single"",""title"":""Sugar"",""choices"":[{""id"":""4fa5be53-3fb1-4f3d-a093-cf72abcb644d"",""label"":""Sugar"",""priceDelta"":0}],""groupId"":""f3365b84-e196-42f0-9fd6-3d8a1d8dde4c"",""required"":true},{""type"":""single"",""title"":""Choice"",""choices"":[{""id"":""c71b228e-1db4-4cbe-add8-682c2f2ff432"",""label"":""Cold"",""priceDelta"":0}],""groupId"":""8090364a-6a50-4ff0-bcd6-d4f2ebb7dab3"",""required"":true}]","READY"
"64bc14e6-f774-4f77-a523-c7e5e5c712bc","987efb0c-1baf-4147-beca-1e75430933c2","fb8fe2c6-9c32-4bef-8fa1-43835afcc6c6","1","0.000000000000000000000000000000",,"[{""type"":""single"",""title"":""Sugar"",""choices"":[{""id"":""4fa5be53-3fb1-4f3d-a093-cf72abcb644d"",""label"":""Sugar"",""priceDelta"":0}],""groupId"":""f3365b84-e196-42f0-9fd6-3d8a1d8dde4c"",""required"":true},{""type"":""single"",""title"":""Choice"",""choices"":[{""id"":""c71b228e-1db4-4cbe-add8-682c2f2ff432"",""label"":""Cold"",""priceDelta"":0}],""groupId"":""8090364a-6a50-4ff0-bcd6-d4f2ebb7dab3"",""required"":true}]","READY"
"64f0b3ed-b0ba-42d9-9814-56f38aa225e7","db2d3dfa-43b9-41eb-809d-0f1162cdd1c6","591f5a9e-5ae2-4612-a2fb-f42a2701ee97","1","0.000000000000000000000000000000",,"[{""type"":""single"",""title"":""Sugar"",""choices"":[{""id"":""f37891d4-906e-41fd-b016-39fca6854ee6"",""label"":""Sugar"",""priceDelta"":0}],""groupId"":""06a1f88e-2888-479f-8946-109b928ad90b"",""required"":true},{""type"":""single"",""title"":""Choice"",""choices"":[{""id"":""e59338ec-03fe-46fe-a057-6ac686c1c6e9"",""label"":""Cold"",""priceDelta"":0}],""groupId"":""34bfbb80-a978-4fb3-b5b9-ef83fdd3b936"",""required"":true}]","READY"
"65f3b139-d8ec-44b2-a7c5-afc22f92f1fe","e2313004-d17f-4bf6-bc1a-d561c586d4d5","bfafbe37-d3a8-4f50-9186-f70a99acb47e","1","0.000000000000000000000000000000",,"[]","READY"
"65fb8f05-4517-4078-9266-7bb41c5a2d67","721003fe-a99e-4ff9-ba89-abab607447c0","fb8fe2c6-9c32-4bef-8fa1-43835afcc6c6","1","0.000000000000000000000000000000",,"[{""type"":""single"",""title"":""Sugar"",""choices"":[{""id"":""4fa5be53-3fb1-4f3d-a093-cf72abcb644d"",""label"":""Sugar"",""priceDelta"":0}],""groupId"":""f3365b84-e196-42f0-9fd6-3d8a1d8dde4c"",""required"":true},{""type"":""single"",""title"":""Choice"",""choices"":[{""id"":""c71b228e-1db4-4cbe-add8-682c2f2ff432"",""label"":""Cold"",""priceDelta"":0}],""groupId"":""8090364a-6a50-4ff0-bcd6-d4f2ebb7dab3"",""required"":true}]","READY"
"6612a5a6-f9d1-4d79-90c1-b6a002bfe19f","f43dec42-5e9e-4543-af67-2de979fe224a","fb8fe2c6-9c32-4bef-8fa1-43835afcc6c6","1","0.000000000000000000000000000000",,"[{""type"":""single"",""title"":""Sugar"",""choices"":[{""id"":""d9af3701-1417-4c4e-84c9-b819b0629cad"",""label"":""No Sugar"",""priceDelta"":0}],""groupId"":""f3365b84-e196-42f0-9fd6-3d8a1d8dde4c"",""required"":true},{""type"":""single"",""title"":""Choice"",""choices"":[{""id"":""c71b228e-1db4-4cbe-add8-682c2f2ff432"",""label"":""Cold"",""priceDelta"":0}],""groupId"":""8090364a-6a50-4ff0-bcd6-d4f2ebb7dab3"",""required"":true}]","READY"
"661315c1-06c9-44c1-b9c6-1c3b0c7f3f1c","fc6734d2-56cc-4351-b1dd-ea89b8005cd4","591f5a9e-5ae2-4612-a2fb-f42a2701ee97","2","0.000000000000000000000000000000",,"[{""type"":""single"",""title"":""Sugar"",""choices"":[{""id"":""05361b04-9e88-4bae-a48a-8dabaef4a8d2"",""label"":""No Sugar"",""priceDelta"":0}],""groupId"":""06a1f88e-2888-479f-8946-109b928ad90b"",""required"":true},{""type"":""single"",""title"":""Choice"",""choices"":[{""id"":""e59338ec-03fe-46fe-a057-6ac686c1c6e9"",""label"":""Cold"",""priceDelta"":0}],""groupId"":""34bfbb80-a978-4fb3-b5b9-ef83fdd3b936"",""required"":true}]","READY"
"6629e058-7bbd-4bc1-a901-d115f7e2177f","d697a7ed-bfce-49c8-8c66-13153cb18518","ee41b154-17a0-4f25-897c-0e34d0e9ca3b","1","0.000000000000000000000000000000",,"[{""type"":""single"",""title"":""Option"",""choices"":[{""id"":""a9c0ba9a-f944-4f5f-9c23-759a4d8930f5"",""label"":""No Sugar"",""priceDelta"":0}],""groupId"":""12b13edf-d25a-4abf-92d2-5d5b45515fb6"",""required"":true},{""type"":""single"",""title"":""Option"",""choices"":[{""id"":""7ea696b5-36dc-460e-905f-0dc05debdeb3"",""label"":""Cold"",""priceDelta"":0}],""groupId"":""f49b7c85-fcf0-43de-9f46-fdc52f0bd11a"",""required"":true}]","READY"
"6656f3b3-80c0-4db7-820d-357b430c009f","a9291486-91af-492c-a1d2-22c2c49c6dd2","fb8fe2c6-9c32-4bef-8fa1-43835afcc6c6","1","0.000000000000000000000000000000",,"[{""type"":""single"",""title"":""Sugar"",""choices"":[{""id"":""d9af3701-1417-4c4e-84c9-b819b0629cad"",""label"":""No Sugar"",""priceDelta"":0}],""groupId"":""f3365b84-e196-42f0-9fd6-3d8a1d8dde4c"",""required"":true},{""type"":""single"",""title"":""Choice"",""choices"":[{""id"":""c71b228e-1db4-4cbe-add8-682c2f2ff432"",""label"":""Cold"",""priceDelta"":0}],""groupId"":""8090364a-6a50-4ff0-bcd6-d4f2ebb7dab3"",""required"":true}]","READY"
"66b2f9f1-89da-4cd8-982f-277ae0a9f7fb","51e41d92-b3eb-49ba-886e-6f01744028be","fb8fe2c6-9c32-4bef-8fa1-43835afcc6c6","1","0.000000000000000000000000000000",,"[{""type"":""single"",""title"":""Sugar"",""choices"":[{""id"":""4fa5be53-3fb1-4f3d-a093-cf72abcb644d"",""label"":""Sugar"",""priceDelta"":0}],""groupId"":""f3365b84-e196-42f0-9fd6-3d8a1d8dde4c"",""required"":true},{""type"":""single"",""title"":""Choice"",""choices"":[{""id"":""7c6f786f-e742-41b2-9e67-48fa2fb1f7f2"",""label"":""Hot"",""priceDelta"":0}],""groupId"":""8090364a-6a50-4ff0-bcd6-d4f2ebb7dab3"",""required"":true}]","READY"
"673fa30b-61e9-4ae7-a547-38cdbfe8b810","27623286-a5cb-4449-a7b1-6b89d2f8fff1","fb8fe2c6-9c32-4bef-8fa1-43835afcc6c6","1","0.000000000000000000000000000000",,"[{""type"":""single"",""title"":""Sugar"",""choices"":[{""id"":""4fa5be53-3fb1-4f3d-a093-cf72abcb644d"",""label"":""Sugar"",""priceDelta"":0}],""groupId"":""f3365b84-e196-42f0-9fd6-3d8a1d8dde4c"",""required"":true},{""type"":""single"",""title"":""Choice"",""choices"":[{""id"":""c71b228e-1db4-4cbe-add8-682c2f2ff432"",""label"":""Cold"",""priceDelta"":0}],""groupId"":""8090364a-6a50-4ff0-bcd6-d4f2ebb7dab3"",""required"":true}]","READY"
"6747880d-f45c-4944-bcf0-0aa9af664904","0fc9f2b3-8931-41b7-92c0-a48d3a1b2bd5","bfafbe37-d3a8-4f50-9186-f70a99acb47e","1","0.000000000000000000000000000000","Less ice","[]","READY"
"67606cc3-1492-47bc-b035-331341a3d60a","82cda821-32e3-4f7e-970b-5bbf88e66530","bfafbe37-d3a8-4f50-9186-f70a99acb47e","1","0.000000000000000000000000000000",,"[]","READY"
"67fe2a5a-03dd-4b05-bef2-51ebdb520961","22bde48f-9324-491c-967f-619336197567","591f5a9e-5ae2-4612-a2fb-f42a2701ee97","1","0.000000000000000000000000000000",,"[{""type"":""single"",""title"":""Sugar"",""choices"":[{""id"":""f37891d4-906e-41fd-b016-39fca6854ee6"",""label"":""Sugar"",""priceDelta"":0}],""groupId"":""06a1f88e-2888-479f-8946-109b928ad90b"",""required"":true},{""type"":""single"",""title"":""Choice"",""choices"":[{""id"":""e59338ec-03fe-46fe-a057-6ac686c1c6e9"",""label"":""Cold"",""priceDelta"":0}],""groupId"":""34bfbb80-a978-4fb3-b5b9-ef83fdd3b936"",""required"":true}]","READY"
"681e580c-2307-4f58-aa0a-a3d021dc094f","b0fbb860-2e13-40a3-9b36-2b6bb4c7ff1c","591f5a9e-5ae2-4612-a2fb-f42a2701ee97","1","0.000000000000000000000000000000",,"[{""type"":""single"",""title"":""Sugar"",""choices"":[{""id"":""f37891d4-906e-41fd-b016-39fca6854ee6"",""label"":""Sugar"",""priceDelta"":0}],""groupId"":""06a1f88e-2888-479f-8946-109b928ad90b"",""required"":true},{""type"":""single"",""title"":""Choice"",""choices"":[{""id"":""e59338ec-03fe-46fe-a057-6ac686c1c6e9"",""label"":""Cold"",""priceDelta"":0}],""groupId"":""34bfbb80-a978-4fb3-b5b9-ef83fdd3b936"",""required"":true}]","READY"
"685159db-2868-4b9b-8204-0113e540ba3e","3daa6dca-5300-4393-b306-5798f2ba4eca","fb8fe2c6-9c32-4bef-8fa1-43835afcc6c6","1","0.000000000000000000000000000000",,"[{""type"":""single"",""title"":""Sugar"",""choices"":[{""id"":""d9af3701-1417-4c4e-84c9-b819b0629cad"",""label"":""No Sugar"",""priceDelta"":0}],""groupId"":""f3365b84-e196-42f0-9fd6-3d8a1d8dde4c"",""required"":true},{""type"":""single"",""title"":""Choice"",""choices"":[{""id"":""7c6f786f-e742-41b2-9e67-48fa2fb1f7f2"",""label"":""Hot"",""priceDelta"":0}],""groupId"":""8090364a-6a50-4ff0-bcd6-d4f2ebb7dab3"",""required"":true}]","READY"
"68e05219-5532-4d20-9078-d20976c30321","bb34cae2-86b3-4cec-8a71-88ff7f3f88a8","fb8fe2c6-9c32-4bef-8fa1-43835afcc6c6","1","0.000000000000000000000000000000",,"[{""type"":""single"",""title"":""Sugar"",""choices"":[{""id"":""4fa5be53-3fb1-4f3d-a093-cf72abcb644d"",""label"":""Sugar"",""priceDelta"":0}],""groupId"":""f3365b84-e196-42f0-9fd6-3d8a1d8dde4c"",""required"":true},{""type"":""single"",""title"":""Choice"",""choices"":[{""id"":""c71b228e-1db4-4cbe-add8-682c2f2ff432"",""label"":""Cold"",""priceDelta"":0}],""groupId"":""8090364a-6a50-4ff0-bcd6-d4f2ebb7dab3"",""required"":true}]","READY"
"68e31584-6d97-4152-8a78-8fc3694ff8fe","50c14cb9-0713-4081-9de4-041ff4ad13ed","591f5a9e-5ae2-4612-a2fb-f42a2701ee97","1","0.000000000000000000000000000000",,"[{""type"":""single"",""title"":""Sugar"",""choices"":[{""id"":""05361b04-9e88-4bae-a48a-8dabaef4a8d2"",""label"":""No Sugar"",""priceDelta"":0}],""groupId"":""06a1f88e-2888-479f-8946-109b928ad90b"",""required"":true},{""type"":""single"",""title"":""Choice"",""choices"":[{""id"":""74279e17-917e-4369-9d70-b782add81b27"",""label"":""Hot"",""priceDelta"":0}],""groupId"":""34bfbb80-a978-4fb3-b5b9-ef83fdd3b936"",""required"":true}]","READY"
"690806c7-5346-4b8d-a8b6-7fdfdf2a202e","db259377-91b3-4bf2-8f7b-90fe51556016","fb8fe2c6-9c32-4bef-8fa1-43835afcc6c6","1","0.000000000000000000000000000000",,"[{""type"":""single"",""title"":""Sugar"",""choices"":[{""id"":""d9af3701-1417-4c4e-84c9-b819b0629cad"",""label"":""No Sugar"",""priceDelta"":0}],""groupId"":""f3365b84-e196-42f0-9fd6-3d8a1d8dde4c"",""required"":true},{""type"":""single"",""title"":""Choice"",""choices"":[{""id"":""7c6f786f-e742-41b2-9e67-48fa2fb1f7f2"",""label"":""Hot"",""priceDelta"":0}],""groupId"":""8090364a-6a50-4ff0-bcd6-d4f2ebb7dab3"",""required"":true}]","READY"
"692c6fc8-95f6-4ae0-8ac4-07b8c076df69","b965196e-065b-40cf-a2eb-6b515e8fd343","591f5a9e-5ae2-4612-a2fb-f42a2701ee97","1","0.000000000000000000000000000000",,"[{""type"":""single"",""title"":""Sugar"",""choices"":[{""id"":""05361b04-9e88-4bae-a48a-8dabaef4a8d2"",""label"":""No Sugar"",""priceDelta"":0}],""groupId"":""06a1f88e-2888-479f-8946-109b928ad90b"",""required"":true},{""type"":""single"",""title"":""Choice"",""choices"":[{""id"":""e59338ec-03fe-46fe-a057-6ac686c1c6e9"",""label"":""Cold"",""priceDelta"":0}],""groupId"":""34bfbb80-a978-4fb3-b5b9-ef83fdd3b936"",""required"":true}]","READY"
"69b1b232-3b0d-4da4-8037-1406c4600116","2a16b9bb-b98d-4d8b-8482-d433afd7b436","fb8fe2c6-9c32-4bef-8fa1-43835afcc6c6","1","0.000000000000000000000000000000",,"[{""type"":""single"",""title"":""Sugar"",""choices"":[{""id"":""4fa5be53-3fb1-4f3d-a093-cf72abcb644d"",""label"":""Sugar"",""priceDelta"":0}],""groupId"":""f3365b84-e196-42f0-9fd6-3d8a1d8dde4c"",""required"":true},{""type"":""single"",""title"":""Choice"",""choices"":[{""id"":""7c6f786f-e742-41b2-9e67-48fa2fb1f7f2"",""label"":""Hot"",""priceDelta"":0}],""groupId"":""8090364a-6a50-4ff0-bcd6-d4f2ebb7dab3"",""required"":true}]","READY"
"69bc90ac-4b52-493d-8dac-44d24ff07e53","676662ca-0e03-4404-bcec-ddf4b55c26b3","fb8fe2c6-9c32-4bef-8fa1-43835afcc6c6","1","0.000000000000000000000000000000",,"[{""type"":""single"",""title"":""Sugar"",""choices"":[{""id"":""4fa5be53-3fb1-4f3d-a093-cf72abcb644d"",""label"":""Sugar"",""priceDelta"":0}],""groupId"":""f3365b84-e196-42f0-9fd6-3d8a1d8dde4c"",""required"":true},{""type"":""single"",""title"":""Choice"",""choices"":[{""id"":""c71b228e-1db4-4cbe-add8-682c2f2ff432"",""label"":""Cold"",""priceDelta"":0}],""groupId"":""8090364a-6a50-4ff0-bcd6-d4f2ebb7dab3"",""required"":true}]","READY"
"69f52638-c30b-4f86-b2a1-be4e9b74c0d9","23979e81-ca4d-4fb8-afbc-15ec14b2349d","591f5a9e-5ae2-4612-a2fb-f42a2701ee97","1","0.000000000000000000000000000000",,"[{""type"":""single"",""title"":""Sugar"",""choices"":[{""id"":""f37891d4-906e-41fd-b016-39fca6854ee6"",""label"":""Sugar"",""priceDelta"":0}],""groupId"":""06a1f88e-2888-479f-8946-109b928ad90b"",""required"":true},{""type"":""single"",""title"":""Choice"",""choices"":[{""id"":""e59338ec-03fe-46fe-a057-6ac686c1c6e9"",""label"":""Cold"",""priceDelta"":0}],""groupId"":""34bfbb80-a978-4fb3-b5b9-ef83fdd3b936"",""required"":true}]","READY"
"6a0d1bdf-55a0-45f3-8814-8b0d70b70ce0","4fbe7195-4e33-42c8-a4c8-3c39752e6f77","ee41b154-17a0-4f25-897c-0e34d0e9ca3b","1","0.000000000000000000000000000000",,"[{""type"":""single"",""title"":""Option"",""choices"":[{""id"":""a8530576-5d1c-4996-911a-b62cd0a6daf2"",""label"":""Sugar"",""priceDelta"":0}],""groupId"":""12b13edf-d25a-4abf-92d2-5d5b45515fb6"",""required"":true},{""type"":""single"",""title"":""Option"",""choices"":[{""id"":""7ea696b5-36dc-460e-905f-0dc05debdeb3"",""label"":""Cold"",""priceDelta"":0}],""groupId"":""f49b7c85-fcf0-43de-9f46-fdc52f0bd11a"",""required"":true}]","READY"
"6bcbeca1-bb1e-4fae-9bf3-e8fde0b0cc01","e71fd21c-e0e3-48ce-a1c2-a4f19adc35e9","591f5a9e-5ae2-4612-a2fb-f42a2701ee97","1","0.000000000000000000000000000000",,"[{""type"":""single"",""title"":""Sugar"",""choices"":[{""id"":""f37891d4-906e-41fd-b016-39fca6854ee6"",""label"":""Sugar"",""priceDelta"":0}],""groupId"":""06a1f88e-2888-479f-8946-109b928ad90b"",""required"":true},{""type"":""single"",""title"":""Choice"",""choices"":[{""id"":""e59338ec-03fe-46fe-a057-6ac686c1c6e9"",""label"":""Cold"",""priceDelta"":0}],""groupId"":""34bfbb80-a978-4fb3-b5b9-ef83fdd3b936"",""required"":true}]","READY"
"6bf6ef56-aa34-4fb6-b5eb-f06977fdd6a7","297115f5-46eb-4723-8c0c-37e636556ec4","bfafbe37-d3a8-4f50-9186-f70a99acb47e","1","0.000000000000000000000000000000",,"[]","READY"
"6c4cedca-fdb0-4fe8-a523-cff71e4951cc","2db755f2-7626-4155-806b-49c3aaf9dbde","591f5a9e-5ae2-4612-a2fb-f42a2701ee97","1","0.000000000000000000000000000000",,"[{""type"":""single"",""title"":""Sugar"",""choices"":[{""id"":""05361b04-9e88-4bae-a48a-8dabaef4a8d2"",""label"":""No Sugar"",""priceDelta"":0}],""groupId"":""06a1f88e-2888-479f-8946-109b928ad90b"",""required"":true},{""type"":""single"",""title"":""Choice"",""choices"":[{""id"":""74279e17-917e-4369-9d70-b782add81b27"",""label"":""Hot"",""priceDelta"":0}],""groupId"":""34bfbb80-a978-4fb3-b5b9-ef83fdd3b936"",""required"":true}]","READY"
"6c8afcb0-9a1d-4397-b2ef-1ce91e6f70b5","0223b696-1ea1-4be9-94e8-7d391cb520d1","591f5a9e-5ae2-4612-a2fb-f42a2701ee97","1","0.000000000000000000000000000000",,"[{""type"":""single"",""title"":""Sugar"",""choices"":[{""id"":""f37891d4-906e-41fd-b016-39fca6854ee6"",""label"":""Sugar"",""priceDelta"":0}],""groupId"":""06a1f88e-2888-479f-8946-109b928ad90b"",""required"":true},{""type"":""single"",""title"":""Choice"",""choices"":[{""id"":""e59338ec-03fe-46fe-a057-6ac686c1c6e9"",""label"":""Cold"",""priceDelta"":0}],""groupId"":""34bfbb80-a978-4fb3-b5b9-ef83fdd3b936"",""required"":true}]","READY"
"6cf5f66c-56ee-4ca1-96d7-d44bb2864fa1","c412c9d4-3714-43d8-9795-cda35ff293ad","ee41b154-17a0-4f25-897c-0e34d0e9ca3b","1","0.000000000000000000000000000000",,"[{""type"":""single"",""title"":""Option"",""choices"":[{""id"":""a8530576-5d1c-4996-911a-b62cd0a6daf2"",""label"":""Sugar"",""priceDelta"":0}],""groupId"":""12b13edf-d25a-4abf-92d2-5d5b45515fb6"",""required"":true},{""type"":""single"",""title"":""Option"",""choices"":[{""id"":""7ea696b5-36dc-460e-905f-0dc05debdeb3"",""label"":""Cold"",""priceDelta"":0}],""groupId"":""f49b7c85-fcf0-43de-9f46-fdc52f0bd11a"",""required"":true}]","READY"
"6d0f6457-f929-4a14-bb1d-ce192e4303d2","4e28697c-cdb3-417b-8df6-956ea5bba6c9","fb8fe2c6-9c32-4bef-8fa1-43835afcc6c6","1","0.000000000000000000000000000000",,"[{""type"":""single"",""title"":""Sugar"",""choices"":[{""id"":""4fa5be53-3fb1-4f3d-a093-cf72abcb644d"",""label"":""Sugar"",""priceDelta"":0}],""groupId"":""f3365b84-e196-42f0-9fd6-3d8a1d8dde4c"",""required"":true},{""type"":""single"",""title"":""Choice"",""choices"":[{""id"":""c71b228e-1db4-4cbe-add8-682c2f2ff432"",""label"":""Cold"",""priceDelta"":0}],""groupId"":""8090364a-6a50-4ff0-bcd6-d4f2ebb7dab3"",""required"":true}]","READY"
"6d9a0396-da9f-4154-a513-aa26c945e973","452e4fd7-bdd8-468d-8c69-c790eb6f0976","fb8fe2c6-9c32-4bef-8fa1-43835afcc6c6","1","0.000000000000000000000000000000",,"[{""type"":""single"",""title"":""Sugar"",""choices"":[{""id"":""d9af3701-1417-4c4e-84c9-b819b0629cad"",""label"":""No Sugar"",""priceDelta"":0}],""groupId"":""f3365b84-e196-42f0-9fd6-3d8a1d8dde4c"",""required"":true},{""type"":""single"",""title"":""Choice"",""choices"":[{""id"":""7c6f786f-e742-41b2-9e67-48fa2fb1f7f2"",""label"":""Hot"",""priceDelta"":0}],""groupId"":""8090364a-6a50-4ff0-bcd6-d4f2ebb7dab3"",""required"":true}]","READY"
"6df32297-ddb4-4e0f-95a0-88f0f1e4f728","e2c7e626-7d54-4bb7-8db0-d4dbbc7c486c","591f5a9e-5ae2-4612-a2fb-f42a2701ee97","1","0.000000000000000000000000000000",,"[{""type"":""single"",""title"":""Sugar"",""choices"":[{""id"":""05361b04-9e88-4bae-a48a-8dabaef4a8d2"",""label"":""No Sugar"",""priceDelta"":0}],""groupId"":""06a1f88e-2888-479f-8946-109b928ad90b"",""required"":true},{""type"":""single"",""title"":""Choice"",""choices"":[{""id"":""e59338ec-03fe-46fe-a057-6ac686c1c6e9"",""label"":""Cold"",""priceDelta"":0}],""groupId"":""34bfbb80-a978-4fb3-b5b9-ef83fdd3b936"",""required"":true}]","READY"
"6e06bf51-1a82-45c5-84a2-41e4a1f8ea93","41924a99-e598-46d4-bb19-5cc67e4f0fc2","591f5a9e-5ae2-4612-a2fb-f42a2701ee97","1","0.000000000000000000000000000000",,"[{""type"":""single"",""title"":""Sugar"",""choices"":[{""id"":""f37891d4-906e-41fd-b016-39fca6854ee6"",""label"":""Sugar"",""priceDelta"":0}],""groupId"":""06a1f88e-2888-479f-8946-109b928ad90b"",""required"":true},{""type"":""single"",""title"":""Choice"",""choices"":[{""id"":""e59338ec-03fe-46fe-a057-6ac686c1c6e9"",""label"":""Cold"",""priceDelta"":0}],""groupId"":""34bfbb80-a978-4fb3-b5b9-ef83fdd3b936"",""required"":true}]","READY"
"6f6ba96a-9600-42ba-856b-102f398a0d39","234f1bbb-6215-4bf1-b4a7-76e4b90471b4","bfafbe37-d3a8-4f50-9186-f70a99acb47e","1","0.000000000000000000000000000000",,"[]","READY"
"6f6bdef4-55ef-48f4-9d71-d9269abf6458","c5a855d4-b36a-4c62-971f-ce4f1796fd95","591f5a9e-5ae2-4612-a2fb-f42a2701ee97","1","0.000000000000000000000000000000",,"[{""type"":""single"",""title"":""Sugar"",""choices"":[{""id"":""f37891d4-906e-41fd-b016-39fca6854ee6"",""label"":""Sugar"",""priceDelta"":0}],""groupId"":""06a1f88e-2888-479f-8946-109b928ad90b"",""required"":true},{""type"":""single"",""title"":""Choice"",""choices"":[{""id"":""e59338ec-03fe-46fe-a057-6ac686c1c6e9"",""label"":""Cold"",""priceDelta"":0}],""groupId"":""34bfbb80-a978-4fb3-b5b9-ef83fdd3b936"",""required"":true}]","READY"
"702b5d1d-d1c4-4485-9d62-fe4e1029f115","bd6dc973-bdb6-4504-9524-b7c927559dff","fb8fe2c6-9c32-4bef-8fa1-43835afcc6c6","1","0.000000000000000000000000000000",,"[{""type"":""single"",""title"":""Sugar"",""choices"":[{""id"":""d9af3701-1417-4c4e-84c9-b819b0629cad"",""label"":""No Sugar"",""priceDelta"":0}],""groupId"":""f3365b84-e196-42f0-9fd6-3d8a1d8dde4c"",""required"":true},{""type"":""single"",""title"":""Choice"",""choices"":[{""id"":""c71b228e-1db4-4cbe-add8-682c2f2ff432"",""label"":""Cold"",""priceDelta"":0}],""groupId"":""8090364a-6a50-4ff0-bcd6-d4f2ebb7dab3"",""required"":true}]","READY"
"70745810-4f5b-4f07-a12a-a732f23e7347","4442524b-fec8-4238-839c-a01740e5e084","ee41b154-17a0-4f25-897c-0e34d0e9ca3b","1","0.000000000000000000000000000000",,"[{""type"":""single"",""title"":""Option"",""choices"":[{""id"":""a9c0ba9a-f944-4f5f-9c23-759a4d8930f5"",""label"":""No Sugar"",""priceDelta"":0}],""groupId"":""12b13edf-d25a-4abf-92d2-5d5b45515fb6"",""required"":true},{""type"":""single"",""title"":""Option"",""choices"":[{""id"":""7ea696b5-36dc-460e-905f-0dc05debdeb3"",""label"":""Cold"",""priceDelta"":0}],""groupId"":""f49b7c85-fcf0-43de-9f46-fdc52f0bd11a"",""required"":true}]","READY"
"70a364d2-9f9a-4cdc-a206-d2b83f88e750","04b82c06-e43a-4096-a1d2-bd0af8aed163","fb8fe2c6-9c32-4bef-8fa1-43835afcc6c6","1","0.000000000000000000000000000000",,"[{""type"":""single"",""title"":""Sugar"",""choices"":[{""id"":""d9af3701-1417-4c4e-84c9-b819b0629cad"",""label"":""No Sugar"",""priceDelta"":0}],""groupId"":""f3365b84-e196-42f0-9fd6-3d8a1d8dde4c"",""required"":true},{""type"":""single"",""title"":""Choice"",""choices"":[{""id"":""7c6f786f-e742-41b2-9e67-48fa2fb1f7f2"",""label"":""Hot"",""priceDelta"":0}],""groupId"":""8090364a-6a50-4ff0-bcd6-d4f2ebb7dab3"",""required"":true}]","READY"
"71471f6f-79d3-4489-b4dc-a076ab16a049","936cb12b-bfd8-4187-82b0-fd0bdc84e604","591f5a9e-5ae2-4612-a2fb-f42a2701ee97","1","0.000000000000000000000000000000",,"[{""type"":""single"",""title"":""Sugar"",""choices"":[{""id"":""f37891d4-906e-41fd-b016-39fca6854ee6"",""label"":""Sugar"",""priceDelta"":0}],""groupId"":""06a1f88e-2888-479f-8946-109b928ad90b"",""required"":true},{""type"":""single"",""title"":""Choice"",""choices"":[{""id"":""e59338ec-03fe-46fe-a057-6ac686c1c6e9"",""label"":""Cold"",""priceDelta"":0}],""groupId"":""34bfbb80-a978-4fb3-b5b9-ef83fdd3b936"",""required"":true}]","READY"
"71fe476a-58cb-42a5-923a-a41a7fe02302","6c5b7ae6-e81a-468c-8177-1cda0388bae7","591f5a9e-5ae2-4612-a2fb-f42a2701ee97","1","0.000000000000000000000000000000",,"[{""type"":""single"",""title"":""Sugar"",""choices"":[{""id"":""f37891d4-906e-41fd-b016-39fca6854ee6"",""label"":""Sugar"",""priceDelta"":0}],""groupId"":""06a1f88e-2888-479f-8946-109b928ad90b"",""required"":true},{""type"":""single"",""title"":""Choice"",""choices"":[{""id"":""e59338ec-03fe-46fe-a057-6ac686c1c6e9"",""label"":""Cold"",""priceDelta"":0}],""groupId"":""34bfbb80-a978-4fb3-b5b9-ef83fdd3b936"",""required"":true}]","READY"
"72174d02-3e2a-4cc1-98f3-2e31c08c5f2e","3c628e2f-c1f1-4045-9358-e9d599b0c3c4","591f5a9e-5ae2-4612-a2fb-f42a2701ee97","1","0.000000000000000000000000000000",,"[{""type"":""single"",""title"":""Sugar"",""choices"":[{""id"":""05361b04-9e88-4bae-a48a-8dabaef4a8d2"",""label"":""No Sugar"",""priceDelta"":0}],""groupId"":""06a1f88e-2888-479f-8946-109b928ad90b"",""required"":true},{""type"":""single"",""title"":""Choice"",""choices"":[{""id"":""e59338ec-03fe-46fe-a057-6ac686c1c6e9"",""label"":""Cold"",""priceDelta"":0}],""groupId"":""34bfbb80-a978-4fb3-b5b9-ef83fdd3b936"",""required"":true}]","READY"
"7266e582-0a77-4b65-bc85-e9e5e9c3a12b","e606bb17-91f5-45ba-88e5-b3a5de04ad8e","fb8fe2c6-9c32-4bef-8fa1-43835afcc6c6","1","0.000000000000000000000000000000",,"[{""type"":""single"",""title"":""Sugar"",""choices"":[{""id"":""d9af3701-1417-4c4e-84c9-b819b0629cad"",""label"":""No Sugar"",""priceDelta"":0}],""groupId"":""f3365b84-e196-42f0-9fd6-3d8a1d8dde4c"",""required"":true},{""type"":""single"",""title"":""Choice"",""choices"":[{""id"":""7c6f786f-e742-41b2-9e67-48fa2fb1f7f2"",""label"":""Hot"",""priceDelta"":0}],""groupId"":""8090364a-6a50-4ff0-bcd6-d4f2ebb7dab3"",""required"":true}]","READY"
"728d502a-0363-4611-9fe7-3086ee3043df","8084a367-f4bb-41ed-833d-80dd21d447ec","ee41b154-17a0-4f25-897c-0e34d0e9ca3b","1","0.000000000000000000000000000000",,"[{""type"":""single"",""title"":""Option"",""choices"":[{""id"":""a8530576-5d1c-4996-911a-b62cd0a6daf2"",""label"":""Sugar"",""priceDelta"":0}],""groupId"":""12b13edf-d25a-4abf-92d2-5d5b45515fb6"",""required"":true},{""type"":""single"",""title"":""Option"",""choices"":[{""id"":""7ea696b5-36dc-460e-905f-0dc05debdeb3"",""label"":""Cold"",""priceDelta"":0}],""groupId"":""f49b7c85-fcf0-43de-9f46-fdc52f0bd11a"",""required"":true}]","READY"
"72eac65e-25c1-436f-93b5-7baefab2efd3","5bd53e52-2f12-47b1-8630-8338e2c3b811","7e851c95-25d4-4e97-834f-0708d32e0ed7","1","0.000000000000000000000000000000",,"[{""type"":""single"",""title"":""Sugar"",""choices"":[{""id"":""a8481a49-b627-4dd7-9f95-37e94c909d62"",""label"":""Sugar"",""priceDelta"":0}],""groupId"":""e2881883-1aaf-4a54-9986-c33e9d120289"",""required"":true},{""type"":""single"",""title"":""Option"",""choices"":[{""id"":""fd1f3359-6e52-48ac-b711-674b0d4e1099"",""label"":""Hot"",""priceDelta"":0}],""groupId"":""72bc398e-a245-4b94-b598-446567c641b0"",""required"":true}]","READY"
"730f2332-6b1d-424c-ac10-c57b5157f391","26dae93d-b20a-46f7-8f67-111cec959d79","7e851c95-25d4-4e97-834f-0708d32e0ed7","1","0.000000000000000000000000000000",,"[{""type"":""single"",""title"":""Sugar"",""choices"":[{""id"":""a8481a49-b627-4dd7-9f95-37e94c909d62"",""label"":""Sugar"",""priceDelta"":0}],""groupId"":""e2881883-1aaf-4a54-9986-c33e9d120289"",""required"":true},{""type"":""single"",""title"":""Option"",""choices"":[{""id"":""7f46222e-8c71-4976-887f-0de762d365c3"",""label"":""Cold"",""priceDelta"":0}],""groupId"":""72bc398e-a245-4b94-b598-446567c641b0"",""required"":true}]","READY"
"73d8c23f-e2fe-48fc-8616-afdbb78356a2","37bf6c9c-84fd-4636-a730-da7a651e9ebc","7e851c95-25d4-4e97-834f-0708d32e0ed7","1","0.000000000000000000000000000000",,"[{""type"":""single"",""title"":""Sugar"",""choices"":[{""id"":""44ea2716-b9e7-4743-8cf6-74a3ecd8383b"",""label"":""No Sugar"",""priceDelta"":0}],""groupId"":""e2881883-1aaf-4a54-9986-c33e9d120289"",""required"":true},{""type"":""single"",""title"":""Option"",""choices"":[{""id"":""7f46222e-8c71-4976-887f-0de762d365c3"",""label"":""Cold"",""priceDelta"":0}],""groupId"":""72bc398e-a245-4b94-b598-446567c641b0"",""required"":true}]","READY"
"747264ff-ac5f-4635-af83-f56ba21678fa","d056f9c9-f5f0-4f40-98aa-2b0896b8b3c2","fb8fe2c6-9c32-4bef-8fa1-43835afcc6c6","1","0.000000000000000000000000000000",,"[{""type"":""single"",""title"":""Sugar"",""choices"":[{""id"":""4fa5be53-3fb1-4f3d-a093-cf72abcb644d"",""label"":""Sugar"",""priceDelta"":0}],""groupId"":""f3365b84-e196-42f0-9fd6-3d8a1d8dde4c"",""required"":true},{""type"":""single"",""title"":""Choice"",""choices"":[{""id"":""c71b228e-1db4-4cbe-add8-682c2f2ff432"",""label"":""Cold"",""priceDelta"":0}],""groupId"":""8090364a-6a50-4ff0-bcd6-d4f2ebb7dab3"",""required"":true}]","READY"
"7478e5ca-d37e-4e7d-bfb7-1c5c17645e27","ec1a3681-f709-42a0-854c-41ae4dd964f3","ee41b154-17a0-4f25-897c-0e34d0e9ca3b","1","0.000000000000000000000000000000",,"[{""type"":""single"",""title"":""Option"",""choices"":[{""id"":""a8530576-5d1c-4996-911a-b62cd0a6daf2"",""label"":""Sugar"",""priceDelta"":0}],""groupId"":""12b13edf-d25a-4abf-92d2-5d5b45515fb6"",""required"":true},{""type"":""single"",""title"":""Option"",""choices"":[{""id"":""7ea696b5-36dc-460e-905f-0dc05debdeb3"",""label"":""Cold"",""priceDelta"":0}],""groupId"":""f49b7c85-fcf0-43de-9f46-fdc52f0bd11a"",""required"":true}]","READY"
"74d680ce-e9d0-4575-9367-f4cf51950848","976e1326-5bcb-4d8f-bf63-91cfbcbf064e","fb8fe2c6-9c32-4bef-8fa1-43835afcc6c6","1","0.000000000000000000000000000000",,"[{""type"":""single"",""title"":""Sugar"",""choices"":[{""id"":""d9af3701-1417-4c4e-84c9-b819b0629cad"",""label"":""No Sugar"",""priceDelta"":0}],""groupId"":""f3365b84-e196-42f0-9fd6-3d8a1d8dde4c"",""required"":true},{""type"":""single"",""title"":""Choice"",""choices"":[{""id"":""c71b228e-1db4-4cbe-add8-682c2f2ff432"",""label"":""Cold"",""priceDelta"":0}],""groupId"":""8090364a-6a50-4ff0-bcd6-d4f2ebb7dab3"",""required"":true}]","READY"
"753b18eb-0cb4-4ef9-81d4-b68c82b7c31b","d0de329d-ec16-4a11-8105-e2116845165b","fb8fe2c6-9c32-4bef-8fa1-43835afcc6c6","1","0.000000000000000000000000000000",,"[{""type"":""single"",""title"":""Sugar"",""choices"":[{""id"":""d9af3701-1417-4c4e-84c9-b819b0629cad"",""label"":""No Sugar"",""priceDelta"":0}],""groupId"":""f3365b84-e196-42f0-9fd6-3d8a1d8dde4c"",""required"":true},{""type"":""single"",""title"":""Choice"",""choices"":[{""id"":""c71b228e-1db4-4cbe-add8-682c2f2ff432"",""label"":""Cold"",""priceDelta"":0}],""groupId"":""8090364a-6a50-4ff0-bcd6-d4f2ebb7dab3"",""required"":true}]","READY"
"762d8852-6338-4d8c-9e58-eb45c085e989","87bb2e75-c51d-4400-94bc-815b84c83471","ee41b154-17a0-4f25-897c-0e34d0e9ca3b","1","0.000000000000000000000000000000",,"[{""type"":""single"",""title"":""Option"",""choices"":[{""id"":""a9c0ba9a-f944-4f5f-9c23-759a4d8930f5"",""label"":""No Sugar"",""priceDelta"":0}],""groupId"":""12b13edf-d25a-4abf-92d2-5d5b45515fb6"",""required"":true},{""type"":""single"",""title"":""Option"",""choices"":[{""id"":""7ea696b5-36dc-460e-905f-0dc05debdeb3"",""label"":""Cold"",""priceDelta"":0}],""groupId"":""f49b7c85-fcf0-43de-9f46-fdc52f0bd11a"",""required"":true}]","READY"
"76d9a07b-83a9-4f25-86c2-48c495a1b122","bde67781-f7f6-46f5-85e9-573ac928aede","ee41b154-17a0-4f25-897c-0e34d0e9ca3b","1","0.000000000000000000000000000000",,"[{""type"":""single"",""title"":""Option"",""choices"":[{""id"":""a8530576-5d1c-4996-911a-b62cd0a6daf2"",""label"":""Sugar"",""priceDelta"":0}],""groupId"":""12b13edf-d25a-4abf-92d2-5d5b45515fb6"",""required"":true},{""type"":""single"",""title"":""Option"",""choices"":[{""id"":""7ea696b5-36dc-460e-905f-0dc05debdeb3"",""label"":""Cold"",""priceDelta"":0}],""groupId"":""f49b7c85-fcf0-43de-9f46-fdc52f0bd11a"",""required"":true}]","READY"
"7734c673-5734-4f10-9594-c35dc738fc15","36d3b982-e6f8-49ba-b681-ed37a777a893","ee41b154-17a0-4f25-897c-0e34d0e9ca3b","1","0.000000000000000000000000000000",,"[{""type"":""single"",""title"":""Option"",""choices"":[{""id"":""a8530576-5d1c-4996-911a-b62cd0a6daf2"",""label"":""Sugar"",""priceDelta"":0}],""groupId"":""12b13edf-d25a-4abf-92d2-5d5b45515fb6"",""required"":true},{""type"":""single"",""title"":""Option"",""choices"":[{""id"":""0ec24708-bfd6-4c1f-8d5e-a86d9cef2e64"",""label"":""Hot"",""priceDelta"":0}],""groupId"":""f49b7c85-fcf0-43de-9f46-fdc52f0bd11a"",""required"":true}]","READY"
"77caea0e-0194-48da-b055-77abe150619d","1498276f-f5e7-49c8-b5d9-d97add5856ec","ee41b154-17a0-4f25-897c-0e34d0e9ca3b","1","0.000000000000000000000000000000",,"[{""type"":""single"",""title"":""Option"",""choices"":[{""id"":""a8530576-5d1c-4996-911a-b62cd0a6daf2"",""label"":""Sugar"",""priceDelta"":0}],""groupId"":""12b13edf-d25a-4abf-92d2-5d5b45515fb6"",""required"":true},{""type"":""single"",""title"":""Option"",""choices"":[{""id"":""7ea696b5-36dc-460e-905f-0dc05debdeb3"",""label"":""Cold"",""priceDelta"":0}],""groupId"":""f49b7c85-fcf0-43de-9f46-fdc52f0bd11a"",""required"":true}]","READY"
"7866906b-d29c-4635-9d1a-eb2db15a4ecd","234e3427-050d-49f7-88ae-8049be9369a7","ee41b154-17a0-4f25-897c-0e34d0e9ca3b","1","0.000000000000000000000000000000",,"[{""type"":""single"",""title"":""Option"",""choices"":[{""id"":""a8530576-5d1c-4996-911a-b62cd0a6daf2"",""label"":""Sugar"",""priceDelta"":0}],""groupId"":""12b13edf-d25a-4abf-92d2-5d5b45515fb6"",""required"":true},{""type"":""single"",""title"":""Option"",""choices"":[{""id"":""7ea696b5-36dc-460e-905f-0dc05debdeb3"",""label"":""Cold"",""priceDelta"":0}],""groupId"":""f49b7c85-fcf0-43de-9f46-fdc52f0bd11a"",""required"":true}]","READY"
"78b8f5ea-5c48-4469-b57a-fc1f5590e0a7","e8bd29b4-feac-41be-872d-007ab71ae164","fb8fe2c6-9c32-4bef-8fa1-43835afcc6c6","1","0.000000000000000000000000000000",,"[{""type"":""single"",""title"":""Sugar"",""choices"":[{""id"":""4fa5be53-3fb1-4f3d-a093-cf72abcb644d"",""label"":""Sugar"",""priceDelta"":0}],""groupId"":""f3365b84-e196-42f0-9fd6-3d8a1d8dde4c"",""required"":true},{""type"":""single"",""title"":""Choice"",""choices"":[{""id"":""c71b228e-1db4-4cbe-add8-682c2f2ff432"",""label"":""Cold"",""priceDelta"":0}],""groupId"":""8090364a-6a50-4ff0-bcd6-d4f2ebb7dab3"",""required"":true}]","READY"
"78e0052a-851a-4882-bbe3-25c3f33e4130","4dfcbb98-7dc0-4fb5-b67e-ed020ec49cc4","ee41b154-17a0-4f25-897c-0e34d0e9ca3b","1","0.000000000000000000000000000000",,"[{""type"":""single"",""title"":""Option"",""choices"":[{""id"":""a8530576-5d1c-4996-911a-b62cd0a6daf2"",""label"":""Sugar"",""priceDelta"":0}],""groupId"":""12b13edf-d25a-4abf-92d2-5d5b45515fb6"",""required"":true},{""type"":""single"",""title"":""Option"",""choices"":[{""id"":""0ec24708-bfd6-4c1f-8d5e-a86d9cef2e64"",""label"":""Hot"",""priceDelta"":0}],""groupId"":""f49b7c85-fcf0-43de-9f46-fdc52f0bd11a"",""required"":true}]","READY"
"79195bb9-13d6-4d0b-8942-f52950333336","896326ee-79fc-4e4e-996b-56cd2b36fa59","fb8fe2c6-9c32-4bef-8fa1-43835afcc6c6","1","0.000000000000000000000000000000",,"[{""type"":""single"",""title"":""Sugar"",""choices"":[{""id"":""4fa5be53-3fb1-4f3d-a093-cf72abcb644d"",""label"":""Sugar"",""priceDelta"":0}],""groupId"":""f3365b84-e196-42f0-9fd6-3d8a1d8dde4c"",""required"":true},{""type"":""single"",""title"":""Choice"",""choices"":[{""id"":""c71b228e-1db4-4cbe-add8-682c2f2ff432"",""label"":""Cold"",""priceDelta"":0}],""groupId"":""8090364a-6a50-4ff0-bcd6-d4f2ebb7dab3"",""required"":true}]","READY"
"79f93e8c-4ce3-46a0-aee5-3d49849b2923","ec61f177-d41c-4992-9111-8c514a0be791","fb8fe2c6-9c32-4bef-8fa1-43835afcc6c6","1","0.000000000000000000000000000000",,"[{""type"":""single"",""title"":""Sugar"",""choices"":[{""id"":""4fa5be53-3fb1-4f3d-a093-cf72abcb644d"",""label"":""Sugar"",""priceDelta"":0}],""groupId"":""f3365b84-e196-42f0-9fd6-3d8a1d8dde4c"",""required"":true},{""type"":""single"",""title"":""Choice"",""choices"":[{""id"":""c71b228e-1db4-4cbe-add8-682c2f2ff432"",""label"":""Cold"",""priceDelta"":0}],""groupId"":""8090364a-6a50-4ff0-bcd6-d4f2ebb7dab3"",""required"":true}]","READY"
"7a7e2fad-e691-49c6-afd5-6476af0f4026","2ef88c7f-f582-4f47-8699-a81afa688184","fb8fe2c6-9c32-4bef-8fa1-43835afcc6c6","1","0.000000000000000000000000000000",,"[{""type"":""single"",""title"":""Sugar"",""choices"":[{""id"":""4fa5be53-3fb1-4f3d-a093-cf72abcb644d"",""label"":""Sugar"",""priceDelta"":0}],""groupId"":""f3365b84-e196-42f0-9fd6-3d8a1d8dde4c"",""required"":true},{""type"":""single"",""title"":""Choice"",""choices"":[{""id"":""c71b228e-1db4-4cbe-add8-682c2f2ff432"",""label"":""Cold"",""priceDelta"":0}],""groupId"":""8090364a-6a50-4ff0-bcd6-d4f2ebb7dab3"",""required"":true}]","READY"
"7b59842d-0e40-4a86-a0e9-b5ad71807472","4b17153b-b9bd-4c62-89ce-3ab9842b020a","ee41b154-17a0-4f25-897c-0e34d0e9ca3b","1","0.000000000000000000000000000000",,"[{""type"":""single"",""title"":""Option"",""choices"":[{""id"":""a8530576-5d1c-4996-911a-b62cd0a6daf2"",""label"":""Sugar"",""priceDelta"":0}],""groupId"":""12b13edf-d25a-4abf-92d2-5d5b45515fb6"",""required"":true},{""type"":""single"",""title"":""Option"",""choices"":[{""id"":""7ea696b5-36dc-460e-905f-0dc05debdeb3"",""label"":""Cold"",""priceDelta"":0}],""groupId"":""f49b7c85-fcf0-43de-9f46-fdc52f0bd11a"",""required"":true}]","READY"
"7b5f8634-68f2-48ff-9b56-4e5c0cdfecd5","51cbe542-19a7-466a-aa74-455f81606bc7","ee41b154-17a0-4f25-897c-0e34d0e9ca3b","1","0.000000000000000000000000000000",,"[{""type"":""single"",""title"":""Option"",""choices"":[{""id"":""a8530576-5d1c-4996-911a-b62cd0a6daf2"",""label"":""Sugar"",""priceDelta"":0}],""groupId"":""12b13edf-d25a-4abf-92d2-5d5b45515fb6"",""required"":true},{""type"":""single"",""title"":""Option"",""choices"":[{""id"":""7ea696b5-36dc-460e-905f-0dc05debdeb3"",""label"":""Cold"",""priceDelta"":0}],""groupId"":""f49b7c85-fcf0-43de-9f46-fdc52f0bd11a"",""required"":true}]","READY"
"7b6e6ec0-5494-44af-b421-929063aab1e9","746bfb01-17f1-49dc-9325-92f5a5cf3ef4","ee41b154-17a0-4f25-897c-0e34d0e9ca3b","1","0.000000000000000000000000000000",,"[{""type"":""single"",""title"":""Option"",""choices"":[{""id"":""a8530576-5d1c-4996-911a-b62cd0a6daf2"",""label"":""Sugar"",""priceDelta"":0}],""groupId"":""12b13edf-d25a-4abf-92d2-5d5b45515fb6"",""required"":true},{""type"":""single"",""title"":""Option"",""choices"":[{""id"":""7ea696b5-36dc-460e-905f-0dc05debdeb3"",""label"":""Cold"",""priceDelta"":0}],""groupId"":""f49b7c85-fcf0-43de-9f46-fdc52f0bd11a"",""required"":true}]","READY"
"7bcbb2db-10ad-4164-b072-7b94a45e731f","dc4e7567-8abb-40f2-a044-f07141e18709","fb8fe2c6-9c32-4bef-8fa1-43835afcc6c6","1","0.000000000000000000000000000000",,"[{""type"":""single"",""title"":""Sugar"",""choices"":[{""id"":""d9af3701-1417-4c4e-84c9-b819b0629cad"",""label"":""No Sugar"",""priceDelta"":0}],""groupId"":""f3365b84-e196-42f0-9fd6-3d8a1d8dde4c"",""required"":true},{""type"":""single"",""title"":""Choice"",""choices"":[{""id"":""c71b228e-1db4-4cbe-add8-682c2f2ff432"",""label"":""Cold"",""priceDelta"":0}],""groupId"":""8090364a-6a50-4ff0-bcd6-d4f2ebb7dab3"",""required"":true}]","READY"
"7c15d46a-9e58-47b2-a7be-3ef33f6c97dd","4fe615c8-aa8f-46d4-9ee6-79fddfa6238f","fb8fe2c6-9c32-4bef-8fa1-43835afcc6c6","1","0.000000000000000000000000000000",,"[{""type"":""single"",""title"":""Sugar"",""choices"":[{""id"":""d9af3701-1417-4c4e-84c9-b819b0629cad"",""label"":""No Sugar"",""priceDelta"":0}],""groupId"":""f3365b84-e196-42f0-9fd6-3d8a1d8dde4c"",""required"":true},{""type"":""single"",""title"":""Choice"",""choices"":[{""id"":""c71b228e-1db4-4cbe-add8-682c2f2ff432"",""label"":""Cold"",""priceDelta"":0}],""groupId"":""8090364a-6a50-4ff0-bcd6-d4f2ebb7dab3"",""required"":true}]","READY"
"7c236a9e-d49f-4ce2-a7a3-9dc26fa52a62","27283a92-6e63-44e6-995f-9ed8a64b7bbe","591f5a9e-5ae2-4612-a2fb-f42a2701ee97","1","0.000000000000000000000000000000",,"[{""type"":""single"",""title"":""Sugar"",""choices"":[{""id"":""f37891d4-906e-41fd-b016-39fca6854ee6"",""label"":""Sugar"",""priceDelta"":0}],""groupId"":""06a1f88e-2888-479f-8946-109b928ad90b"",""required"":true},{""type"":""single"",""title"":""Choice"",""choices"":[{""id"":""e59338ec-03fe-46fe-a057-6ac686c1c6e9"",""label"":""Cold"",""priceDelta"":0}],""groupId"":""34bfbb80-a978-4fb3-b5b9-ef83fdd3b936"",""required"":true}]","READY"
"7c32530f-aec0-4c93-9bde-57c784ef5e7a","2488ef50-e8aa-47b0-86a3-08c28f0894ef","ee41b154-17a0-4f25-897c-0e34d0e9ca3b","1","0.000000000000000000000000000000",,"[{""type"":""single"",""title"":""Option"",""choices"":[{""id"":""a9c0ba9a-f944-4f5f-9c23-759a4d8930f5"",""label"":""No Sugar"",""priceDelta"":0}],""groupId"":""12b13edf-d25a-4abf-92d2-5d5b45515fb6"",""required"":true},{""type"":""single"",""title"":""Option"",""choices"":[{""id"":""0ec24708-bfd6-4c1f-8d5e-a86d9cef2e64"",""label"":""Hot"",""priceDelta"":0}],""groupId"":""f49b7c85-fcf0-43de-9f46-fdc52f0bd11a"",""required"":true}]","READY"
"7c7255db-28c9-4bbb-801d-dc6247771f78","6ad90731-946e-4dc1-952c-b2d425eb63ab","bfafbe37-d3a8-4f50-9186-f70a99acb47e","1","0.000000000000000000000000000000",,"[]","READY"
"7d14e730-a5c1-48ef-b369-87b9025347cb","ae68e31e-ec18-412e-bca7-9c94997d28f3","ee41b154-17a0-4f25-897c-0e34d0e9ca3b","1","0.000000000000000000000000000000",,"[{""type"":""single"",""title"":""Option"",""choices"":[{""id"":""a8530576-5d1c-4996-911a-b62cd0a6daf2"",""label"":""Sugar"",""priceDelta"":0}],""groupId"":""12b13edf-d25a-4abf-92d2-5d5b45515fb6"",""required"":true},{""type"":""single"",""title"":""Option"",""choices"":[{""id"":""7ea696b5-36dc-460e-905f-0dc05debdeb3"",""label"":""Cold"",""priceDelta"":0}],""groupId"":""f49b7c85-fcf0-43de-9f46-fdc52f0bd11a"",""required"":true}]","READY"
"7d4bd1cb-d240-4e2d-8d32-90bc873c51f7","c9b15cdc-c7d1-4b3a-be9e-09fd4f3dd044","ee41b154-17a0-4f25-897c-0e34d0e9ca3b","1","0.000000000000000000000000000000",,"[{""type"":""single"",""title"":""Option"",""choices"":[{""id"":""a8530576-5d1c-4996-911a-b62cd0a6daf2"",""label"":""Sugar"",""priceDelta"":0}],""groupId"":""12b13edf-d25a-4abf-92d2-5d5b45515fb6"",""required"":true},{""type"":""single"",""title"":""Option"",""choices"":[{""id"":""7ea696b5-36dc-460e-905f-0dc05debdeb3"",""label"":""Cold"",""priceDelta"":0}],""groupId"":""f49b7c85-fcf0-43de-9f46-fdc52f0bd11a"",""required"":true}]","READY"
"7d6ca26b-1ca4-4b44-b359-65ca5a10793f","2ab48f93-abf4-4cf9-8f57-acc62b5a4372","ee41b154-17a0-4f25-897c-0e34d0e9ca3b","1","0.000000000000000000000000000000",,"[{""type"":""single"",""title"":""Option"",""choices"":[{""id"":""a8530576-5d1c-4996-911a-b62cd0a6daf2"",""label"":""Sugar"",""priceDelta"":0}],""groupId"":""12b13edf-d25a-4abf-92d2-5d5b45515fb6"",""required"":true},{""type"":""single"",""title"":""Option"",""choices"":[{""id"":""7ea696b5-36dc-460e-905f-0dc05debdeb3"",""label"":""Cold"",""priceDelta"":0}],""groupId"":""f49b7c85-fcf0-43de-9f46-fdc52f0bd11a"",""required"":true}]","READY"
"7df29cd1-a2d4-4e61-b5fc-be2577b6eb98","0dc5c198-3b33-49ba-8185-11234d28931f","591f5a9e-5ae2-4612-a2fb-f42a2701ee97","1","0.000000000000000000000000000000",,"[{""type"":""single"",""title"":""Sugar"",""choices"":[{""id"":""f37891d4-906e-41fd-b016-39fca6854ee6"",""label"":""Sugar"",""priceDelta"":0}],""groupId"":""06a1f88e-2888-479f-8946-109b928ad90b"",""required"":true},{""type"":""single"",""title"":""Choice"",""choices"":[{""id"":""e59338ec-03fe-46fe-a057-6ac686c1c6e9"",""label"":""Cold"",""priceDelta"":0}],""groupId"":""34bfbb80-a978-4fb3-b5b9-ef83fdd3b936"",""required"":true}]","READY"
"7f0d3781-b940-4e88-a006-d0214e028dda","ef18c764-4f4f-4c92-a9ab-2d8f93345290","7e851c95-25d4-4e97-834f-0708d32e0ed7","1","0.000000000000000000000000000000",,"[{""type"":""single"",""title"":""Sugar"",""choices"":[{""id"":""44ea2716-b9e7-4743-8cf6-74a3ecd8383b"",""label"":""No Sugar"",""priceDelta"":0}],""groupId"":""e2881883-1aaf-4a54-9986-c33e9d120289"",""required"":true},{""type"":""single"",""title"":""Option"",""choices"":[{""id"":""7f46222e-8c71-4976-887f-0de762d365c3"",""label"":""Cold"",""priceDelta"":0}],""groupId"":""72bc398e-a245-4b94-b598-446567c641b0"",""required"":true}]","READY"
"7f2c1bc8-e3dd-435f-991c-6484b4712084","a34a3b43-67dc-491e-bd7d-5c7bd978d349","fb8fe2c6-9c32-4bef-8fa1-43835afcc6c6","1","0.000000000000000000000000000000",,"[{""type"":""single"",""title"":""Sugar"",""choices"":[{""id"":""4fa5be53-3fb1-4f3d-a093-cf72abcb644d"",""label"":""Sugar"",""priceDelta"":0}],""groupId"":""f3365b84-e196-42f0-9fd6-3d8a1d8dde4c"",""required"":true},{""type"":""single"",""title"":""Choice"",""choices"":[{""id"":""c71b228e-1db4-4cbe-add8-682c2f2ff432"",""label"":""Cold"",""priceDelta"":0}],""groupId"":""8090364a-6a50-4ff0-bcd6-d4f2ebb7dab3"",""required"":true}]","READY"
"7f685c00-cbe1-4985-bd3f-c5480986018c","9b09c136-b47d-4a87-a63b-cfbebf1542aa","591f5a9e-5ae2-4612-a2fb-f42a2701ee97","1","0.000000000000000000000000000000",,"[{""type"":""single"",""title"":""Sugar"",""choices"":[{""id"":""f37891d4-906e-41fd-b016-39fca6854ee6"",""label"":""Sugar"",""priceDelta"":0}],""groupId"":""06a1f88e-2888-479f-8946-109b928ad90b"",""required"":true},{""type"":""single"",""title"":""Choice"",""choices"":[{""id"":""e59338ec-03fe-46fe-a057-6ac686c1c6e9"",""label"":""Cold"",""priceDelta"":0}],""groupId"":""34bfbb80-a978-4fb3-b5b9-ef83fdd3b936"",""required"":true}]","READY"
"7f94b919-0c64-4d6f-8d9b-7e2186b665e0","b468deea-ee87-4956-8cfb-1085afb593cc","fb8fe2c6-9c32-4bef-8fa1-43835afcc6c6","1","0.000000000000000000000000000000",,"[{""type"":""single"",""title"":""Sugar"",""choices"":[{""id"":""4fa5be53-3fb1-4f3d-a093-cf72abcb644d"",""label"":""Sugar"",""priceDelta"":0}],""groupId"":""f3365b84-e196-42f0-9fd6-3d8a1d8dde4c"",""required"":true},{""type"":""single"",""title"":""Choice"",""choices"":[{""id"":""c71b228e-1db4-4cbe-add8-682c2f2ff432"",""label"":""Cold"",""priceDelta"":0}],""groupId"":""8090364a-6a50-4ff0-bcd6-d4f2ebb7dab3"",""required"":true}]","READY"
"80134b26-2964-4ca1-a391-e337c511fe6d","8cd333d5-9f2a-4bed-9eef-07468f6e6a2b","ee41b154-17a0-4f25-897c-0e34d0e9ca3b","1","0.000000000000000000000000000000",,"[{""type"":""single"",""title"":""Option"",""choices"":[{""id"":""a8530576-5d1c-4996-911a-b62cd0a6daf2"",""label"":""Sugar"",""priceDelta"":0}],""groupId"":""12b13edf-d25a-4abf-92d2-5d5b45515fb6"",""required"":true},{""type"":""single"",""title"":""Option"",""choices"":[{""id"":""7ea696b5-36dc-460e-905f-0dc05debdeb3"",""label"":""Cold"",""priceDelta"":0}],""groupId"":""f49b7c85-fcf0-43de-9f46-fdc52f0bd11a"",""required"":true}]","READY"
"806157dc-12eb-40bd-8ade-58b712397f8a","a1a9b45c-353d-4950-8b6d-3b1ab94477ea","fb8fe2c6-9c32-4bef-8fa1-43835afcc6c6","1","0.000000000000000000000000000000",,"[{""type"":""single"",""title"":""Sugar"",""choices"":[{""id"":""d9af3701-1417-4c4e-84c9-b819b0629cad"",""label"":""No Sugar"",""priceDelta"":0}],""groupId"":""f3365b84-e196-42f0-9fd6-3d8a1d8dde4c"",""required"":true},{""type"":""single"",""title"":""Choice"",""choices"":[{""id"":""c71b228e-1db4-4cbe-add8-682c2f2ff432"",""label"":""Cold"",""priceDelta"":0}],""groupId"":""8090364a-6a50-4ff0-bcd6-d4f2ebb7dab3"",""required"":true}]","READY"
"82ee8875-24bd-418f-9e7b-ad6fe30365e6","ffecb691-0642-4117-a93d-7c38263e5a3f","fb8fe2c6-9c32-4bef-8fa1-43835afcc6c6","1","0.000000000000000000000000000000",,"[{""type"":""single"",""title"":""Sugar"",""choices"":[{""id"":""4fa5be53-3fb1-4f3d-a093-cf72abcb644d"",""label"":""Sugar"",""priceDelta"":0}],""groupId"":""f3365b84-e196-42f0-9fd6-3d8a1d8dde4c"",""required"":true},{""type"":""single"",""title"":""Choice"",""choices"":[{""id"":""7c6f786f-e742-41b2-9e67-48fa2fb1f7f2"",""label"":""Hot"",""priceDelta"":0}],""groupId"":""8090364a-6a50-4ff0-bcd6-d4f2ebb7dab3"",""required"":true}]","READY"
"83137487-3f3c-4c30-81e1-61b9adf51a49","6487248d-b1f4-4b2d-8931-5c8d95579ff2","bfafbe37-d3a8-4f50-9186-f70a99acb47e","1","0.000000000000000000000000000000","Less ice less sweet","[]","READY"
"835acf58-e6dd-40bb-8b91-a4f721919f32","ce8c4fbf-35d9-406e-aad4-88de1decb78f","fb8fe2c6-9c32-4bef-8fa1-43835afcc6c6","1","0.000000000000000000000000000000",,"[{""type"":""single"",""title"":""Sugar"",""choices"":[{""id"":""d9af3701-1417-4c4e-84c9-b819b0629cad"",""label"":""No Sugar"",""priceDelta"":0}],""groupId"":""f3365b84-e196-42f0-9fd6-3d8a1d8dde4c"",""required"":true},{""type"":""single"",""title"":""Choice"",""choices"":[{""id"":""c71b228e-1db4-4cbe-add8-682c2f2ff432"",""label"":""Cold"",""priceDelta"":0}],""groupId"":""8090364a-6a50-4ff0-bcd6-d4f2ebb7dab3"",""required"":true}]","READY"
"83a00703-7a4f-4006-978a-806a71b8a0df","f0cb4204-d985-4d20-9692-7f0df44e6a23","fb8fe2c6-9c32-4bef-8fa1-43835afcc6c6","1","0.000000000000000000000000000000",,"[{""type"":""single"",""title"":""Sugar"",""choices"":[{""id"":""d9af3701-1417-4c4e-84c9-b819b0629cad"",""label"":""No Sugar"",""priceDelta"":0}],""groupId"":""f3365b84-e196-42f0-9fd6-3d8a1d8dde4c"",""required"":true},{""type"":""single"",""title"":""Choice"",""choices"":[{""id"":""c71b228e-1db4-4cbe-add8-682c2f2ff432"",""label"":""Cold"",""priceDelta"":0}],""groupId"":""8090364a-6a50-4ff0-bcd6-d4f2ebb7dab3"",""required"":true}]","READY"
"8425cdc8-21e4-460e-95b4-1b5406c81229","6101d731-f6f5-4948-82bd-462822f22abb","591f5a9e-5ae2-4612-a2fb-f42a2701ee97","1","0.000000000000000000000000000000",,"[{""type"":""single"",""title"":""Sugar"",""choices"":[{""id"":""f37891d4-906e-41fd-b016-39fca6854ee6"",""label"":""Sugar"",""priceDelta"":0}],""groupId"":""06a1f88e-2888-479f-8946-109b928ad90b"",""required"":true},{""type"":""single"",""title"":""Choice"",""choices"":[{""id"":""e59338ec-03fe-46fe-a057-6ac686c1c6e9"",""label"":""Cold"",""priceDelta"":0}],""groupId"":""34bfbb80-a978-4fb3-b5b9-ef83fdd3b936"",""required"":true}]","READY"
"844caa07-5a04-4511-86b2-b09ba5c83b35","04255902-ea3c-42f7-ac1b-c3c9a1303e46","7e851c95-25d4-4e97-834f-0708d32e0ed7","1","0.000000000000000000000000000000",,"[{""type"":""single"",""title"":""Sugar"",""choices"":[{""id"":""44ea2716-b9e7-4743-8cf6-74a3ecd8383b"",""label"":""No Sugar"",""priceDelta"":0}],""groupId"":""e2881883-1aaf-4a54-9986-c33e9d120289"",""required"":true},{""type"":""single"",""title"":""Option"",""choices"":[{""id"":""fd1f3359-6e52-48ac-b711-674b0d4e1099"",""label"":""Hot"",""priceDelta"":0}],""groupId"":""72bc398e-a245-4b94-b598-446567c641b0"",""required"":true}]","READY"
"8460f3c3-480a-46b8-90db-c87ac12791a2","6ea69a85-5d45-489d-84ff-3ae9a4779c30","ee41b154-17a0-4f25-897c-0e34d0e9ca3b","1","0.000000000000000000000000000000",,"[{""type"":""single"",""title"":""Option"",""choices"":[{""id"":""a8530576-5d1c-4996-911a-b62cd0a6daf2"",""label"":""Sugar"",""priceDelta"":0}],""groupId"":""12b13edf-d25a-4abf-92d2-5d5b45515fb6"",""required"":true},{""type"":""single"",""title"":""Option"",""choices"":[{""id"":""0ec24708-bfd6-4c1f-8d5e-a86d9cef2e64"",""label"":""Hot"",""priceDelta"":0}],""groupId"":""f49b7c85-fcf0-43de-9f46-fdc52f0bd11a"",""required"":true}]","READY"
"8480379d-86b2-44ca-83a4-9895d51fe576","abb7738f-0b70-4b2a-b1d5-10a51e92e7ea","591f5a9e-5ae2-4612-a2fb-f42a2701ee97","1","0.000000000000000000000000000000",,"[{""type"":""single"",""title"":""Sugar"",""choices"":[{""id"":""f37891d4-906e-41fd-b016-39fca6854ee6"",""label"":""Sugar"",""priceDelta"":0}],""groupId"":""06a1f88e-2888-479f-8946-109b928ad90b"",""required"":true},{""type"":""single"",""title"":""Choice"",""choices"":[{""id"":""e59338ec-03fe-46fe-a057-6ac686c1c6e9"",""label"":""Cold"",""priceDelta"":0}],""groupId"":""34bfbb80-a978-4fb3-b5b9-ef83fdd3b936"",""required"":true}]","READY"
"84e6ab85-6683-4272-a663-b4182a244756","3ea490c5-4e63-4aef-843b-56fd8cd35828","bfafbe37-d3a8-4f50-9186-f70a99acb47e","1","0.000000000000000000000000000000",,"[]","READY"
"84eec9dc-cdb6-42bd-b4fd-cf956d78b0b6","1ba5b5ed-07d5-476d-9974-ac36962a8108","591f5a9e-5ae2-4612-a2fb-f42a2701ee97","1","0.000000000000000000000000000000",,"[{""type"":""single"",""title"":""Sugar"",""choices"":[{""id"":""f37891d4-906e-41fd-b016-39fca6854ee6"",""label"":""Sugar"",""priceDelta"":0}],""groupId"":""06a1f88e-2888-479f-8946-109b928ad90b"",""required"":true},{""type"":""single"",""title"":""Choice"",""choices"":[{""id"":""e59338ec-03fe-46fe-a057-6ac686c1c6e9"",""label"":""Cold"",""priceDelta"":0}],""groupId"":""34bfbb80-a978-4fb3-b5b9-ef83fdd3b936"",""required"":true}]","READY"
"855f07c0-b233-4250-bc7e-d43ace0530f3","10542395-9ab2-404f-bec5-9902ceef4a02","fb8fe2c6-9c32-4bef-8fa1-43835afcc6c6","1","0.000000000000000000000000000000",,"[{""type"":""single"",""title"":""Sugar"",""choices"":[{""id"":""4fa5be53-3fb1-4f3d-a093-cf72abcb644d"",""label"":""Sugar"",""priceDelta"":0}],""groupId"":""f3365b84-e196-42f0-9fd6-3d8a1d8dde4c"",""required"":true},{""type"":""single"",""title"":""Choice"",""choices"":[{""id"":""7c6f786f-e742-41b2-9e67-48fa2fb1f7f2"",""label"":""Hot"",""priceDelta"":0}],""groupId"":""8090364a-6a50-4ff0-bcd6-d4f2ebb7dab3"",""required"":true}]","READY"
"8592a137-4211-4461-a337-dd3458948d0c","d7beae46-1854-4e4f-a495-964e5fa6c8d9","591f5a9e-5ae2-4612-a2fb-f42a2701ee97","1","0.000000000000000000000000000000",,"[{""type"":""single"",""title"":""Sugar"",""choices"":[{""id"":""05361b04-9e88-4bae-a48a-8dabaef4a8d2"",""label"":""No Sugar"",""priceDelta"":0}],""groupId"":""06a1f88e-2888-479f-8946-109b928ad90b"",""required"":true},{""type"":""single"",""title"":""Choice"",""choices"":[{""id"":""e59338ec-03fe-46fe-a057-6ac686c1c6e9"",""label"":""Cold"",""priceDelta"":0}],""groupId"":""34bfbb80-a978-4fb3-b5b9-ef83fdd3b936"",""required"":true}]","READY"
"85a4c6bc-e002-4659-8916-a926e853984d","dc58afdf-bf6c-4d9c-ae3b-f10c880622dd","fb8fe2c6-9c32-4bef-8fa1-43835afcc6c6","1","0.000000000000000000000000000000",,"[{""type"":""single"",""title"":""Sugar"",""choices"":[{""id"":""d9af3701-1417-4c4e-84c9-b819b0629cad"",""label"":""No Sugar"",""priceDelta"":0}],""groupId"":""f3365b84-e196-42f0-9fd6-3d8a1d8dde4c"",""required"":true},{""type"":""single"",""title"":""Choice"",""choices"":[{""id"":""c71b228e-1db4-4cbe-add8-682c2f2ff432"",""label"":""Cold"",""priceDelta"":0}],""groupId"":""8090364a-6a50-4ff0-bcd6-d4f2ebb7dab3"",""required"":true}]","READY"
"87271115-dd47-4244-9e85-0a58ae567a84","b6e6a691-b4e2-464e-b475-ef4491a0103d","ee41b154-17a0-4f25-897c-0e34d0e9ca3b","1","0.000000000000000000000000000000",,"[{""type"":""single"",""title"":""Option"",""choices"":[{""id"":""a8530576-5d1c-4996-911a-b62cd0a6daf2"",""label"":""Sugar"",""priceDelta"":0}],""groupId"":""12b13edf-d25a-4abf-92d2-5d5b45515fb6"",""required"":true},{""type"":""single"",""title"":""Option"",""choices"":[{""id"":""7ea696b5-36dc-460e-905f-0dc05debdeb3"",""label"":""Cold"",""priceDelta"":0}],""groupId"":""f49b7c85-fcf0-43de-9f46-fdc52f0bd11a"",""required"":true}]","READY"
"87388b93-b311-4a60-bd06-ed99e9d7eaee","0d5ab09b-0166-4387-88ac-198aade7bd36","ee41b154-17a0-4f25-897c-0e34d0e9ca3b","1","0.000000000000000000000000000000",,"[{""type"":""single"",""title"":""Option"",""choices"":[{""id"":""a9c0ba9a-f944-4f5f-9c23-759a4d8930f5"",""label"":""No Sugar"",""priceDelta"":0}],""groupId"":""12b13edf-d25a-4abf-92d2-5d5b45515fb6"",""required"":true},{""type"":""single"",""title"":""Option"",""choices"":[{""id"":""0ec24708-bfd6-4c1f-8d5e-a86d9cef2e64"",""label"":""Hot"",""priceDelta"":0}],""groupId"":""f49b7c85-fcf0-43de-9f46-fdc52f0bd11a"",""required"":true}]","READY"
"8745cc40-82c2-419e-a485-e39c2ac88b06","156477b5-cc26-4516-ab5d-cf8b476d1ec8","fb8fe2c6-9c32-4bef-8fa1-43835afcc6c6","1","0.000000000000000000000000000000",,"[{""type"":""single"",""title"":""Sugar"",""choices"":[{""id"":""d9af3701-1417-4c4e-84c9-b819b0629cad"",""label"":""No Sugar"",""priceDelta"":0}],""groupId"":""f3365b84-e196-42f0-9fd6-3d8a1d8dde4c"",""required"":true},{""type"":""single"",""title"":""Choice"",""choices"":[{""id"":""c71b228e-1db4-4cbe-add8-682c2f2ff432"",""label"":""Cold"",""priceDelta"":0}],""groupId"":""8090364a-6a50-4ff0-bcd6-d4f2ebb7dab3"",""required"":true}]","READY"
"87ce4b2c-d720-44f6-98c0-0132bde22fc4","2830cd9b-5caa-4c86-8027-d2822028be88","591f5a9e-5ae2-4612-a2fb-f42a2701ee97","1","0.000000000000000000000000000000",,"[{""type"":""single"",""title"":""Sugar"",""choices"":[{""id"":""f37891d4-906e-41fd-b016-39fca6854ee6"",""label"":""Sugar"",""priceDelta"":0}],""groupId"":""06a1f88e-2888-479f-8946-109b928ad90b"",""required"":true},{""type"":""single"",""title"":""Choice"",""choices"":[{""id"":""e59338ec-03fe-46fe-a057-6ac686c1c6e9"",""label"":""Cold"",""priceDelta"":0}],""groupId"":""34bfbb80-a978-4fb3-b5b9-ef83fdd3b936"",""required"":true}]","READY"
"87fad55f-6aad-4a4c-930c-53b8c14e0a58","9b2817d2-9e14-472c-a8c6-4b8febe87079","ee41b154-17a0-4f25-897c-0e34d0e9ca3b","1","0.000000000000000000000000000000",,"[{""type"":""single"",""title"":""Option"",""choices"":[{""id"":""a8530576-5d1c-4996-911a-b62cd0a6daf2"",""label"":""Sugar"",""priceDelta"":0}],""groupId"":""12b13edf-d25a-4abf-92d2-5d5b45515fb6"",""required"":true},{""type"":""single"",""title"":""Option"",""choices"":[{""id"":""7ea696b5-36dc-460e-905f-0dc05debdeb3"",""label"":""Cold"",""priceDelta"":0}],""groupId"":""f49b7c85-fcf0-43de-9f46-fdc52f0bd11a"",""required"":true}]","READY"
"88e22802-1916-4e81-82fd-63761eeeb534","b84539d1-a04e-420d-b7cf-ec6ebfcf360a","591f5a9e-5ae2-4612-a2fb-f42a2701ee97","1","0.000000000000000000000000000000",,"[{""type"":""single"",""title"":""Sugar"",""choices"":[{""id"":""f37891d4-906e-41fd-b016-39fca6854ee6"",""label"":""Sugar"",""priceDelta"":0}],""groupId"":""06a1f88e-2888-479f-8946-109b928ad90b"",""required"":true},{""type"":""single"",""title"":""Choice"",""choices"":[{""id"":""74279e17-917e-4369-9d70-b782add81b27"",""label"":""Hot"",""priceDelta"":0}],""groupId"":""34bfbb80-a978-4fb3-b5b9-ef83fdd3b936"",""required"":true}]","READY"
"88ed13ea-45eb-4560-9092-29496c994b5f","27d26d54-897a-407a-a8eb-74d8db037a51","ee41b154-17a0-4f25-897c-0e34d0e9ca3b","1","0.000000000000000000000000000000",,"[{""type"":""single"",""title"":""Option"",""choices"":[{""id"":""a9c0ba9a-f944-4f5f-9c23-759a4d8930f5"",""label"":""No Sugar"",""priceDelta"":0}],""groupId"":""12b13edf-d25a-4abf-92d2-5d5b45515fb6"",""required"":true},{""type"":""single"",""title"":""Option"",""choices"":[{""id"":""7ea696b5-36dc-460e-905f-0dc05debdeb3"",""label"":""Cold"",""priceDelta"":0}],""groupId"":""f49b7c85-fcf0-43de-9f46-fdc52f0bd11a"",""required"":true}]","READY"
"8911f1ca-2fb0-4dc9-8abf-e549592ed2ea","d4de9fe4-35b1-4816-a302-621a3ddbeed3","fb8fe2c6-9c32-4bef-8fa1-43835afcc6c6","1","0.000000000000000000000000000000",,"[{""type"":""single"",""title"":""Sugar"",""choices"":[{""id"":""d9af3701-1417-4c4e-84c9-b819b0629cad"",""label"":""No Sugar"",""priceDelta"":0}],""groupId"":""f3365b84-e196-42f0-9fd6-3d8a1d8dde4c"",""required"":true},{""type"":""single"",""title"":""Choice"",""choices"":[{""id"":""c71b228e-1db4-4cbe-add8-682c2f2ff432"",""label"":""Cold"",""priceDelta"":0}],""groupId"":""8090364a-6a50-4ff0-bcd6-d4f2ebb7dab3"",""required"":true}]","READY"
"893490f3-ce68-4122-8c76-9c6760437058","9ceb50ee-5648-4de3-a185-9e12573205a2","591f5a9e-5ae2-4612-a2fb-f42a2701ee97","1","0.000000000000000000000000000000",,"[{""type"":""single"",""title"":""Sugar"",""choices"":[{""id"":""05361b04-9e88-4bae-a48a-8dabaef4a8d2"",""label"":""No Sugar"",""priceDelta"":0}],""groupId"":""06a1f88e-2888-479f-8946-109b928ad90b"",""required"":true},{""type"":""single"",""title"":""Choice"",""choices"":[{""id"":""74279e17-917e-4369-9d70-b782add81b27"",""label"":""Hot"",""priceDelta"":0}],""groupId"":""34bfbb80-a978-4fb3-b5b9-ef83fdd3b936"",""required"":true}]","READY"
"8947e23c-f962-4758-bb8f-5c921897343c","137e5cad-6c29-4685-a02b-527acd0fa451","fb8fe2c6-9c32-4bef-8fa1-43835afcc6c6","1","0.000000000000000000000000000000",,"[{""type"":""single"",""title"":""Sugar"",""choices"":[{""id"":""d9af3701-1417-4c4e-84c9-b819b0629cad"",""label"":""No Sugar"",""priceDelta"":0}],""groupId"":""f3365b84-e196-42f0-9fd6-3d8a1d8dde4c"",""required"":true},{""type"":""single"",""title"":""Choice"",""choices"":[{""id"":""c71b228e-1db4-4cbe-add8-682c2f2ff432"",""label"":""Cold"",""priceDelta"":0}],""groupId"":""8090364a-6a50-4ff0-bcd6-d4f2ebb7dab3"",""required"":true}]","READY"
"897a6402-70e0-4640-94b3-93a1b8783d41","28b27d2b-8c44-4ba4-9d5c-15fe93ceb081","7e851c95-25d4-4e97-834f-0708d32e0ed7","1","0.000000000000000000000000000000",,"[{""type"":""single"",""title"":""Sugar"",""choices"":[{""id"":""44ea2716-b9e7-4743-8cf6-74a3ecd8383b"",""label"":""No Sugar"",""priceDelta"":0}],""groupId"":""e2881883-1aaf-4a54-9986-c33e9d120289"",""required"":true},{""type"":""single"",""title"":""Option"",""choices"":[{""id"":""7f46222e-8c71-4976-887f-0de762d365c3"",""label"":""Cold"",""priceDelta"":0}],""groupId"":""72bc398e-a245-4b94-b598-446567c641b0"",""required"":true}]","READY"
"8a845934-828a-4849-a07b-1db20a22e00d","51d49caa-e363-4083-9bbd-af1bdf49b8a4","7e851c95-25d4-4e97-834f-0708d32e0ed7","1","0.000000000000000000000000000000",,"[{""type"":""single"",""title"":""Sugar"",""choices"":[{""id"":""44ea2716-b9e7-4743-8cf6-74a3ecd8383b"",""label"":""No Sugar"",""priceDelta"":0}],""groupId"":""e2881883-1aaf-4a54-9986-c33e9d120289"",""required"":true},{""type"":""single"",""title"":""Option"",""choices"":[{""id"":""7f46222e-8c71-4976-887f-0de762d365c3"",""label"":""Cold"",""priceDelta"":0}],""groupId"":""72bc398e-a245-4b94-b598-446567c641b0"",""required"":true}]","READY"
"8afbfd3b-a2c7-4473-86de-c96321364f9e","7a9b56b1-528c-439b-9544-9d7f8a2764cf","fb8fe2c6-9c32-4bef-8fa1-43835afcc6c6","1","0.000000000000000000000000000000",,"[{""type"":""single"",""title"":""Sugar"",""choices"":[{""id"":""d9af3701-1417-4c4e-84c9-b819b0629cad"",""label"":""No Sugar"",""priceDelta"":0}],""groupId"":""f3365b84-e196-42f0-9fd6-3d8a1d8dde4c"",""required"":true},{""type"":""single"",""title"":""Choice"",""choices"":[{""id"":""7c6f786f-e742-41b2-9e67-48fa2fb1f7f2"",""label"":""Hot"",""priceDelta"":0}],""groupId"":""8090364a-6a50-4ff0-bcd6-d4f2ebb7dab3"",""required"":true}]","READY"
"8b20a4a8-4aef-4ffc-a3cc-3713042ec6e3","f0cf1bcf-7ebc-41ce-8ca2-9134166976a0","591f5a9e-5ae2-4612-a2fb-f42a2701ee97","1","0.000000000000000000000000000000",,"[{""type"":""single"",""title"":""Sugar"",""choices"":[{""id"":""05361b04-9e88-4bae-a48a-8dabaef4a8d2"",""label"":""No Sugar"",""priceDelta"":0}],""groupId"":""06a1f88e-2888-479f-8946-109b928ad90b"",""required"":true},{""type"":""single"",""title"":""Choice"",""choices"":[{""id"":""e59338ec-03fe-46fe-a057-6ac686c1c6e9"",""label"":""Cold"",""priceDelta"":0}],""groupId"":""34bfbb80-a978-4fb3-b5b9-ef83fdd3b936"",""required"":true}]","READY"
"8b61dfc3-0180-4ae5-be83-ed1924f3aa47","5bd53e52-2f12-47b1-8630-8338e2c3b811","fb8fe2c6-9c32-4bef-8fa1-43835afcc6c6","1","0.000000000000000000000000000000",,"[{""type"":""single"",""title"":""Sugar"",""choices"":[{""id"":""4fa5be53-3fb1-4f3d-a093-cf72abcb644d"",""label"":""Sugar"",""priceDelta"":0}],""groupId"":""f3365b84-e196-42f0-9fd6-3d8a1d8dde4c"",""required"":true},{""type"":""single"",""title"":""Choice"",""choices"":[{""id"":""c71b228e-1db4-4cbe-add8-682c2f2ff432"",""label"":""Cold"",""priceDelta"":0}],""groupId"":""8090364a-6a50-4ff0-bcd6-d4f2ebb7dab3"",""required"":true}]","READY"
"8bb77120-10d8-484a-8cd3-93a7695843e7","a73f964f-2f8a-4ee5-aeab-74abed0cd7a1","7e851c95-25d4-4e97-834f-0708d32e0ed7","1","0.000000000000000000000000000000",,"[{""type"":""single"",""title"":""Sugar"",""choices"":[{""id"":""44ea2716-b9e7-4743-8cf6-74a3ecd8383b"",""label"":""No Sugar"",""priceDelta"":0}],""groupId"":""e2881883-1aaf-4a54-9986-c33e9d120289"",""required"":true},{""type"":""single"",""title"":""Option"",""choices"":[{""id"":""7f46222e-8c71-4976-887f-0de762d365c3"",""label"":""Cold"",""priceDelta"":0}],""groupId"":""72bc398e-a245-4b94-b598-446567c641b0"",""required"":true}]","READY"
"8d37bafd-47c1-4781-b913-e57077e4f083","8a810ea0-c956-4b86-97ba-d4e713342dbb","ee41b154-17a0-4f25-897c-0e34d0e9ca3b","1","0.000000000000000000000000000000",,"[{""type"":""single"",""title"":""Option"",""choices"":[{""id"":""a8530576-5d1c-4996-911a-b62cd0a6daf2"",""label"":""Sugar"",""priceDelta"":0}],""groupId"":""12b13edf-d25a-4abf-92d2-5d5b45515fb6"",""required"":true},{""type"":""single"",""title"":""Option"",""choices"":[{""id"":""7ea696b5-36dc-460e-905f-0dc05debdeb3"",""label"":""Cold"",""priceDelta"":0}],""groupId"":""f49b7c85-fcf0-43de-9f46-fdc52f0bd11a"",""required"":true}]","READY"
"8d57f956-ac54-49f4-a5ca-f0cd5f4c4b0e","98910846-554f-43f3-8ff2-f3d035ce56fd","7e851c95-25d4-4e97-834f-0708d32e0ed7","1","0.000000000000000000000000000000",,"[{""type"":""single"",""title"":""Sugar"",""choices"":[{""id"":""44ea2716-b9e7-4743-8cf6-74a3ecd8383b"",""label"":""No Sugar"",""priceDelta"":0}],""groupId"":""e2881883-1aaf-4a54-9986-c33e9d120289"",""required"":true},{""type"":""single"",""title"":""Option"",""choices"":[{""id"":""7f46222e-8c71-4976-887f-0de762d365c3"",""label"":""Cold"",""priceDelta"":0}],""groupId"":""72bc398e-a245-4b94-b598-446567c641b0"",""required"":true}]","READY"
"8d5c2de8-13a9-4ba5-b91f-23709f3937ca","42eac9e3-8b58-4147-87f5-71b41a2af877","ee41b154-17a0-4f25-897c-0e34d0e9ca3b","1","0.000000000000000000000000000000",,"[{""type"":""single"",""title"":""Option"",""choices"":[{""id"":""a8530576-5d1c-4996-911a-b62cd0a6daf2"",""label"":""Sugar"",""priceDelta"":0}],""groupId"":""12b13edf-d25a-4abf-92d2-5d5b45515fb6"",""required"":true},{""type"":""single"",""title"":""Option"",""choices"":[{""id"":""7ea696b5-36dc-460e-905f-0dc05debdeb3"",""label"":""Cold"",""priceDelta"":0}],""groupId"":""f49b7c85-fcf0-43de-9f46-fdc52f0bd11a"",""required"":true}]","READY"
"8e480a68-020f-4fb5-9004-b5405ed618d5","2cd3eb74-1325-4f85-b6ff-9925c7bc007f","ee41b154-17a0-4f25-897c-0e34d0e9ca3b","1","0.000000000000000000000000000000",,"[{""type"":""single"",""title"":""Option"",""choices"":[{""id"":""a8530576-5d1c-4996-911a-b62cd0a6daf2"",""label"":""Sugar"",""priceDelta"":0}],""groupId"":""12b13edf-d25a-4abf-92d2-5d5b45515fb6"",""required"":true},{""type"":""single"",""title"":""Option"",""choices"":[{""id"":""7ea696b5-36dc-460e-905f-0dc05debdeb3"",""label"":""Cold"",""priceDelta"":0}],""groupId"":""f49b7c85-fcf0-43de-9f46-fdc52f0bd11a"",""required"":true}]","READY"
"8e5ce7bd-daca-43b9-aa25-6cb6754a29f1","3a49c88d-a8e2-40e7-a952-e6fbb2757377","fb8fe2c6-9c32-4bef-8fa1-43835afcc6c6","1","0.000000000000000000000000000000",,"[{""type"":""single"",""title"":""Sugar"",""choices"":[{""id"":""4fa5be53-3fb1-4f3d-a093-cf72abcb644d"",""label"":""Sugar"",""priceDelta"":0}],""groupId"":""f3365b84-e196-42f0-9fd6-3d8a1d8dde4c"",""required"":true},{""type"":""single"",""title"":""Choice"",""choices"":[{""id"":""c71b228e-1db4-4cbe-add8-682c2f2ff432"",""label"":""Cold"",""priceDelta"":0}],""groupId"":""8090364a-6a50-4ff0-bcd6-d4f2ebb7dab3"",""required"":true}]","READY"
"8e6ba5d4-815d-40c2-ac5a-9cabb33ac44d","32cca73d-1823-4fb1-806c-bb91eb7feee2","591f5a9e-5ae2-4612-a2fb-f42a2701ee97","1","0.000000000000000000000000000000",,"[{""type"":""single"",""title"":""Sugar"",""choices"":[{""id"":""05361b04-9e88-4bae-a48a-8dabaef4a8d2"",""label"":""No Sugar"",""priceDelta"":0}],""groupId"":""06a1f88e-2888-479f-8946-109b928ad90b"",""required"":true},{""type"":""single"",""title"":""Choice"",""choices"":[{""id"":""e59338ec-03fe-46fe-a057-6ac686c1c6e9"",""label"":""Cold"",""priceDelta"":0}],""groupId"":""34bfbb80-a978-4fb3-b5b9-ef83fdd3b936"",""required"":true}]","READY"
"8eafe1d5-64a0-4f05-9ef2-8d5844fa35b8","7a0a5763-249b-4c5c-98cd-8e925485ffc4","fb8fe2c6-9c32-4bef-8fa1-43835afcc6c6","1","0.000000000000000000000000000000",,"[{""type"":""single"",""title"":""Sugar"",""choices"":[{""id"":""d9af3701-1417-4c4e-84c9-b819b0629cad"",""label"":""No Sugar"",""priceDelta"":0}],""groupId"":""f3365b84-e196-42f0-9fd6-3d8a1d8dde4c"",""required"":true},{""type"":""single"",""title"":""Choice"",""choices"":[{""id"":""7c6f786f-e742-41b2-9e67-48fa2fb1f7f2"",""label"":""Hot"",""priceDelta"":0}],""groupId"":""8090364a-6a50-4ff0-bcd6-d4f2ebb7dab3"",""required"":true}]","READY"
"8f866073-65aa-4a94-8420-4e2aa27125ec","f9306c9c-077c-4b12-b408-bfe93fc97808","fb8fe2c6-9c32-4bef-8fa1-43835afcc6c6","1","0.000000000000000000000000000000",,"[{""type"":""single"",""title"":""Sugar"",""choices"":[{""id"":""4fa5be53-3fb1-4f3d-a093-cf72abcb644d"",""label"":""Sugar"",""priceDelta"":0}],""groupId"":""f3365b84-e196-42f0-9fd6-3d8a1d8dde4c"",""required"":true},{""type"":""single"",""title"":""Choice"",""choices"":[{""id"":""c71b228e-1db4-4cbe-add8-682c2f2ff432"",""label"":""Cold"",""priceDelta"":0}],""groupId"":""8090364a-6a50-4ff0-bcd6-d4f2ebb7dab3"",""required"":true}]","READY"
"8f8ec649-ebfd-4a0a-b6ef-3b0439f1d60f","01d99a90-1b1d-4df4-a9c9-981a85721b86","ee41b154-17a0-4f25-897c-0e34d0e9ca3b","1","0.000000000000000000000000000000",,"[{""type"":""single"",""title"":""Option"",""choices"":[{""id"":""a9c0ba9a-f944-4f5f-9c23-759a4d8930f5"",""label"":""No Sugar"",""priceDelta"":0}],""groupId"":""12b13edf-d25a-4abf-92d2-5d5b45515fb6"",""required"":true},{""type"":""single"",""title"":""Option"",""choices"":[{""id"":""7ea696b5-36dc-460e-905f-0dc05debdeb3"",""label"":""Cold"",""priceDelta"":0}],""groupId"":""f49b7c85-fcf0-43de-9f46-fdc52f0bd11a"",""required"":true}]","READY"
"906c7e8c-3623-46b2-bc76-3e38ca4c8cdc","3f1c1023-5b58-4241-b674-f142e14754bb","bfafbe37-d3a8-4f50-9186-f70a99acb47e","1","0.000000000000000000000000000000","Less ice less sweet","[]","READY"
"90c904be-6bcf-43ed-abe0-a6d56b7d9626","969d00fd-7af9-49f2-8c29-72b39ae7099d","ee41b154-17a0-4f25-897c-0e34d0e9ca3b","1","0.000000000000000000000000000000",,"[{""type"":""single"",""title"":""Option"",""choices"":[{""id"":""a8530576-5d1c-4996-911a-b62cd0a6daf2"",""label"":""Sugar"",""priceDelta"":0}],""groupId"":""12b13edf-d25a-4abf-92d2-5d5b45515fb6"",""required"":true},{""type"":""single"",""title"":""Option"",""choices"":[{""id"":""7ea696b5-36dc-460e-905f-0dc05debdeb3"",""label"":""Cold"",""priceDelta"":0}],""groupId"":""f49b7c85-fcf0-43de-9f46-fdc52f0bd11a"",""required"":true}]","READY"
"91ccad11-ef5b-4dee-bb25-bb714c08c0a5","3a525bc3-4bcd-4b3a-9921-c1cf164faff8","ee41b154-17a0-4f25-897c-0e34d0e9ca3b","1","0.000000000000000000000000000000",,"[{""type"":""single"",""title"":""Option"",""choices"":[{""id"":""a9c0ba9a-f944-4f5f-9c23-759a4d8930f5"",""label"":""No Sugar"",""priceDelta"":0}],""groupId"":""12b13edf-d25a-4abf-92d2-5d5b45515fb6"",""required"":true},{""type"":""single"",""title"":""Option"",""choices"":[{""id"":""7ea696b5-36dc-460e-905f-0dc05debdeb3"",""label"":""Cold"",""priceDelta"":0}],""groupId"":""f49b7c85-fcf0-43de-9f46-fdc52f0bd11a"",""required"":true}]","READY"
"92015114-8501-408f-a743-0ad17cd136c1","e747ee9b-f7ce-48d6-b569-d695b9144fa9","ee41b154-17a0-4f25-897c-0e34d0e9ca3b","2","0.000000000000000000000000000000",,"[{""type"":""single"",""title"":""Option"",""choices"":[{""id"":""a8530576-5d1c-4996-911a-b62cd0a6daf2"",""label"":""Sugar"",""priceDelta"":0}],""groupId"":""12b13edf-d25a-4abf-92d2-5d5b45515fb6"",""required"":true},{""type"":""single"",""title"":""Option"",""choices"":[{""id"":""7ea696b5-36dc-460e-905f-0dc05debdeb3"",""label"":""Cold"",""priceDelta"":0}],""groupId"":""f49b7c85-fcf0-43de-9f46-fdc52f0bd11a"",""required"":true}]","READY"
"92673ddf-6066-48d6-be46-48b375319ee5","1285c88c-aafe-475c-bb30-febba17d8f1f","fb8fe2c6-9c32-4bef-8fa1-43835afcc6c6","1","0.000000000000000000000000000000",,"[{""type"":""single"",""title"":""Sugar"",""choices"":[{""id"":""4fa5be53-3fb1-4f3d-a093-cf72abcb644d"",""label"":""Sugar"",""priceDelta"":0}],""groupId"":""f3365b84-e196-42f0-9fd6-3d8a1d8dde4c"",""required"":true},{""type"":""single"",""title"":""Choice"",""choices"":[{""id"":""7c6f786f-e742-41b2-9e67-48fa2fb1f7f2"",""label"":""Hot"",""priceDelta"":0}],""groupId"":""8090364a-6a50-4ff0-bcd6-d4f2ebb7dab3"",""required"":true}]","READY"
"926e3efe-e0e7-454d-a487-d2d54ef7d5fe","ee7d60f4-b0a5-4132-9445-66a5fc14b0bf","591f5a9e-5ae2-4612-a2fb-f42a2701ee97","1","0.000000000000000000000000000000",,"[{""type"":""single"",""title"":""Sugar"",""choices"":[{""id"":""05361b04-9e88-4bae-a48a-8dabaef4a8d2"",""label"":""No Sugar"",""priceDelta"":0}],""groupId"":""06a1f88e-2888-479f-8946-109b928ad90b"",""required"":true},{""type"":""single"",""title"":""Choice"",""choices"":[{""id"":""e59338ec-03fe-46fe-a057-6ac686c1c6e9"",""label"":""Cold"",""priceDelta"":0}],""groupId"":""34bfbb80-a978-4fb3-b5b9-ef83fdd3b936"",""required"":true}]","READY"
"926ee3eb-9e59-47af-89c2-54c9f30e9f02","b424cc91-23d1-4e5a-8a8e-6ec07ea9db86","ee41b154-17a0-4f25-897c-0e34d0e9ca3b","1","0.000000000000000000000000000000",,"[{""type"":""single"",""title"":""Option"",""choices"":[{""id"":""a9c0ba9a-f944-4f5f-9c23-759a4d8930f5"",""label"":""No Sugar"",""priceDelta"":0}],""groupId"":""12b13edf-d25a-4abf-92d2-5d5b45515fb6"",""required"":true},{""type"":""single"",""title"":""Option"",""choices"":[{""id"":""7ea696b5-36dc-460e-905f-0dc05debdeb3"",""label"":""Cold"",""priceDelta"":0}],""groupId"":""f49b7c85-fcf0-43de-9f46-fdc52f0bd11a"",""required"":true}]","READY"
"92a8dc01-6132-427b-bc58-dd75cbdd7698","3d819096-afb7-4c5f-814c-51de23ca47ab","ee41b154-17a0-4f25-897c-0e34d0e9ca3b","1","0.000000000000000000000000000000",,"[{""type"":""single"",""title"":""Option"",""choices"":[{""id"":""a8530576-5d1c-4996-911a-b62cd0a6daf2"",""label"":""Sugar"",""priceDelta"":0}],""groupId"":""12b13edf-d25a-4abf-92d2-5d5b45515fb6"",""required"":true},{""type"":""single"",""title"":""Option"",""choices"":[{""id"":""7ea696b5-36dc-460e-905f-0dc05debdeb3"",""label"":""Cold"",""priceDelta"":0}],""groupId"":""f49b7c85-fcf0-43de-9f46-fdc52f0bd11a"",""required"":true}]","READY"
"92c1ca83-d746-4a5e-a9e1-8d11c2b20337","b9c5d8f1-ea20-4551-8e62-cd9cdf729b79","ee41b154-17a0-4f25-897c-0e34d0e9ca3b","2","0.000000000000000000000000000000",,"[{""type"":""single"",""title"":""Option"",""choices"":[{""id"":""a8530576-5d1c-4996-911a-b62cd0a6daf2"",""label"":""Sugar"",""priceDelta"":0}],""groupId"":""12b13edf-d25a-4abf-92d2-5d5b45515fb6"",""required"":true},{""type"":""single"",""title"":""Option"",""choices"":[{""id"":""7ea696b5-36dc-460e-905f-0dc05debdeb3"",""label"":""Cold"",""priceDelta"":0}],""groupId"":""f49b7c85-fcf0-43de-9f46-fdc52f0bd11a"",""required"":true}]","READY"
"92fc99b6-6cd6-48d4-87cb-09312e202f82","240aeff9-f278-4841-871b-0cafddb66508","ee41b154-17a0-4f25-897c-0e34d0e9ca3b","1","0.000000000000000000000000000000",,"[{""type"":""single"",""title"":""Option"",""choices"":[{""id"":""a8530576-5d1c-4996-911a-b62cd0a6daf2"",""label"":""Sugar"",""priceDelta"":0}],""groupId"":""12b13edf-d25a-4abf-92d2-5d5b45515fb6"",""required"":true},{""type"":""single"",""title"":""Option"",""choices"":[{""id"":""7ea696b5-36dc-460e-905f-0dc05debdeb3"",""label"":""Cold"",""priceDelta"":0}],""groupId"":""f49b7c85-fcf0-43de-9f46-fdc52f0bd11a"",""required"":true}]","READY"
"92ffa951-81e5-4ba0-9a92-e9676a89d4b7","b5cb4f8b-3aeb-4146-83b5-9c946e939ab1","fb8fe2c6-9c32-4bef-8fa1-43835afcc6c6","1","0.000000000000000000000000000000",,"[{""type"":""single"",""title"":""Sugar"",""choices"":[{""id"":""4fa5be53-3fb1-4f3d-a093-cf72abcb644d"",""label"":""Sugar"",""priceDelta"":0}],""groupId"":""f3365b84-e196-42f0-9fd6-3d8a1d8dde4c"",""required"":true},{""type"":""single"",""title"":""Choice"",""choices"":[{""id"":""c71b228e-1db4-4cbe-add8-682c2f2ff432"",""label"":""Cold"",""priceDelta"":0}],""groupId"":""8090364a-6a50-4ff0-bcd6-d4f2ebb7dab3"",""required"":true}]","READY"
"93da8caf-bf0e-45e2-b921-2426f3fb2f07","38e32b89-a822-4569-a22e-210b0200873a","fb8fe2c6-9c32-4bef-8fa1-43835afcc6c6","1","0.000000000000000000000000000000",,"[{""type"":""single"",""title"":""Sugar"",""choices"":[{""id"":""4fa5be53-3fb1-4f3d-a093-cf72abcb644d"",""label"":""Sugar"",""priceDelta"":0}],""groupId"":""f3365b84-e196-42f0-9fd6-3d8a1d8dde4c"",""required"":true},{""type"":""single"",""title"":""Choice"",""choices"":[{""id"":""c71b228e-1db4-4cbe-add8-682c2f2ff432"",""label"":""Cold"",""priceDelta"":0}],""groupId"":""8090364a-6a50-4ff0-bcd6-d4f2ebb7dab3"",""required"":true}]","READY"
"93f277eb-5615-4500-968f-5b7d318981f3","93798c4b-6960-49eb-b9f3-af86d9c91844","ee41b154-17a0-4f25-897c-0e34d0e9ca3b","1","0.000000000000000000000000000000",,"[{""type"":""single"",""title"":""Option"",""choices"":[{""id"":""a8530576-5d1c-4996-911a-b62cd0a6daf2"",""label"":""Sugar"",""priceDelta"":0}],""groupId"":""12b13edf-d25a-4abf-92d2-5d5b45515fb6"",""required"":true},{""type"":""single"",""title"":""Option"",""choices"":[{""id"":""7ea696b5-36dc-460e-905f-0dc05debdeb3"",""label"":""Cold"",""priceDelta"":0}],""groupId"":""f49b7c85-fcf0-43de-9f46-fdc52f0bd11a"",""required"":true}]","READY"
"9480cf82-81df-471e-89a9-763242485b29","d14173dd-38a7-46ab-b187-b247f8f50fe0","fb8fe2c6-9c32-4bef-8fa1-43835afcc6c6","1","0.000000000000000000000000000000",,"[{""type"":""single"",""title"":""Sugar"",""choices"":[{""id"":""4fa5be53-3fb1-4f3d-a093-cf72abcb644d"",""label"":""Sugar"",""priceDelta"":0}],""groupId"":""f3365b84-e196-42f0-9fd6-3d8a1d8dde4c"",""required"":true},{""type"":""single"",""title"":""Choice"",""choices"":[{""id"":""c71b228e-1db4-4cbe-add8-682c2f2ff432"",""label"":""Cold"",""priceDelta"":0}],""groupId"":""8090364a-6a50-4ff0-bcd6-d4f2ebb7dab3"",""required"":true}]","READY"
"94d902a1-48f2-4d5d-ad11-2b01ae2801d8","15c17081-0120-4c7d-bb09-f58342cf7f3e","ee41b154-17a0-4f25-897c-0e34d0e9ca3b","1","0.000000000000000000000000000000",,"[{""type"":""single"",""title"":""Option"",""choices"":[{""id"":""a8530576-5d1c-4996-911a-b62cd0a6daf2"",""label"":""Sugar"",""priceDelta"":0}],""groupId"":""12b13edf-d25a-4abf-92d2-5d5b45515fb6"",""required"":true},{""type"":""single"",""title"":""Option"",""choices"":[{""id"":""0ec24708-bfd6-4c1f-8d5e-a86d9cef2e64"",""label"":""Hot"",""priceDelta"":0}],""groupId"":""f49b7c85-fcf0-43de-9f46-fdc52f0bd11a"",""required"":true}]","READY"
"94e14768-0b19-4785-92fb-84bbfdd24375","57c2d088-d334-40f1-ac96-db85a48a7bdc","fb8fe2c6-9c32-4bef-8fa1-43835afcc6c6","1","0.000000000000000000000000000000",,"[{""type"":""single"",""title"":""Sugar"",""choices"":[{""id"":""4fa5be53-3fb1-4f3d-a093-cf72abcb644d"",""label"":""Sugar"",""priceDelta"":0}],""groupId"":""f3365b84-e196-42f0-9fd6-3d8a1d8dde4c"",""required"":true},{""type"":""single"",""title"":""Choice"",""choices"":[{""id"":""c71b228e-1db4-4cbe-add8-682c2f2ff432"",""label"":""Cold"",""priceDelta"":0}],""groupId"":""8090364a-6a50-4ff0-bcd6-d4f2ebb7dab3"",""required"":true}]","READY"
"95041a5e-7c12-4f8b-9f9b-54a294004e2f","262dd5f7-773c-48d5-aa79-e2c540ae3d40","fb8fe2c6-9c32-4bef-8fa1-43835afcc6c6","1","0.000000000000000000000000000000",,"[{""type"":""single"",""title"":""Sugar"",""choices"":[{""id"":""d9af3701-1417-4c4e-84c9-b819b0629cad"",""label"":""No Sugar"",""priceDelta"":0}],""groupId"":""f3365b84-e196-42f0-9fd6-3d8a1d8dde4c"",""required"":true},{""type"":""single"",""title"":""Choice"",""choices"":[{""id"":""7c6f786f-e742-41b2-9e67-48fa2fb1f7f2"",""label"":""Hot"",""priceDelta"":0}],""groupId"":""8090364a-6a50-4ff0-bcd6-d4f2ebb7dab3"",""required"":true}]","READY"
"953cfb95-7e64-44ee-a318-d2fc675b6b78","fbe7661b-2206-4fd8-96bb-a9e28c4bba2e","591f5a9e-5ae2-4612-a2fb-f42a2701ee97","1","0.000000000000000000000000000000",,"[{""type"":""single"",""title"":""Sugar"",""choices"":[{""id"":""f37891d4-906e-41fd-b016-39fca6854ee6"",""label"":""Sugar"",""priceDelta"":0}],""groupId"":""06a1f88e-2888-479f-8946-109b928ad90b"",""required"":true},{""type"":""single"",""title"":""Choice"",""choices"":[{""id"":""e59338ec-03fe-46fe-a057-6ac686c1c6e9"",""label"":""Cold"",""priceDelta"":0}],""groupId"":""34bfbb80-a978-4fb3-b5b9-ef83fdd3b936"",""required"":true}]","READY"
"95fd7f52-8c9a-4dc2-9f4d-f46bffa71e4f","76e2f793-a0a1-49fc-aa6f-ea670a04ad97","591f5a9e-5ae2-4612-a2fb-f42a2701ee97","1","0.000000000000000000000000000000",,"[{""type"":""single"",""title"":""Sugar"",""choices"":[{""id"":""f37891d4-906e-41fd-b016-39fca6854ee6"",""label"":""Sugar"",""priceDelta"":0}],""groupId"":""06a1f88e-2888-479f-8946-109b928ad90b"",""required"":true},{""type"":""single"",""title"":""Choice"",""choices"":[{""id"":""e59338ec-03fe-46fe-a057-6ac686c1c6e9"",""label"":""Cold"",""priceDelta"":0}],""groupId"":""34bfbb80-a978-4fb3-b5b9-ef83fdd3b936"",""required"":true}]","READY"
"9607bfba-94f9-47a5-949c-464c56944ca2","9b7b1e44-54ac-4f2c-b25e-b11097b4fe53","fb8fe2c6-9c32-4bef-8fa1-43835afcc6c6","1","0.000000000000000000000000000000",,"[{""type"":""single"",""title"":""Sugar"",""choices"":[{""id"":""4fa5be53-3fb1-4f3d-a093-cf72abcb644d"",""label"":""Sugar"",""priceDelta"":0}],""groupId"":""f3365b84-e196-42f0-9fd6-3d8a1d8dde4c"",""required"":true},{""type"":""single"",""title"":""Choice"",""choices"":[{""id"":""c71b228e-1db4-4cbe-add8-682c2f2ff432"",""label"":""Cold"",""priceDelta"":0}],""groupId"":""8090364a-6a50-4ff0-bcd6-d4f2ebb7dab3"",""required"":true}]","READY"
"96e5eaa8-9e2a-4cfe-b8bc-67ac19e5f138","65cdd4ff-80f4-4b86-9437-1dbd73f7bd9d","fb8fe2c6-9c32-4bef-8fa1-43835afcc6c6","1","0.000000000000000000000000000000",,"[{""type"":""single"",""title"":""Sugar"",""choices"":[{""id"":""d9af3701-1417-4c4e-84c9-b819b0629cad"",""label"":""No Sugar"",""priceDelta"":0}],""groupId"":""f3365b84-e196-42f0-9fd6-3d8a1d8dde4c"",""required"":true},{""type"":""single"",""title"":""Choice"",""choices"":[{""id"":""7c6f786f-e742-41b2-9e67-48fa2fb1f7f2"",""label"":""Hot"",""priceDelta"":0}],""groupId"":""8090364a-6a50-4ff0-bcd6-d4f2ebb7dab3"",""required"":true}]","READY"
"97090b4d-b719-426d-97c5-d0aeb89a36ab","fccd81a6-64b2-40fe-a868-62df90a9851c","fb8fe2c6-9c32-4bef-8fa1-43835afcc6c6","1","0.000000000000000000000000000000",,"[{""type"":""single"",""title"":""Sugar"",""choices"":[{""id"":""d9af3701-1417-4c4e-84c9-b819b0629cad"",""label"":""No Sugar"",""priceDelta"":0}],""groupId"":""f3365b84-e196-42f0-9fd6-3d8a1d8dde4c"",""required"":true},{""type"":""single"",""title"":""Choice"",""choices"":[{""id"":""7c6f786f-e742-41b2-9e67-48fa2fb1f7f2"",""label"":""Hot"",""priceDelta"":0}],""groupId"":""8090364a-6a50-4ff0-bcd6-d4f2ebb7dab3"",""required"":true}]","READY"
"978beca0-173d-4e6f-9bd3-291f1864e580","ea744db1-3ea5-4500-b09b-e51cbd71336f","fb8fe2c6-9c32-4bef-8fa1-43835afcc6c6","1","0.000000000000000000000000000000",,"[{""type"":""single"",""title"":""Sugar"",""choices"":[{""id"":""d9af3701-1417-4c4e-84c9-b819b0629cad"",""label"":""No Sugar"",""priceDelta"":0}],""groupId"":""f3365b84-e196-42f0-9fd6-3d8a1d8dde4c"",""required"":true},{""type"":""single"",""title"":""Choice"",""choices"":[{""id"":""7c6f786f-e742-41b2-9e67-48fa2fb1f7f2"",""label"":""Hot"",""priceDelta"":0}],""groupId"":""8090364a-6a50-4ff0-bcd6-d4f2ebb7dab3"",""required"":true}]","READY"
"981669cf-b7d1-46f7-a3d8-ae33f8cd6408","41a86605-2c5b-4e1d-bdbc-e75bbcb27575","ee41b154-17a0-4f25-897c-0e34d0e9ca3b","1","0.000000000000000000000000000000",,"[{""type"":""single"",""title"":""Option"",""choices"":[{""id"":""a8530576-5d1c-4996-911a-b62cd0a6daf2"",""label"":""Sugar"",""priceDelta"":0}],""groupId"":""12b13edf-d25a-4abf-92d2-5d5b45515fb6"",""required"":true},{""type"":""single"",""title"":""Option"",""choices"":[{""id"":""7ea696b5-36dc-460e-905f-0dc05debdeb3"",""label"":""Cold"",""priceDelta"":0}],""groupId"":""f49b7c85-fcf0-43de-9f46-fdc52f0bd11a"",""required"":true}]","READY"
"9823b0f8-c14c-4453-945f-553bf2f7e62e","d288b862-8429-43ac-b1a1-28b7d1dda5f9","bfafbe37-d3a8-4f50-9186-f70a99acb47e","1","0.000000000000000000000000000000",,"[]","READY"
"982483b0-020e-4c0f-b32a-d08673e5cfbb","be09cddc-fb33-4d3a-846d-8c4c7219299d","591f5a9e-5ae2-4612-a2fb-f42a2701ee97","1","0.000000000000000000000000000000",,"[{""type"":""single"",""title"":""Sugar"",""choices"":[{""id"":""f37891d4-906e-41fd-b016-39fca6854ee6"",""label"":""Sugar"",""priceDelta"":0}],""groupId"":""06a1f88e-2888-479f-8946-109b928ad90b"",""required"":true},{""type"":""single"",""title"":""Choice"",""choices"":[{""id"":""e59338ec-03fe-46fe-a057-6ac686c1c6e9"",""label"":""Cold"",""priceDelta"":0}],""groupId"":""34bfbb80-a978-4fb3-b5b9-ef83fdd3b936"",""required"":true}]","READY"
"986713f6-fd58-467b-9123-620b6ffcdc28","db39e3aa-4c35-422d-bc44-29adc9086a6b","591f5a9e-5ae2-4612-a2fb-f42a2701ee97","1","0.000000000000000000000000000000",,"[{""type"":""single"",""title"":""Sugar"",""choices"":[{""id"":""f37891d4-906e-41fd-b016-39fca6854ee6"",""label"":""Sugar"",""priceDelta"":0}],""groupId"":""06a1f88e-2888-479f-8946-109b928ad90b"",""required"":true},{""type"":""single"",""title"":""Choice"",""choices"":[{""id"":""e59338ec-03fe-46fe-a057-6ac686c1c6e9"",""label"":""Cold"",""priceDelta"":0}],""groupId"":""34bfbb80-a978-4fb3-b5b9-ef83fdd3b936"",""required"":true}]","READY"
"98d167ad-d0c4-4de8-bd22-3847832eceba","b25db8d5-b50d-4370-95eb-38fcaf772091","591f5a9e-5ae2-4612-a2fb-f42a2701ee97","1","0.000000000000000000000000000000",,"[{""type"":""single"",""title"":""Sugar"",""choices"":[{""id"":""f37891d4-906e-41fd-b016-39fca6854ee6"",""label"":""Sugar"",""priceDelta"":0}],""groupId"":""06a1f88e-2888-479f-8946-109b928ad90b"",""required"":true},{""type"":""single"",""title"":""Choice"",""choices"":[{""id"":""e59338ec-03fe-46fe-a057-6ac686c1c6e9"",""label"":""Cold"",""priceDelta"":0}],""groupId"":""34bfbb80-a978-4fb3-b5b9-ef83fdd3b936"",""required"":true}]","READY"
"9a2ec198-092a-49e1-aeb0-290f7af9c744","d4de9fe4-35b1-4816-a302-621a3ddbeed3","fb8fe2c6-9c32-4bef-8fa1-43835afcc6c6","1","0.000000000000000000000000000000",,"[{""type"":""single"",""title"":""Sugar"",""choices"":[{""id"":""4fa5be53-3fb1-4f3d-a093-cf72abcb644d"",""label"":""Sugar"",""priceDelta"":0}],""groupId"":""f3365b84-e196-42f0-9fd6-3d8a1d8dde4c"",""required"":true},{""type"":""single"",""title"":""Choice"",""choices"":[{""id"":""7c6f786f-e742-41b2-9e67-48fa2fb1f7f2"",""label"":""Hot"",""priceDelta"":0}],""groupId"":""8090364a-6a50-4ff0-bcd6-d4f2ebb7dab3"",""required"":true}]","READY"
"9a536426-7b3b-4564-b798-116ac8402704","9022c15c-9cc4-46b4-ac54-bceb059eee04","7e851c95-25d4-4e97-834f-0708d32e0ed7","1","0.000000000000000000000000000000",,"[{""type"":""single"",""title"":""Sugar"",""choices"":[{""id"":""44ea2716-b9e7-4743-8cf6-74a3ecd8383b"",""label"":""No Sugar"",""priceDelta"":0}],""groupId"":""e2881883-1aaf-4a54-9986-c33e9d120289"",""required"":true},{""type"":""single"",""title"":""Option"",""choices"":[{""id"":""7f46222e-8c71-4976-887f-0de762d365c3"",""label"":""Cold"",""priceDelta"":0}],""groupId"":""72bc398e-a245-4b94-b598-446567c641b0"",""required"":true}]","READY"
"9aa40262-cd7c-47d8-b4d1-bb1f95bcf91b","e10ab33e-f224-4dd1-8d1e-d136837669ef","bfafbe37-d3a8-4f50-9186-f70a99acb47e","1","0.000000000000000000000000000000",,"[]","READY"
"9ad00c81-0fd2-4c14-8ebc-9f9a526663ba","44a1c5e7-965a-472d-9848-911c6916c355","591f5a9e-5ae2-4612-a2fb-f42a2701ee97","1","0.000000000000000000000000000000",,"[{""type"":""single"",""title"":""Sugar"",""choices"":[{""id"":""f37891d4-906e-41fd-b016-39fca6854ee6"",""label"":""Sugar"",""priceDelta"":0}],""groupId"":""06a1f88e-2888-479f-8946-109b928ad90b"",""required"":true},{""type"":""single"",""title"":""Choice"",""choices"":[{""id"":""e59338ec-03fe-46fe-a057-6ac686c1c6e9"",""label"":""Cold"",""priceDelta"":0}],""groupId"":""34bfbb80-a978-4fb3-b5b9-ef83fdd3b936"",""required"":true}]","READY"
"9b743002-b3d1-4c2a-8a0d-b20eb9d11091","6cc1bc91-2ca2-42e2-8edc-92373cfff462","fb8fe2c6-9c32-4bef-8fa1-43835afcc6c6","1","0.000000000000000000000000000000",,"[{""type"":""single"",""title"":""Sugar"",""choices"":[{""id"":""4fa5be53-3fb1-4f3d-a093-cf72abcb644d"",""label"":""Sugar"",""priceDelta"":0}],""groupId"":""f3365b84-e196-42f0-9fd6-3d8a1d8dde4c"",""required"":true},{""type"":""single"",""title"":""Choice"",""choices"":[{""id"":""c71b228e-1db4-4cbe-add8-682c2f2ff432"",""label"":""Cold"",""priceDelta"":0}],""groupId"":""8090364a-6a50-4ff0-bcd6-d4f2ebb7dab3"",""required"":true}]","READY"
"9bc9edf3-04a9-4d6f-bd81-2b85c454f2ee","a3a92015-79e1-4317-b071-c64e01eed258","ee41b154-17a0-4f25-897c-0e34d0e9ca3b","1","0.000000000000000000000000000000",,"[{""type"":""single"",""title"":""Option"",""choices"":[{""id"":""a9c0ba9a-f944-4f5f-9c23-759a4d8930f5"",""label"":""No Sugar"",""priceDelta"":0}],""groupId"":""12b13edf-d25a-4abf-92d2-5d5b45515fb6"",""required"":true},{""type"":""single"",""title"":""Option"",""choices"":[{""id"":""7ea696b5-36dc-460e-905f-0dc05debdeb3"",""label"":""Cold"",""priceDelta"":0}],""groupId"":""f49b7c85-fcf0-43de-9f46-fdc52f0bd11a"",""required"":true}]","READY"
"9be19616-a666-41e7-a427-3ec2c84ce2fb","1bbcf9f9-ee9f-4e26-b9ff-f54b24ae15c5","fb8fe2c6-9c32-4bef-8fa1-43835afcc6c6","1","0.000000000000000000000000000000",,"[{""type"":""single"",""title"":""Sugar"",""choices"":[{""id"":""d9af3701-1417-4c4e-84c9-b819b0629cad"",""label"":""No Sugar"",""priceDelta"":0}],""groupId"":""f3365b84-e196-42f0-9fd6-3d8a1d8dde4c"",""required"":true},{""type"":""single"",""title"":""Choice"",""choices"":[{""id"":""c71b228e-1db4-4cbe-add8-682c2f2ff432"",""label"":""Cold"",""priceDelta"":0}],""groupId"":""8090364a-6a50-4ff0-bcd6-d4f2ebb7dab3"",""required"":true}]","READY"
"9c0121d0-7021-4bdc-a76f-135857fb4bfe","2a4154e1-c6d2-434d-84eb-796b642a32e9","591f5a9e-5ae2-4612-a2fb-f42a2701ee97","1","0.000000000000000000000000000000",,"[{""type"":""single"",""title"":""Sugar"",""choices"":[{""id"":""f37891d4-906e-41fd-b016-39fca6854ee6"",""label"":""Sugar"",""priceDelta"":0}],""groupId"":""06a1f88e-2888-479f-8946-109b928ad90b"",""required"":true},{""type"":""single"",""title"":""Choice"",""choices"":[{""id"":""74279e17-917e-4369-9d70-b782add81b27"",""label"":""Hot"",""priceDelta"":0}],""groupId"":""34bfbb80-a978-4fb3-b5b9-ef83fdd3b936"",""required"":true}]","READY"
"9c07ae75-b664-413d-8e5e-19fe5d1e9946","3cd530a4-f516-4765-a94a-29b27d30f6bf","591f5a9e-5ae2-4612-a2fb-f42a2701ee97","1","0.000000000000000000000000000000",,"[{""type"":""single"",""title"":""Sugar"",""choices"":[{""id"":""f37891d4-906e-41fd-b016-39fca6854ee6"",""label"":""Sugar"",""priceDelta"":0}],""groupId"":""06a1f88e-2888-479f-8946-109b928ad90b"",""required"":true},{""type"":""single"",""title"":""Choice"",""choices"":[{""id"":""e59338ec-03fe-46fe-a057-6ac686c1c6e9"",""label"":""Cold"",""priceDelta"":0}],""groupId"":""34bfbb80-a978-4fb3-b5b9-ef83fdd3b936"",""required"":true}]","READY"
"9c094664-4d60-4999-802a-6d182507313a","4c127702-6b2c-47f0-b16b-f30b35ad896d","fb8fe2c6-9c32-4bef-8fa1-43835afcc6c6","2","0.000000000000000000000000000000",,"[{""type"":""single"",""title"":""Sugar"",""choices"":[{""id"":""4fa5be53-3fb1-4f3d-a093-cf72abcb644d"",""label"":""Sugar"",""priceDelta"":0}],""groupId"":""f3365b84-e196-42f0-9fd6-3d8a1d8dde4c"",""required"":true},{""type"":""single"",""title"":""Choice"",""choices"":[{""id"":""c71b228e-1db4-4cbe-add8-682c2f2ff432"",""label"":""Cold"",""priceDelta"":0}],""groupId"":""8090364a-6a50-4ff0-bcd6-d4f2ebb7dab3"",""required"":true}]","READY"
"9cba5314-05eb-4f9c-8acb-4d376aa5971b","90247b6e-9a33-4cda-9346-5a4913b98a7f","591f5a9e-5ae2-4612-a2fb-f42a2701ee97","1","0.000000000000000000000000000000",,"[{""type"":""single"",""title"":""Sugar"",""choices"":[{""id"":""05361b04-9e88-4bae-a48a-8dabaef4a8d2"",""label"":""No Sugar"",""priceDelta"":0}],""groupId"":""06a1f88e-2888-479f-8946-109b928ad90b"",""required"":true},{""type"":""single"",""title"":""Choice"",""choices"":[{""id"":""e59338ec-03fe-46fe-a057-6ac686c1c6e9"",""label"":""Cold"",""priceDelta"":0}],""groupId"":""34bfbb80-a978-4fb3-b5b9-ef83fdd3b936"",""required"":true}]","READY"
"9ce9fc12-cd62-491b-b1a0-878f6e0a40be","65b9e177-4528-41ec-90bf-2ee82d4236fa","fb8fe2c6-9c32-4bef-8fa1-43835afcc6c6","1","0.000000000000000000000000000000",,"[{""type"":""single"",""title"":""Sugar"",""choices"":[{""id"":""d9af3701-1417-4c4e-84c9-b819b0629cad"",""label"":""No Sugar"",""priceDelta"":0}],""groupId"":""f3365b84-e196-42f0-9fd6-3d8a1d8dde4c"",""required"":true},{""type"":""single"",""title"":""Choice"",""choices"":[{""id"":""c71b228e-1db4-4cbe-add8-682c2f2ff432"",""label"":""Cold"",""priceDelta"":0}],""groupId"":""8090364a-6a50-4ff0-bcd6-d4f2ebb7dab3"",""required"":true}]","READY"
"9d303185-2dab-402c-b63d-f121571c938c","f6539796-06e1-4b37-b9a6-028d0c48d290","7e851c95-25d4-4e97-834f-0708d32e0ed7","1","0.000000000000000000000000000000",,"[{""type"":""single"",""title"":""Sugar"",""choices"":[{""id"":""44ea2716-b9e7-4743-8cf6-74a3ecd8383b"",""label"":""No Sugar"",""priceDelta"":0}],""groupId"":""e2881883-1aaf-4a54-9986-c33e9d120289"",""required"":true},{""type"":""single"",""title"":""Option"",""choices"":[{""id"":""7f46222e-8c71-4976-887f-0de762d365c3"",""label"":""Cold"",""priceDelta"":0}],""groupId"":""72bc398e-a245-4b94-b598-446567c641b0"",""required"":true}]","READY"
"9d86361a-7e46-4ec3-b7b4-97ba2406b8fc","f0b041dc-0990-40b3-b5c6-554fe0c0d1a4","bfafbe37-d3a8-4f50-9186-f70a99acb47e","1","0.000000000000000000000000000000","Less ice no sugar","[]","READY"
"9e01d18a-0aed-4fe3-9a5f-efb32284dc09","107bd83a-2247-4074-bf77-a4b870bc80c8","fb8fe2c6-9c32-4bef-8fa1-43835afcc6c6","1","0.000000000000000000000000000000",,"[{""type"":""single"",""title"":""Sugar"",""choices"":[{""id"":""4fa5be53-3fb1-4f3d-a093-cf72abcb644d"",""label"":""Sugar"",""priceDelta"":0}],""groupId"":""f3365b84-e196-42f0-9fd6-3d8a1d8dde4c"",""required"":true},{""type"":""single"",""title"":""Choice"",""choices"":[{""id"":""c71b228e-1db4-4cbe-add8-682c2f2ff432"",""label"":""Cold"",""priceDelta"":0}],""groupId"":""8090364a-6a50-4ff0-bcd6-d4f2ebb7dab3"",""required"":true}]","READY"
"9e4c999c-7f67-4969-9a14-f5be62a652ae","bb1671a5-41c9-49cc-b803-2f29935de32f","ee41b154-17a0-4f25-897c-0e34d0e9ca3b","1","0.000000000000000000000000000000",,"[{""type"":""single"",""title"":""Option"",""choices"":[{""id"":""a8530576-5d1c-4996-911a-b62cd0a6daf2"",""label"":""Sugar"",""priceDelta"":0}],""groupId"":""12b13edf-d25a-4abf-92d2-5d5b45515fb6"",""required"":true},{""type"":""single"",""title"":""Option"",""choices"":[{""id"":""7ea696b5-36dc-460e-905f-0dc05debdeb3"",""label"":""Cold"",""priceDelta"":0}],""groupId"":""f49b7c85-fcf0-43de-9f46-fdc52f0bd11a"",""required"":true}]","READY"
"9ee1a090-be5f-4209-b6a8-c997e9ca35e0","43e4870c-f141-42e1-b8db-a40adf962ba3","ee41b154-17a0-4f25-897c-0e34d0e9ca3b","1","0.000000000000000000000000000000",,"[{""type"":""single"",""title"":""Option"",""choices"":[{""id"":""a8530576-5d1c-4996-911a-b62cd0a6daf2"",""label"":""Sugar"",""priceDelta"":0}],""groupId"":""12b13edf-d25a-4abf-92d2-5d5b45515fb6"",""required"":true},{""type"":""single"",""title"":""Option"",""choices"":[{""id"":""7ea696b5-36dc-460e-905f-0dc05debdeb3"",""label"":""Cold"",""priceDelta"":0}],""groupId"":""f49b7c85-fcf0-43de-9f46-fdc52f0bd11a"",""required"":true}]","READY"
"9f34b1e9-826d-4f81-bfac-72a470b505ed","dc714ccd-2d9d-4c4e-b352-2ee8d0120cf1","ee41b154-17a0-4f25-897c-0e34d0e9ca3b","1","0.000000000000000000000000000000",,"[{""type"":""single"",""title"":""Option"",""choices"":[{""id"":""a8530576-5d1c-4996-911a-b62cd0a6daf2"",""label"":""Sugar"",""priceDelta"":0}],""groupId"":""12b13edf-d25a-4abf-92d2-5d5b45515fb6"",""required"":true},{""type"":""single"",""title"":""Option"",""choices"":[{""id"":""7ea696b5-36dc-460e-905f-0dc05debdeb3"",""label"":""Cold"",""priceDelta"":0}],""groupId"":""f49b7c85-fcf0-43de-9f46-fdc52f0bd11a"",""required"":true}]","READY"
"9ffff056-c8d6-48d3-81f5-24aab2dcf958","7755deaf-1262-47dc-a897-e4291bd18322","fb8fe2c6-9c32-4bef-8fa1-43835afcc6c6","1","0.000000000000000000000000000000",,"[{""type"":""single"",""title"":""Sugar"",""choices"":[{""id"":""d9af3701-1417-4c4e-84c9-b819b0629cad"",""label"":""No Sugar"",""priceDelta"":0}],""groupId"":""f3365b84-e196-42f0-9fd6-3d8a1d8dde4c"",""required"":true},{""type"":""single"",""title"":""Choice"",""choices"":[{""id"":""7c6f786f-e742-41b2-9e67-48fa2fb1f7f2"",""label"":""Hot"",""priceDelta"":0}],""groupId"":""8090364a-6a50-4ff0-bcd6-d4f2ebb7dab3"",""required"":true}]","READY"
"a03a3fe9-7358-4260-b45f-d1f307e1d2eb","74258d58-e645-4a64-a899-8bb716452b36","fb8fe2c6-9c32-4bef-8fa1-43835afcc6c6","1","0.000000000000000000000000000000",,"[{""type"":""single"",""title"":""Sugar"",""choices"":[{""id"":""d9af3701-1417-4c4e-84c9-b819b0629cad"",""label"":""No Sugar"",""priceDelta"":0}],""groupId"":""f3365b84-e196-42f0-9fd6-3d8a1d8dde4c"",""required"":true},{""type"":""single"",""title"":""Choice"",""choices"":[{""id"":""7c6f786f-e742-41b2-9e67-48fa2fb1f7f2"",""label"":""Hot"",""priceDelta"":0}],""groupId"":""8090364a-6a50-4ff0-bcd6-d4f2ebb7dab3"",""required"":true}]","READY"
"a0455d74-012b-49aa-82dc-949112e7c00d","b6257f35-e835-4bad-9d04-0830d9341afa","bfafbe37-d3a8-4f50-9186-f70a99acb47e","1","0.000000000000000000000000000000","No ice. No sugar.","[]","READY"
"a10ec492-39d2-428b-8047-1ab4ae5aadd5","9de4c5f2-d4c4-4fad-a3d1-243e404e73fb","591f5a9e-5ae2-4612-a2fb-f42a2701ee97","1","0.000000000000000000000000000000",,"[{""type"":""single"",""title"":""Sugar"",""choices"":[{""id"":""f37891d4-906e-41fd-b016-39fca6854ee6"",""label"":""Sugar"",""priceDelta"":0}],""groupId"":""06a1f88e-2888-479f-8946-109b928ad90b"",""required"":true},{""type"":""single"",""title"":""Choice"",""choices"":[{""id"":""74279e17-917e-4369-9d70-b782add81b27"",""label"":""Hot"",""priceDelta"":0}],""groupId"":""34bfbb80-a978-4fb3-b5b9-ef83fdd3b936"",""required"":true}]","READY"
"a16e300a-563a-4875-982d-19d960427207","6a11b810-6111-4e04-8d62-c00e2f8ccc92","fb8fe2c6-9c32-4bef-8fa1-43835afcc6c6","1","0.000000000000000000000000000000",,"[{""type"":""single"",""title"":""Sugar"",""choices"":[{""id"":""4fa5be53-3fb1-4f3d-a093-cf72abcb644d"",""label"":""Sugar"",""priceDelta"":0}],""groupId"":""f3365b84-e196-42f0-9fd6-3d8a1d8dde4c"",""required"":true},{""type"":""single"",""title"":""Choice"",""choices"":[{""id"":""c71b228e-1db4-4cbe-add8-682c2f2ff432"",""label"":""Cold"",""priceDelta"":0}],""groupId"":""8090364a-6a50-4ff0-bcd6-d4f2ebb7dab3"",""required"":true}]","READY"
"a1836dee-bfb3-4193-8382-e30bbfd153ba","7f8f8d48-cae4-4c5e-947c-207bea1f5879","ee41b154-17a0-4f25-897c-0e34d0e9ca3b","1","0.000000000000000000000000000000",,"[{""type"":""single"",""title"":""Option"",""choices"":[{""id"":""a9c0ba9a-f944-4f5f-9c23-759a4d8930f5"",""label"":""No Sugar"",""priceDelta"":0}],""groupId"":""12b13edf-d25a-4abf-92d2-5d5b45515fb6"",""required"":true},{""type"":""single"",""title"":""Option"",""choices"":[{""id"":""7ea696b5-36dc-460e-905f-0dc05debdeb3"",""label"":""Cold"",""priceDelta"":0}],""groupId"":""f49b7c85-fcf0-43de-9f46-fdc52f0bd11a"",""required"":true}]","READY"
"a2215ec2-a2a8-40c9-85c6-1652a543754a","de33d6ce-5d3e-433e-922b-92ec74b71ddd","591f5a9e-5ae2-4612-a2fb-f42a2701ee97","1","0.000000000000000000000000000000",,"[{""type"":""single"",""title"":""Sugar"",""choices"":[{""id"":""f37891d4-906e-41fd-b016-39fca6854ee6"",""label"":""Sugar"",""priceDelta"":0}],""groupId"":""06a1f88e-2888-479f-8946-109b928ad90b"",""required"":true},{""type"":""single"",""title"":""Choice"",""choices"":[{""id"":""e59338ec-03fe-46fe-a057-6ac686c1c6e9"",""label"":""Cold"",""priceDelta"":0}],""groupId"":""34bfbb80-a978-4fb3-b5b9-ef83fdd3b936"",""required"":true}]","READY"
"a22b2570-0734-496d-9c65-fe7c6e217534","a4e758d7-0f5b-4e31-a2d4-4431827a2da2","fb8fe2c6-9c32-4bef-8fa1-43835afcc6c6","1","0.000000000000000000000000000000",,"[{""type"":""single"",""title"":""Sugar"",""choices"":[{""id"":""d9af3701-1417-4c4e-84c9-b819b0629cad"",""label"":""No Sugar"",""priceDelta"":0}],""groupId"":""f3365b84-e196-42f0-9fd6-3d8a1d8dde4c"",""required"":true},{""type"":""single"",""title"":""Choice"",""choices"":[{""id"":""7c6f786f-e742-41b2-9e67-48fa2fb1f7f2"",""label"":""Hot"",""priceDelta"":0}],""groupId"":""8090364a-6a50-4ff0-bcd6-d4f2ebb7dab3"",""required"":true}]","READY"
"a25b6c38-fe94-43f3-80c2-ecf26454c95a","f74b1db4-6924-46f2-a139-a131991bde07","bfafbe37-d3a8-4f50-9186-f70a99acb47e","1","0.000000000000000000000000000000",,"[]","READY"
"a27ae6d8-8d2d-4484-a96e-1413a5c0eb9d","2ec28e2b-1f70-4349-8c5f-6117f52a99ca","7e851c95-25d4-4e97-834f-0708d32e0ed7","1","0.000000000000000000000000000000",,"[{""type"":""single"",""title"":""Sugar"",""choices"":[{""id"":""44ea2716-b9e7-4743-8cf6-74a3ecd8383b"",""label"":""No Sugar"",""priceDelta"":0}],""groupId"":""e2881883-1aaf-4a54-9986-c33e9d120289"",""required"":true},{""type"":""single"",""title"":""Option"",""choices"":[{""id"":""7f46222e-8c71-4976-887f-0de762d365c3"",""label"":""Cold"",""priceDelta"":0}],""groupId"":""72bc398e-a245-4b94-b598-446567c641b0"",""required"":true}]","READY"
"a292e818-2a2d-42a7-99be-570eebd07960","4286fc52-6d91-451c-b180-8457b814ad19","591f5a9e-5ae2-4612-a2fb-f42a2701ee97","1","0.000000000000000000000000000000",,"[{""type"":""single"",""title"":""Sugar"",""choices"":[{""id"":""f37891d4-906e-41fd-b016-39fca6854ee6"",""label"":""Sugar"",""priceDelta"":0}],""groupId"":""06a1f88e-2888-479f-8946-109b928ad90b"",""required"":true},{""type"":""single"",""title"":""Choice"",""choices"":[{""id"":""e59338ec-03fe-46fe-a057-6ac686c1c6e9"",""label"":""Cold"",""priceDelta"":0}],""groupId"":""34bfbb80-a978-4fb3-b5b9-ef83fdd3b936"",""required"":true}]","READY"
"a2f93314-5d87-4e9c-89a9-8c680666c0f8","ace921f9-0f0d-42ee-8029-f24596488adf","fb8fe2c6-9c32-4bef-8fa1-43835afcc6c6","1","0.000000000000000000000000000000",,"[{""type"":""single"",""title"":""Sugar"",""choices"":[{""id"":""d9af3701-1417-4c4e-84c9-b819b0629cad"",""label"":""No Sugar"",""priceDelta"":0}],""groupId"":""f3365b84-e196-42f0-9fd6-3d8a1d8dde4c"",""required"":true},{""type"":""single"",""title"":""Choice"",""choices"":[{""id"":""c71b228e-1db4-4cbe-add8-682c2f2ff432"",""label"":""Cold"",""priceDelta"":0}],""groupId"":""8090364a-6a50-4ff0-bcd6-d4f2ebb7dab3"",""required"":true}]","READY"
"a352f5a0-4362-434d-83cc-77b7ed0401bc","b4995e61-8da2-4da4-ac87-8b9abbff30ad","7e851c95-25d4-4e97-834f-0708d32e0ed7","1","0.000000000000000000000000000000",,"[{""type"":""single"",""title"":""Sugar"",""choices"":[{""id"":""44ea2716-b9e7-4743-8cf6-74a3ecd8383b"",""label"":""No Sugar"",""priceDelta"":0}],""groupId"":""e2881883-1aaf-4a54-9986-c33e9d120289"",""required"":true},{""type"":""single"",""title"":""Option"",""choices"":[{""id"":""7f46222e-8c71-4976-887f-0de762d365c3"",""label"":""Cold"",""priceDelta"":0}],""groupId"":""72bc398e-a245-4b94-b598-446567c641b0"",""required"":true}]","READY"
"a3f52a89-718b-44d4-a148-0462d2bf581a","2a2e278e-5a9a-476b-b737-284ee92e58d8","ee41b154-17a0-4f25-897c-0e34d0e9ca3b","1","0.000000000000000000000000000000",,"[{""type"":""single"",""title"":""Option"",""choices"":[{""id"":""a8530576-5d1c-4996-911a-b62cd0a6daf2"",""label"":""Sugar"",""priceDelta"":0}],""groupId"":""12b13edf-d25a-4abf-92d2-5d5b45515fb6"",""required"":true},{""type"":""single"",""title"":""Option"",""choices"":[{""id"":""7ea696b5-36dc-460e-905f-0dc05debdeb3"",""label"":""Cold"",""priceDelta"":0}],""groupId"":""f49b7c85-fcf0-43de-9f46-fdc52f0bd11a"",""required"":true}]","READY"
"a408affc-e0ca-48bf-9248-ec10b665e3d3","c80be774-ac02-4a77-996e-f842b7cb268f","ee41b154-17a0-4f25-897c-0e34d0e9ca3b","1","0.000000000000000000000000000000",,"[{""type"":""single"",""title"":""Option"",""choices"":[{""id"":""a8530576-5d1c-4996-911a-b62cd0a6daf2"",""label"":""Sugar"",""priceDelta"":0}],""groupId"":""12b13edf-d25a-4abf-92d2-5d5b45515fb6"",""required"":true},{""type"":""single"",""title"":""Option"",""choices"":[{""id"":""7ea696b5-36dc-460e-905f-0dc05debdeb3"",""label"":""Cold"",""priceDelta"":0}],""groupId"":""f49b7c85-fcf0-43de-9f46-fdc52f0bd11a"",""required"":true}]","READY"
"a4bd7e9a-9b76-4b02-bbcc-468269cedf3d","263a4531-3024-41fa-9243-1da2526e6a60","bfafbe37-d3a8-4f50-9186-f70a99acb47e","1","0.000000000000000000000000000000",,"[]","READY"
"a53b132b-b763-453f-842e-b2f6d0f117ea","5bd53e52-2f12-47b1-8630-8338e2c3b811","7e851c95-25d4-4e97-834f-0708d32e0ed7","1","0.000000000000000000000000000000",,"[{""type"":""single"",""title"":""Sugar"",""choices"":[{""id"":""a8481a49-b627-4dd7-9f95-37e94c909d62"",""label"":""Sugar"",""priceDelta"":0}],""groupId"":""e2881883-1aaf-4a54-9986-c33e9d120289"",""required"":true},{""type"":""single"",""title"":""Option"",""choices"":[{""id"":""7f46222e-8c71-4976-887f-0de762d365c3"",""label"":""Cold"",""priceDelta"":0}],""groupId"":""72bc398e-a245-4b94-b598-446567c641b0"",""required"":true}]","READY"
"a6cab397-5c6d-476e-b99f-7bfe231871ee","45766560-0678-46dc-8bb1-cabf0bcad6eb","591f5a9e-5ae2-4612-a2fb-f42a2701ee97","1","0.000000000000000000000000000000",,"[{""type"":""single"",""title"":""Sugar"",""choices"":[{""id"":""f37891d4-906e-41fd-b016-39fca6854ee6"",""label"":""Sugar"",""priceDelta"":0}],""groupId"":""06a1f88e-2888-479f-8946-109b928ad90b"",""required"":true},{""type"":""single"",""title"":""Choice"",""choices"":[{""id"":""e59338ec-03fe-46fe-a057-6ac686c1c6e9"",""label"":""Cold"",""priceDelta"":0}],""groupId"":""34bfbb80-a978-4fb3-b5b9-ef83fdd3b936"",""required"":true}]","READY"
"a6d16c44-d0e7-4dd4-92fa-e1fb1b151676","4cc40240-f70c-4ad5-b453-9fd6cde1cde9","591f5a9e-5ae2-4612-a2fb-f42a2701ee97","1","0.000000000000000000000000000000",,"[{""type"":""single"",""title"":""Sugar"",""choices"":[{""id"":""f37891d4-906e-41fd-b016-39fca6854ee6"",""label"":""Sugar"",""priceDelta"":0}],""groupId"":""06a1f88e-2888-479f-8946-109b928ad90b"",""required"":true},{""type"":""single"",""title"":""Choice"",""choices"":[{""id"":""74279e17-917e-4369-9d70-b782add81b27"",""label"":""Hot"",""priceDelta"":0}],""groupId"":""34bfbb80-a978-4fb3-b5b9-ef83fdd3b936"",""required"":true}]","READY"
"a7f857c1-c714-4712-a3cb-6f46ce436967","9b1887c4-330e-4d93-8d4a-1af7111fe91a","fb8fe2c6-9c32-4bef-8fa1-43835afcc6c6","1","0.000000000000000000000000000000",,"[{""type"":""single"",""title"":""Sugar"",""choices"":[{""id"":""4fa5be53-3fb1-4f3d-a093-cf72abcb644d"",""label"":""Sugar"",""priceDelta"":0}],""groupId"":""f3365b84-e196-42f0-9fd6-3d8a1d8dde4c"",""required"":true},{""type"":""single"",""title"":""Choice"",""choices"":[{""id"":""c71b228e-1db4-4cbe-add8-682c2f2ff432"",""label"":""Cold"",""priceDelta"":0}],""groupId"":""8090364a-6a50-4ff0-bcd6-d4f2ebb7dab3"",""required"":true}]","READY"
"a8397371-ce6f-4aac-be0f-94c1b5954b01","b6cd4379-32e5-4c92-b783-10825a3917ec","ee41b154-17a0-4f25-897c-0e34d0e9ca3b","2","0.000000000000000000000000000000",,"[{""type"":""single"",""title"":""Option"",""choices"":[{""id"":""a9c0ba9a-f944-4f5f-9c23-759a4d8930f5"",""label"":""No Sugar"",""priceDelta"":0}],""groupId"":""12b13edf-d25a-4abf-92d2-5d5b45515fb6"",""required"":true},{""type"":""single"",""title"":""Option"",""choices"":[{""id"":""0ec24708-bfd6-4c1f-8d5e-a86d9cef2e64"",""label"":""Hot"",""priceDelta"":0}],""groupId"":""f49b7c85-fcf0-43de-9f46-fdc52f0bd11a"",""required"":true}]","READY"
"a85fa2bb-a0bf-4e3e-a91d-b8fdcb9e308c","40619fe6-df85-4942-ac91-a761f32740d2","ee41b154-17a0-4f25-897c-0e34d0e9ca3b","1","0.000000000000000000000000000000",,"[{""type"":""single"",""title"":""Option"",""choices"":[{""id"":""a8530576-5d1c-4996-911a-b62cd0a6daf2"",""label"":""Sugar"",""priceDelta"":0}],""groupId"":""12b13edf-d25a-4abf-92d2-5d5b45515fb6"",""required"":true},{""type"":""single"",""title"":""Option"",""choices"":[{""id"":""7ea696b5-36dc-460e-905f-0dc05debdeb3"",""label"":""Cold"",""priceDelta"":0}],""groupId"":""f49b7c85-fcf0-43de-9f46-fdc52f0bd11a"",""required"":true}]","READY"
"a91d2d5a-680e-4867-8d7f-159c52f387f0","6b6f61c6-a1dd-4db0-b422-df2453da5805","fb8fe2c6-9c32-4bef-8fa1-43835afcc6c6","1","0.000000000000000000000000000000",,"[{""type"":""single"",""title"":""Sugar"",""choices"":[{""id"":""4fa5be53-3fb1-4f3d-a093-cf72abcb644d"",""label"":""Sugar"",""priceDelta"":0}],""groupId"":""f3365b84-e196-42f0-9fd6-3d8a1d8dde4c"",""required"":true},{""type"":""single"",""title"":""Choice"",""choices"":[{""id"":""c71b228e-1db4-4cbe-add8-682c2f2ff432"",""label"":""Cold"",""priceDelta"":0}],""groupId"":""8090364a-6a50-4ff0-bcd6-d4f2ebb7dab3"",""required"":true}]","READY"
"a9c09fb2-9fe6-4228-8df9-6d6f7a795da6","b14e5e71-1377-4f05-960a-f9716cf4b607","ee41b154-17a0-4f25-897c-0e34d0e9ca3b","1","0.000000000000000000000000000000",,"[{""type"":""single"",""title"":""Option"",""choices"":[{""id"":""a9c0ba9a-f944-4f5f-9c23-759a4d8930f5"",""label"":""No Sugar"",""priceDelta"":0}],""groupId"":""12b13edf-d25a-4abf-92d2-5d5b45515fb6"",""required"":true},{""type"":""single"",""title"":""Option"",""choices"":[{""id"":""7ea696b5-36dc-460e-905f-0dc05debdeb3"",""label"":""Cold"",""priceDelta"":0}],""groupId"":""f49b7c85-fcf0-43de-9f46-fdc52f0bd11a"",""required"":true}]","READY"
"a9d03127-b751-40ca-94d0-1c3bcdf2c6db","722619dd-fe30-4b61-a405-f0604429b84f","fb8fe2c6-9c32-4bef-8fa1-43835afcc6c6","1","0.000000000000000000000000000000",,"[{""type"":""single"",""title"":""Sugar"",""choices"":[{""id"":""4fa5be53-3fb1-4f3d-a093-cf72abcb644d"",""label"":""Sugar"",""priceDelta"":0}],""groupId"":""f3365b84-e196-42f0-9fd6-3d8a1d8dde4c"",""required"":true},{""type"":""single"",""title"":""Choice"",""choices"":[{""id"":""c71b228e-1db4-4cbe-add8-682c2f2ff432"",""label"":""Cold"",""priceDelta"":0}],""groupId"":""8090364a-6a50-4ff0-bcd6-d4f2ebb7dab3"",""required"":true}]","READY"
"a9e7ba66-f6ea-4fd7-9bb0-a661937793d0","f502cb40-e657-42cb-b75f-381c9b129cca","fb8fe2c6-9c32-4bef-8fa1-43835afcc6c6","1","0.000000000000000000000000000000",,"[{""type"":""single"",""title"":""Sugar"",""choices"":[{""id"":""4fa5be53-3fb1-4f3d-a093-cf72abcb644d"",""label"":""Sugar"",""priceDelta"":0}],""groupId"":""f3365b84-e196-42f0-9fd6-3d8a1d8dde4c"",""required"":true},{""type"":""single"",""title"":""Choice"",""choices"":[{""id"":""7c6f786f-e742-41b2-9e67-48fa2fb1f7f2"",""label"":""Hot"",""priceDelta"":0}],""groupId"":""8090364a-6a50-4ff0-bcd6-d4f2ebb7dab3"",""required"":true}]","READY"
"aa02bd5d-f7b1-48e6-a1ee-30f434a51683","17408ef1-c339-4ed4-8531-ee7b24738503","591f5a9e-5ae2-4612-a2fb-f42a2701ee97","1","0.000000000000000000000000000000",,"[{""type"":""single"",""title"":""Sugar"",""choices"":[{""id"":""f37891d4-906e-41fd-b016-39fca6854ee6"",""label"":""Sugar"",""priceDelta"":0}],""groupId"":""06a1f88e-2888-479f-8946-109b928ad90b"",""required"":true},{""type"":""single"",""title"":""Choice"",""choices"":[{""id"":""e59338ec-03fe-46fe-a057-6ac686c1c6e9"",""label"":""Cold"",""priceDelta"":0}],""groupId"":""34bfbb80-a978-4fb3-b5b9-ef83fdd3b936"",""required"":true}]","READY"
"aad4952e-82cf-41cc-9b4c-54f6731baec3","201c2975-f28d-40f6-81c0-8dd33383a473","fb8fe2c6-9c32-4bef-8fa1-43835afcc6c6","1","0.000000000000000000000000000000",,"[{""type"":""single"",""title"":""Sugar"",""choices"":[{""id"":""d9af3701-1417-4c4e-84c9-b819b0629cad"",""label"":""No Sugar"",""priceDelta"":0}],""groupId"":""f3365b84-e196-42f0-9fd6-3d8a1d8dde4c"",""required"":true},{""type"":""single"",""title"":""Choice"",""choices"":[{""id"":""7c6f786f-e742-41b2-9e67-48fa2fb1f7f2"",""label"":""Hot"",""priceDelta"":0}],""groupId"":""8090364a-6a50-4ff0-bcd6-d4f2ebb7dab3"",""required"":true}]","READY"
"ab364cbf-11f8-4b11-8cdf-46f4f65f53d1","d1911e53-ad40-4b77-b1e1-a519bad79f5d","591f5a9e-5ae2-4612-a2fb-f42a2701ee97","1","0.000000000000000000000000000000",,"[{""type"":""single"",""title"":""Sugar"",""choices"":[{""id"":""05361b04-9e88-4bae-a48a-8dabaef4a8d2"",""label"":""No Sugar"",""priceDelta"":0}],""groupId"":""06a1f88e-2888-479f-8946-109b928ad90b"",""required"":true},{""type"":""single"",""title"":""Choice"",""choices"":[{""id"":""e59338ec-03fe-46fe-a057-6ac686c1c6e9"",""label"":""Cold"",""priceDelta"":0}],""groupId"":""34bfbb80-a978-4fb3-b5b9-ef83fdd3b936"",""required"":true}]","READY"
"ab413f79-22ac-4db6-83b9-3ee39e052e4e","475f45ca-855e-4789-b217-351024349498","fb8fe2c6-9c32-4bef-8fa1-43835afcc6c6","1","0.000000000000000000000000000000",,"[{""type"":""single"",""title"":""Sugar"",""choices"":[{""id"":""4fa5be53-3fb1-4f3d-a093-cf72abcb644d"",""label"":""Sugar"",""priceDelta"":0}],""groupId"":""f3365b84-e196-42f0-9fd6-3d8a1d8dde4c"",""required"":true},{""type"":""single"",""title"":""Choice"",""choices"":[{""id"":""c71b228e-1db4-4cbe-add8-682c2f2ff432"",""label"":""Cold"",""priceDelta"":0}],""groupId"":""8090364a-6a50-4ff0-bcd6-d4f2ebb7dab3"",""required"":true}]","READY"
"ab6b8620-b383-4720-8288-831fedbcf729","8758a626-f41b-41cf-b366-4ffb3ebc66ec","ee41b154-17a0-4f25-897c-0e34d0e9ca3b","1","0.000000000000000000000000000000",,"[{""type"":""single"",""title"":""Option"",""choices"":[{""id"":""a9c0ba9a-f944-4f5f-9c23-759a4d8930f5"",""label"":""No Sugar"",""priceDelta"":0}],""groupId"":""12b13edf-d25a-4abf-92d2-5d5b45515fb6"",""required"":true},{""type"":""single"",""title"":""Option"",""choices"":[{""id"":""7ea696b5-36dc-460e-905f-0dc05debdeb3"",""label"":""Cold"",""priceDelta"":0}],""groupId"":""f49b7c85-fcf0-43de-9f46-fdc52f0bd11a"",""required"":true}]","READY"
"abb6fff0-b4f9-414a-9001-ea875ea9a9bc","efedd2d5-1142-44bd-bc8b-2b4d657456a6","fb8fe2c6-9c32-4bef-8fa1-43835afcc6c6","1","0.000000000000000000000000000000",,"[{""type"":""single"",""title"":""Sugar"",""choices"":[{""id"":""d9af3701-1417-4c4e-84c9-b819b0629cad"",""label"":""No Sugar"",""priceDelta"":0}],""groupId"":""f3365b84-e196-42f0-9fd6-3d8a1d8dde4c"",""required"":true},{""type"":""single"",""title"":""Choice"",""choices"":[{""id"":""c71b228e-1db4-4cbe-add8-682c2f2ff432"",""label"":""Cold"",""priceDelta"":0}],""groupId"":""8090364a-6a50-4ff0-bcd6-d4f2ebb7dab3"",""required"":true}]","READY"
"abf1233f-bdb4-4b8b-ba43-de6e3f713fca","ea755777-da5f-41ef-a85d-072abbde298e","fb8fe2c6-9c32-4bef-8fa1-43835afcc6c6","1","0.000000000000000000000000000000",,"[{""type"":""single"",""title"":""Sugar"",""choices"":[{""id"":""4fa5be53-3fb1-4f3d-a093-cf72abcb644d"",""label"":""Sugar"",""priceDelta"":0}],""groupId"":""f3365b84-e196-42f0-9fd6-3d8a1d8dde4c"",""required"":true},{""type"":""single"",""title"":""Choice"",""choices"":[{""id"":""7c6f786f-e742-41b2-9e67-48fa2fb1f7f2"",""label"":""Hot"",""priceDelta"":0}],""groupId"":""8090364a-6a50-4ff0-bcd6-d4f2ebb7dab3"",""required"":true}]","READY"
"acf72b02-bc68-4d16-98d8-df2c9acdbd25","5d068ba2-b743-44e6-9337-f9c39c5b9730","fb8fe2c6-9c32-4bef-8fa1-43835afcc6c6","1","0.000000000000000000000000000000",,"[{""type"":""single"",""title"":""Sugar"",""choices"":[{""id"":""4fa5be53-3fb1-4f3d-a093-cf72abcb644d"",""label"":""Sugar"",""priceDelta"":0}],""groupId"":""f3365b84-e196-42f0-9fd6-3d8a1d8dde4c"",""required"":true},{""type"":""single"",""title"":""Choice"",""choices"":[{""id"":""c71b228e-1db4-4cbe-add8-682c2f2ff432"",""label"":""Cold"",""priceDelta"":0}],""groupId"":""8090364a-6a50-4ff0-bcd6-d4f2ebb7dab3"",""required"":true}]","READY"
"ad5193d9-cf6c-4d2e-a6f9-d321cf493ab0","18b4202b-5320-4f97-a583-fc1323b44835","fb8fe2c6-9c32-4bef-8fa1-43835afcc6c6","1","0.000000000000000000000000000000",,"[{""type"":""single"",""title"":""Sugar"",""choices"":[{""id"":""d9af3701-1417-4c4e-84c9-b819b0629cad"",""label"":""No Sugar"",""priceDelta"":0}],""groupId"":""f3365b84-e196-42f0-9fd6-3d8a1d8dde4c"",""required"":true},{""type"":""single"",""title"":""Choice"",""choices"":[{""id"":""7c6f786f-e742-41b2-9e67-48fa2fb1f7f2"",""label"":""Hot"",""priceDelta"":0}],""groupId"":""8090364a-6a50-4ff0-bcd6-d4f2ebb7dab3"",""required"":true}]","READY"
"ad5284d9-2518-493a-8672-eef031de7e1d","9f3ca8b5-2d1b-4ed6-a365-1755a4550a5c","fb8fe2c6-9c32-4bef-8fa1-43835afcc6c6","1","0.000000000000000000000000000000",,"[{""type"":""single"",""title"":""Sugar"",""choices"":[{""id"":""4fa5be53-3fb1-4f3d-a093-cf72abcb644d"",""label"":""Sugar"",""priceDelta"":0}],""groupId"":""f3365b84-e196-42f0-9fd6-3d8a1d8dde4c"",""required"":true},{""type"":""single"",""title"":""Choice"",""choices"":[{""id"":""7c6f786f-e742-41b2-9e67-48fa2fb1f7f2"",""label"":""Hot"",""priceDelta"":0}],""groupId"":""8090364a-6a50-4ff0-bcd6-d4f2ebb7dab3"",""required"":true}]","READY"
"ad64c38c-4178-4d7c-8ec3-fdaba6f35572","41acaa16-b927-485e-8a17-b739bcbfbd15","ee41b154-17a0-4f25-897c-0e34d0e9ca3b","1","0.000000000000000000000000000000",,"[{""type"":""single"",""title"":""Option"",""choices"":[{""id"":""a9c0ba9a-f944-4f5f-9c23-759a4d8930f5"",""label"":""No Sugar"",""priceDelta"":0}],""groupId"":""12b13edf-d25a-4abf-92d2-5d5b45515fb6"",""required"":true},{""type"":""single"",""title"":""Option"",""choices"":[{""id"":""0ec24708-bfd6-4c1f-8d5e-a86d9cef2e64"",""label"":""Hot"",""priceDelta"":0}],""groupId"":""f49b7c85-fcf0-43de-9f46-fdc52f0bd11a"",""required"":true}]","READY"
"ae173612-e8d8-4894-995f-7bff7ba9f743","1e53cf7a-d59f-4b6c-8fbf-8c8b622e5ecb","fb8fe2c6-9c32-4bef-8fa1-43835afcc6c6","1","0.000000000000000000000000000000",,"[{""type"":""single"",""title"":""Sugar"",""choices"":[{""id"":""4fa5be53-3fb1-4f3d-a093-cf72abcb644d"",""label"":""Sugar"",""priceDelta"":0}],""groupId"":""f3365b84-e196-42f0-9fd6-3d8a1d8dde4c"",""required"":true},{""type"":""single"",""title"":""Choice"",""choices"":[{""id"":""c71b228e-1db4-4cbe-add8-682c2f2ff432"",""label"":""Cold"",""priceDelta"":0}],""groupId"":""8090364a-6a50-4ff0-bcd6-d4f2ebb7dab3"",""required"":true}]","READY"
"ae6db502-a9e8-48d2-8e03-dab768207dae","670109d2-e4bc-4307-acee-6b319d0e9d31","ee41b154-17a0-4f25-897c-0e34d0e9ca3b","1","0.000000000000000000000000000000",,"[{""type"":""single"",""title"":""Option"",""choices"":[{""id"":""a8530576-5d1c-4996-911a-b62cd0a6daf2"",""label"":""Sugar"",""priceDelta"":0}],""groupId"":""12b13edf-d25a-4abf-92d2-5d5b45515fb6"",""required"":true},{""type"":""single"",""title"":""Option"",""choices"":[{""id"":""7ea696b5-36dc-460e-905f-0dc05debdeb3"",""label"":""Cold"",""priceDelta"":0}],""groupId"":""f49b7c85-fcf0-43de-9f46-fdc52f0bd11a"",""required"":true}]","READY"
"aeca86ef-e01c-4ec3-9f13-00344d79ccc8","d032f6ef-4b80-4ee1-a59c-dbec2f8599ef","ee41b154-17a0-4f25-897c-0e34d0e9ca3b","1","0.000000000000000000000000000000",,"[{""type"":""single"",""title"":""Option"",""choices"":[{""id"":""a8530576-5d1c-4996-911a-b62cd0a6daf2"",""label"":""Sugar"",""priceDelta"":0}],""groupId"":""12b13edf-d25a-4abf-92d2-5d5b45515fb6"",""required"":true},{""type"":""single"",""title"":""Option"",""choices"":[{""id"":""7ea696b5-36dc-460e-905f-0dc05debdeb3"",""label"":""Cold"",""priceDelta"":0}],""groupId"":""f49b7c85-fcf0-43de-9f46-fdc52f0bd11a"",""required"":true}]","READY"
"af135059-101b-49b3-8b15-f800965573a2","6bd7af15-fc95-41b3-9745-6d684c747edb","fb8fe2c6-9c32-4bef-8fa1-43835afcc6c6","1","0.000000000000000000000000000000",,"[{""type"":""single"",""title"":""Sugar"",""choices"":[{""id"":""d9af3701-1417-4c4e-84c9-b819b0629cad"",""label"":""No Sugar"",""priceDelta"":0}],""groupId"":""f3365b84-e196-42f0-9fd6-3d8a1d8dde4c"",""required"":true},{""type"":""single"",""title"":""Choice"",""choices"":[{""id"":""7c6f786f-e742-41b2-9e67-48fa2fb1f7f2"",""label"":""Hot"",""priceDelta"":0}],""groupId"":""8090364a-6a50-4ff0-bcd6-d4f2ebb7dab3"",""required"":true}]","READY"
"af5e073d-ff2f-4bea-a585-276216331bc2","dd02131e-8913-48cc-8f99-112eccab4e60","ee41b154-17a0-4f25-897c-0e34d0e9ca3b","1","0.000000000000000000000000000000",,"[{""type"":""single"",""title"":""Option"",""choices"":[{""id"":""a8530576-5d1c-4996-911a-b62cd0a6daf2"",""label"":""Sugar"",""priceDelta"":0}],""groupId"":""12b13edf-d25a-4abf-92d2-5d5b45515fb6"",""required"":true},{""type"":""single"",""title"":""Option"",""choices"":[{""id"":""7ea696b5-36dc-460e-905f-0dc05debdeb3"",""label"":""Cold"",""priceDelta"":0}],""groupId"":""f49b7c85-fcf0-43de-9f46-fdc52f0bd11a"",""required"":true}]","READY"
"afbbb1db-6917-48de-8a36-a280b2bccb8b","083195cb-378e-40c7-b425-4e104580af32","fb8fe2c6-9c32-4bef-8fa1-43835afcc6c6","1","0.000000000000000000000000000000",,"[{""type"":""single"",""title"":""Sugar"",""choices"":[{""id"":""d9af3701-1417-4c4e-84c9-b819b0629cad"",""label"":""No Sugar"",""priceDelta"":0}],""groupId"":""f3365b84-e196-42f0-9fd6-3d8a1d8dde4c"",""required"":true},{""type"":""single"",""title"":""Choice"",""choices"":[{""id"":""7c6f786f-e742-41b2-9e67-48fa2fb1f7f2"",""label"":""Hot"",""priceDelta"":0}],""groupId"":""8090364a-6a50-4ff0-bcd6-d4f2ebb7dab3"",""required"":true}]","READY"
"b03d155a-5fb2-465d-a3d4-819c3d3a8da3","473de537-41b6-4521-b3d5-31c475c899a0","ee41b154-17a0-4f25-897c-0e34d0e9ca3b","1","0.000000000000000000000000000000",,"[{""type"":""single"",""title"":""Option"",""choices"":[{""id"":""a9c0ba9a-f944-4f5f-9c23-759a4d8930f5"",""label"":""No Sugar"",""priceDelta"":0}],""groupId"":""12b13edf-d25a-4abf-92d2-5d5b45515fb6"",""required"":true},{""type"":""single"",""title"":""Option"",""choices"":[{""id"":""7ea696b5-36dc-460e-905f-0dc05debdeb3"",""label"":""Cold"",""priceDelta"":0}],""groupId"":""f49b7c85-fcf0-43de-9f46-fdc52f0bd11a"",""required"":true}]","READY"
"b05b75ef-92c6-43de-aab4-e48fae742479","8ed7443e-4b5c-4757-8bf7-d7b35850cfee","591f5a9e-5ae2-4612-a2fb-f42a2701ee97","1","0.000000000000000000000000000000",,"[{""type"":""single"",""title"":""Sugar"",""choices"":[{""id"":""05361b04-9e88-4bae-a48a-8dabaef4a8d2"",""label"":""No Sugar"",""priceDelta"":0}],""groupId"":""06a1f88e-2888-479f-8946-109b928ad90b"",""required"":true},{""type"":""single"",""title"":""Choice"",""choices"":[{""id"":""e59338ec-03fe-46fe-a057-6ac686c1c6e9"",""label"":""Cold"",""priceDelta"":0}],""groupId"":""34bfbb80-a978-4fb3-b5b9-ef83fdd3b936"",""required"":true}]","READY"
"b151fde0-6791-4364-b9ca-58ea08d92138","7a9f3fc5-436f-4caa-9855-5eebc92168b6","bfafbe37-d3a8-4f50-9186-f70a99acb47e","1","0.000000000000000000000000000000","Tq","[]","READY"
"b172ad55-8dc8-475f-9b77-df4bfcf5eeff","8e748f8a-7b64-41a7-b3a2-f4ace8974894","ee41b154-17a0-4f25-897c-0e34d0e9ca3b","1","0.000000000000000000000000000000",,"[{""type"":""single"",""title"":""Option"",""choices"":[{""id"":""a8530576-5d1c-4996-911a-b62cd0a6daf2"",""label"":""Sugar"",""priceDelta"":0}],""groupId"":""12b13edf-d25a-4abf-92d2-5d5b45515fb6"",""required"":true},{""type"":""single"",""title"":""Option"",""choices"":[{""id"":""7ea696b5-36dc-460e-905f-0dc05debdeb3"",""label"":""Cold"",""priceDelta"":0}],""groupId"":""f49b7c85-fcf0-43de-9f46-fdc52f0bd11a"",""required"":true}]","READY"
"b176fe6f-d094-4007-b849-17387cceb67d","9dbee5cb-b02d-4f66-9cae-ed7063653263","fb8fe2c6-9c32-4bef-8fa1-43835afcc6c6","1","0.000000000000000000000000000000",,"[{""type"":""single"",""title"":""Sugar"",""choices"":[{""id"":""4fa5be53-3fb1-4f3d-a093-cf72abcb644d"",""label"":""Sugar"",""priceDelta"":0}],""groupId"":""f3365b84-e196-42f0-9fd6-3d8a1d8dde4c"",""required"":true},{""type"":""single"",""title"":""Choice"",""choices"":[{""id"":""7c6f786f-e742-41b2-9e67-48fa2fb1f7f2"",""label"":""Hot"",""priceDelta"":0}],""groupId"":""8090364a-6a50-4ff0-bcd6-d4f2ebb7dab3"",""required"":true}]","READY"
"b1d4c19e-532f-43a5-97c6-4e7f635f7580","dc867009-84fe-4c6c-92d7-c28fbf07964c","ee41b154-17a0-4f25-897c-0e34d0e9ca3b","1","0.000000000000000000000000000000",,"[{""type"":""single"",""title"":""Option"",""choices"":[{""id"":""a9c0ba9a-f944-4f5f-9c23-759a4d8930f5"",""label"":""No Sugar"",""priceDelta"":0}],""groupId"":""12b13edf-d25a-4abf-92d2-5d5b45515fb6"",""required"":true},{""type"":""single"",""title"":""Option"",""choices"":[{""id"":""0ec24708-bfd6-4c1f-8d5e-a86d9cef2e64"",""label"":""Hot"",""priceDelta"":0}],""groupId"":""f49b7c85-fcf0-43de-9f46-fdc52f0bd11a"",""required"":true}]","READY"
"b233d9d1-cf7a-4d07-89de-88951e79542f","9bcd0258-b4e2-4bb3-96c5-7c8dfe0d0f13","fb8fe2c6-9c32-4bef-8fa1-43835afcc6c6","1","0.000000000000000000000000000000",,"[{""type"":""single"",""title"":""Sugar"",""choices"":[{""id"":""d9af3701-1417-4c4e-84c9-b819b0629cad"",""label"":""No Sugar"",""priceDelta"":0}],""groupId"":""f3365b84-e196-42f0-9fd6-3d8a1d8dde4c"",""required"":true},{""type"":""single"",""title"":""Choice"",""choices"":[{""id"":""c71b228e-1db4-4cbe-add8-682c2f2ff432"",""label"":""Cold"",""priceDelta"":0}],""groupId"":""8090364a-6a50-4ff0-bcd6-d4f2ebb7dab3"",""required"":true}]","READY"
"b2962a7c-fa9b-4db9-8e35-715e197b59b5","1dbff374-2ff8-4516-81e3-b3726ce5098f","ee41b154-17a0-4f25-897c-0e34d0e9ca3b","2","0.000000000000000000000000000000",,"[{""type"":""single"",""title"":""Option"",""choices"":[{""id"":""a8530576-5d1c-4996-911a-b62cd0a6daf2"",""label"":""Sugar"",""priceDelta"":0}],""groupId"":""12b13edf-d25a-4abf-92d2-5d5b45515fb6"",""required"":true},{""type"":""single"",""title"":""Option"",""choices"":[{""id"":""7ea696b5-36dc-460e-905f-0dc05debdeb3"",""label"":""Cold"",""priceDelta"":0}],""groupId"":""f49b7c85-fcf0-43de-9f46-fdc52f0bd11a"",""required"":true}]","READY"
"b3177fc1-80e2-4364-aef7-4c2128086a16","ecfc85b2-4703-4d30-9003-6c2a7b9e6c34","591f5a9e-5ae2-4612-a2fb-f42a2701ee97","1","0.000000000000000000000000000000",,"[{""type"":""single"",""title"":""Sugar"",""choices"":[{""id"":""f37891d4-906e-41fd-b016-39fca6854ee6"",""label"":""Sugar"",""priceDelta"":0}],""groupId"":""06a1f88e-2888-479f-8946-109b928ad90b"",""required"":true},{""type"":""single"",""title"":""Choice"",""choices"":[{""id"":""e59338ec-03fe-46fe-a057-6ac686c1c6e9"",""label"":""Cold"",""priceDelta"":0}],""groupId"":""34bfbb80-a978-4fb3-b5b9-ef83fdd3b936"",""required"":true}]","READY"
"b3474398-e4e7-4d3c-b806-d86e53100bc6","b8756d43-c2b9-468b-b5a7-2234c21abba9","ee41b154-17a0-4f25-897c-0e34d0e9ca3b","1","0.000000000000000000000000000000",,"[{""type"":""single"",""title"":""Option"",""choices"":[{""id"":""a8530576-5d1c-4996-911a-b62cd0a6daf2"",""label"":""Sugar"",""priceDelta"":0}],""groupId"":""12b13edf-d25a-4abf-92d2-5d5b45515fb6"",""required"":true},{""type"":""single"",""title"":""Option"",""choices"":[{""id"":""7ea696b5-36dc-460e-905f-0dc05debdeb3"",""label"":""Cold"",""priceDelta"":0}],""groupId"":""f49b7c85-fcf0-43de-9f46-fdc52f0bd11a"",""required"":true}]","READY"
"b391204f-1a43-4869-808b-26c890a3607a","d04b8d97-ddb4-4a50-a0cb-4ab1657063a6","fb8fe2c6-9c32-4bef-8fa1-43835afcc6c6","1","0.000000000000000000000000000000",,"[{""type"":""single"",""title"":""Sugar"",""choices"":[{""id"":""d9af3701-1417-4c4e-84c9-b819b0629cad"",""label"":""No Sugar"",""priceDelta"":0}],""groupId"":""f3365b84-e196-42f0-9fd6-3d8a1d8dde4c"",""required"":true},{""type"":""single"",""title"":""Choice"",""choices"":[{""id"":""c71b228e-1db4-4cbe-add8-682c2f2ff432"",""label"":""Cold"",""priceDelta"":0}],""groupId"":""8090364a-6a50-4ff0-bcd6-d4f2ebb7dab3"",""required"":true}]","READY"
"b3beb57f-96cf-4388-af49-b9c692a22a2f","93798c4b-6960-49eb-b9f3-af86d9c91844","fb8fe2c6-9c32-4bef-8fa1-43835afcc6c6","1","0.000000000000000000000000000000",,"[{""type"":""single"",""title"":""Sugar"",""choices"":[{""id"":""4fa5be53-3fb1-4f3d-a093-cf72abcb644d"",""label"":""Sugar"",""priceDelta"":0}],""groupId"":""f3365b84-e196-42f0-9fd6-3d8a1d8dde4c"",""required"":true},{""type"":""single"",""title"":""Choice"",""choices"":[{""id"":""7c6f786f-e742-41b2-9e67-48fa2fb1f7f2"",""label"":""Hot"",""priceDelta"":0}],""groupId"":""8090364a-6a50-4ff0-bcd6-d4f2ebb7dab3"",""required"":true}]","READY"
"b40cc3a0-2b26-414d-83ea-283f016cc042","a0c30646-4dab-47e2-bf75-8e5d1558accf","fb8fe2c6-9c32-4bef-8fa1-43835afcc6c6","1","0.000000000000000000000000000000",,"[{""type"":""single"",""title"":""Sugar"",""choices"":[{""id"":""4fa5be53-3fb1-4f3d-a093-cf72abcb644d"",""label"":""Sugar"",""priceDelta"":0}],""groupId"":""f3365b84-e196-42f0-9fd6-3d8a1d8dde4c"",""required"":true},{""type"":""single"",""title"":""Choice"",""choices"":[{""id"":""7c6f786f-e742-41b2-9e67-48fa2fb1f7f2"",""label"":""Hot"",""priceDelta"":0}],""groupId"":""8090364a-6a50-4ff0-bcd6-d4f2ebb7dab3"",""required"":true}]","READY"
"b421eb6b-6dba-44b2-b602-e7acc4183d27","4f01fac0-2b64-4142-95c0-8586e8d3eba6","fb8fe2c6-9c32-4bef-8fa1-43835afcc6c6","1","0.000000000000000000000000000000",,"[{""type"":""single"",""title"":""Sugar"",""choices"":[{""id"":""4fa5be53-3fb1-4f3d-a093-cf72abcb644d"",""label"":""Sugar"",""priceDelta"":0}],""groupId"":""f3365b84-e196-42f0-9fd6-3d8a1d8dde4c"",""required"":true},{""type"":""single"",""title"":""Choice"",""choices"":[{""id"":""c71b228e-1db4-4cbe-add8-682c2f2ff432"",""label"":""Cold"",""priceDelta"":0}],""groupId"":""8090364a-6a50-4ff0-bcd6-d4f2ebb7dab3"",""required"":true}]","READY"
"b4372519-98bd-45ad-84d5-95bfd47fafda","63e13edd-7840-4117-ae62-1df68dfe7439","fb8fe2c6-9c32-4bef-8fa1-43835afcc6c6","1","0.000000000000000000000000000000",,"[{""type"":""single"",""title"":""Sugar"",""choices"":[{""id"":""4fa5be53-3fb1-4f3d-a093-cf72abcb644d"",""label"":""Sugar"",""priceDelta"":0}],""groupId"":""f3365b84-e196-42f0-9fd6-3d8a1d8dde4c"",""required"":true},{""type"":""single"",""title"":""Choice"",""choices"":[{""id"":""c71b228e-1db4-4cbe-add8-682c2f2ff432"",""label"":""Cold"",""priceDelta"":0}],""groupId"":""8090364a-6a50-4ff0-bcd6-d4f2ebb7dab3"",""required"":true}]","READY"
"b4982b4a-571e-4d15-8beb-0288de824306","7b735137-f3c6-4085-ae70-5470e1583ed6","fb8fe2c6-9c32-4bef-8fa1-43835afcc6c6","1","0.000000000000000000000000000000",,"[{""type"":""single"",""title"":""Sugar"",""choices"":[{""id"":""d9af3701-1417-4c4e-84c9-b819b0629cad"",""label"":""No Sugar"",""priceDelta"":0}],""groupId"":""f3365b84-e196-42f0-9fd6-3d8a1d8dde4c"",""required"":true},{""type"":""single"",""title"":""Choice"",""choices"":[{""id"":""7c6f786f-e742-41b2-9e67-48fa2fb1f7f2"",""label"":""Hot"",""priceDelta"":0}],""groupId"":""8090364a-6a50-4ff0-bcd6-d4f2ebb7dab3"",""required"":true}]","READY"
"b50f60f8-4318-4ce0-8b6a-381c32c537ac","b71ad2f7-d26b-4126-ba35-ff8db31db27d","fb8fe2c6-9c32-4bef-8fa1-43835afcc6c6","1","0.000000000000000000000000000000",,"[{""type"":""single"",""title"":""Sugar"",""choices"":[{""id"":""d9af3701-1417-4c4e-84c9-b819b0629cad"",""label"":""No Sugar"",""priceDelta"":0}],""groupId"":""f3365b84-e196-42f0-9fd6-3d8a1d8dde4c"",""required"":true},{""type"":""single"",""title"":""Choice"",""choices"":[{""id"":""c71b228e-1db4-4cbe-add8-682c2f2ff432"",""label"":""Cold"",""priceDelta"":0}],""groupId"":""8090364a-6a50-4ff0-bcd6-d4f2ebb7dab3"",""required"":true}]","READY"
"b5d42df7-7e21-4a14-b649-900d5aca8423","c9dd83a2-6dbe-43d9-8a46-28b36e566b08","591f5a9e-5ae2-4612-a2fb-f42a2701ee97","1","0.000000000000000000000000000000",,"[{""type"":""single"",""title"":""Sugar"",""choices"":[{""id"":""05361b04-9e88-4bae-a48a-8dabaef4a8d2"",""label"":""No Sugar"",""priceDelta"":0}],""groupId"":""06a1f88e-2888-479f-8946-109b928ad90b"",""required"":true},{""type"":""single"",""title"":""Choice"",""choices"":[{""id"":""e59338ec-03fe-46fe-a057-6ac686c1c6e9"",""label"":""Cold"",""priceDelta"":0}],""groupId"":""34bfbb80-a978-4fb3-b5b9-ef83fdd3b936"",""required"":true}]","READY"
"b6afb265-7696-437e-a4c1-8c3414565c8b","2efbcbbf-c67a-4db1-b671-230a49f9e871","fb8fe2c6-9c32-4bef-8fa1-43835afcc6c6","1","0.000000000000000000000000000000",,"[{""type"":""single"",""title"":""Sugar"",""choices"":[{""id"":""4fa5be53-3fb1-4f3d-a093-cf72abcb644d"",""label"":""Sugar"",""priceDelta"":0}],""groupId"":""f3365b84-e196-42f0-9fd6-3d8a1d8dde4c"",""required"":true},{""type"":""single"",""title"":""Choice"",""choices"":[{""id"":""c71b228e-1db4-4cbe-add8-682c2f2ff432"",""label"":""Cold"",""priceDelta"":0}],""groupId"":""8090364a-6a50-4ff0-bcd6-d4f2ebb7dab3"",""required"":true}]","READY"
"b6baccb7-99b3-4188-a0a9-2dd59878d54c","2203b5e2-8eea-4e06-bc53-e7b9c39e1761","ee41b154-17a0-4f25-897c-0e34d0e9ca3b","1","0.000000000000000000000000000000",,"[{""type"":""single"",""title"":""Option"",""choices"":[{""id"":""a8530576-5d1c-4996-911a-b62cd0a6daf2"",""label"":""Sugar"",""priceDelta"":0}],""groupId"":""12b13edf-d25a-4abf-92d2-5d5b45515fb6"",""required"":true},{""type"":""single"",""title"":""Option"",""choices"":[{""id"":""7ea696b5-36dc-460e-905f-0dc05debdeb3"",""label"":""Cold"",""priceDelta"":0}],""groupId"":""f49b7c85-fcf0-43de-9f46-fdc52f0bd11a"",""required"":true}]","READY"
"b6cd5f0c-c2d8-42a0-9b98-f836ce050754","41d18754-8d06-497d-b5bd-5a2c4d00c555","fb8fe2c6-9c32-4bef-8fa1-43835afcc6c6","1","0.000000000000000000000000000000",,"[{""type"":""single"",""title"":""Sugar"",""choices"":[{""id"":""d9af3701-1417-4c4e-84c9-b819b0629cad"",""label"":""No Sugar"",""priceDelta"":0}],""groupId"":""f3365b84-e196-42f0-9fd6-3d8a1d8dde4c"",""required"":true},{""type"":""single"",""title"":""Choice"",""choices"":[{""id"":""7c6f786f-e742-41b2-9e67-48fa2fb1f7f2"",""label"":""Hot"",""priceDelta"":0}],""groupId"":""8090364a-6a50-4ff0-bcd6-d4f2ebb7dab3"",""required"":true}]","READY"
"b71eb5b3-045e-4d79-942a-3c3f131feac6","b6b08403-5e81-4f8d-b75c-de908b8c6b4f","591f5a9e-5ae2-4612-a2fb-f42a2701ee97","1","0.000000000000000000000000000000",,"[{""type"":""single"",""title"":""Sugar"",""choices"":[{""id"":""f37891d4-906e-41fd-b016-39fca6854ee6"",""label"":""Sugar"",""priceDelta"":0}],""groupId"":""06a1f88e-2888-479f-8946-109b928ad90b"",""required"":true},{""type"":""single"",""title"":""Choice"",""choices"":[{""id"":""e59338ec-03fe-46fe-a057-6ac686c1c6e9"",""label"":""Cold"",""priceDelta"":0}],""groupId"":""34bfbb80-a978-4fb3-b5b9-ef83fdd3b936"",""required"":true}]","READY"
"b7844d5e-6ee8-4398-839e-5e6aa8c0b95b","4031897f-a4cb-4c85-b713-1d84847810d3","591f5a9e-5ae2-4612-a2fb-f42a2701ee97","1","0.000000000000000000000000000000",,"[{""type"":""single"",""title"":""Sugar"",""choices"":[{""id"":""05361b04-9e88-4bae-a48a-8dabaef4a8d2"",""label"":""No Sugar"",""priceDelta"":0}],""groupId"":""06a1f88e-2888-479f-8946-109b928ad90b"",""required"":true},{""type"":""single"",""title"":""Choice"",""choices"":[{""id"":""e59338ec-03fe-46fe-a057-6ac686c1c6e9"",""label"":""Cold"",""priceDelta"":0}],""groupId"":""34bfbb80-a978-4fb3-b5b9-ef83fdd3b936"",""required"":true}]","READY"
"b8412da6-8c29-454d-bef0-8cad6baf3b64","164ca799-dbef-4213-8b0e-f65b4ac5b023","fb8fe2c6-9c32-4bef-8fa1-43835afcc6c6","1","0.000000000000000000000000000000",,"[{""type"":""single"",""title"":""Sugar"",""choices"":[{""id"":""4fa5be53-3fb1-4f3d-a093-cf72abcb644d"",""label"":""Sugar"",""priceDelta"":0}],""groupId"":""f3365b84-e196-42f0-9fd6-3d8a1d8dde4c"",""required"":true},{""type"":""single"",""title"":""Choice"",""choices"":[{""id"":""c71b228e-1db4-4cbe-add8-682c2f2ff432"",""label"":""Cold"",""priceDelta"":0}],""groupId"":""8090364a-6a50-4ff0-bcd6-d4f2ebb7dab3"",""required"":true}]","READY"
"b8607070-092c-45c8-b3f5-8620dc9f909c","25a3bd11-cb4b-4cfd-a0d4-0a89938916f9","fb8fe2c6-9c32-4bef-8fa1-43835afcc6c6","1","0.000000000000000000000000000000",,"[{""type"":""single"",""title"":""Sugar"",""choices"":[{""id"":""d9af3701-1417-4c4e-84c9-b819b0629cad"",""label"":""No Sugar"",""priceDelta"":0}],""groupId"":""f3365b84-e196-42f0-9fd6-3d8a1d8dde4c"",""required"":true},{""type"":""single"",""title"":""Choice"",""choices"":[{""id"":""7c6f786f-e742-41b2-9e67-48fa2fb1f7f2"",""label"":""Hot"",""priceDelta"":0}],""groupId"":""8090364a-6a50-4ff0-bcd6-d4f2ebb7dab3"",""required"":true}]","READY"
"b8da4cd7-eeaa-4c40-9782-cd91b83f9edc","f8da224c-15fd-4949-9198-0239b655e7d9","ee41b154-17a0-4f25-897c-0e34d0e9ca3b","1","0.000000000000000000000000000000",,"[{""type"":""single"",""title"":""Option"",""choices"":[{""id"":""a8530576-5d1c-4996-911a-b62cd0a6daf2"",""label"":""Sugar"",""priceDelta"":0}],""groupId"":""12b13edf-d25a-4abf-92d2-5d5b45515fb6"",""required"":true},{""type"":""single"",""title"":""Option"",""choices"":[{""id"":""7ea696b5-36dc-460e-905f-0dc05debdeb3"",""label"":""Cold"",""priceDelta"":0}],""groupId"":""f49b7c85-fcf0-43de-9f46-fdc52f0bd11a"",""required"":true}]","READY"
"b9053bb6-b6e7-4bc6-b3db-eef8f06cff40","d458a617-ebd8-4ba9-8ee3-e454fbc7d32d","591f5a9e-5ae2-4612-a2fb-f42a2701ee97","1","0.000000000000000000000000000000",,"[{""type"":""single"",""title"":""Sugar"",""choices"":[{""id"":""f37891d4-906e-41fd-b016-39fca6854ee6"",""label"":""Sugar"",""priceDelta"":0}],""groupId"":""06a1f88e-2888-479f-8946-109b928ad90b"",""required"":true},{""type"":""single"",""title"":""Choice"",""choices"":[{""id"":""e59338ec-03fe-46fe-a057-6ac686c1c6e9"",""label"":""Cold"",""priceDelta"":0}],""groupId"":""34bfbb80-a978-4fb3-b5b9-ef83fdd3b936"",""required"":true}]","READY"
"b97b13f4-bb2d-4def-a46b-f3f4e87a8993","06fe288b-3e43-4fde-8bf8-7405a8cbb0d4","bfafbe37-d3a8-4f50-9186-f70a99acb47e","1","0.000000000000000000000000000000",,"[]","READY"
"b97fbcb3-fceb-4c0d-b19c-f5f809dfe9b3","9859be49-6018-4ae2-b395-3c6d4d6645df","bfafbe37-d3a8-4f50-9186-f70a99acb47e","1","0.000000000000000000000000000000",,"[]","READY"
"ba489250-53de-417d-800f-7de0bfe23dba","de0523af-32b5-47e9-afe7-6d2e204c7479","7e851c95-25d4-4e97-834f-0708d32e0ed7","1","0.000000000000000000000000000000",,"[{""type"":""single"",""title"":""Sugar"",""choices"":[{""id"":""44ea2716-b9e7-4743-8cf6-74a3ecd8383b"",""label"":""No Sugar"",""priceDelta"":0}],""groupId"":""e2881883-1aaf-4a54-9986-c33e9d120289"",""required"":true},{""type"":""single"",""title"":""Option"",""choices"":[{""id"":""7f46222e-8c71-4976-887f-0de762d365c3"",""label"":""Cold"",""priceDelta"":0}],""groupId"":""72bc398e-a245-4b94-b598-446567c641b0"",""required"":true}]","READY"
"ba7ca4b3-70b4-4db1-bd69-d1e1be834550","bb3a5722-111b-4119-b6e7-80eec549b871","ee41b154-17a0-4f25-897c-0e34d0e9ca3b","1","0.000000000000000000000000000000",,"[{""type"":""single"",""title"":""Option"",""choices"":[{""id"":""a8530576-5d1c-4996-911a-b62cd0a6daf2"",""label"":""Sugar"",""priceDelta"":0}],""groupId"":""12b13edf-d25a-4abf-92d2-5d5b45515fb6"",""required"":true},{""type"":""single"",""title"":""Option"",""choices"":[{""id"":""7ea696b5-36dc-460e-905f-0dc05debdeb3"",""label"":""Cold"",""priceDelta"":0}],""groupId"":""f49b7c85-fcf0-43de-9f46-fdc52f0bd11a"",""required"":true}]","READY"
"baad3679-e4c8-466e-9b5a-0f4adae3746f","00e396ff-bfe9-491c-8d20-ecd293d1450a","591f5a9e-5ae2-4612-a2fb-f42a2701ee97","1","0.000000000000000000000000000000",,"[{""type"":""single"",""title"":""Sugar"",""choices"":[{""id"":""f37891d4-906e-41fd-b016-39fca6854ee6"",""label"":""Sugar"",""priceDelta"":0}],""groupId"":""06a1f88e-2888-479f-8946-109b928ad90b"",""required"":true},{""type"":""single"",""title"":""Choice"",""choices"":[{""id"":""e59338ec-03fe-46fe-a057-6ac686c1c6e9"",""label"":""Cold"",""priceDelta"":0}],""groupId"":""34bfbb80-a978-4fb3-b5b9-ef83fdd3b936"",""required"":true}]","READY"
"bad353ad-b173-4307-a29a-4521b39487d6","90960cbd-97e6-4480-8d3c-ee9aa46f0f30","fb8fe2c6-9c32-4bef-8fa1-43835afcc6c6","1","0.000000000000000000000000000000",,"[{""type"":""single"",""title"":""Sugar"",""choices"":[{""id"":""d9af3701-1417-4c4e-84c9-b819b0629cad"",""label"":""No Sugar"",""priceDelta"":0}],""groupId"":""f3365b84-e196-42f0-9fd6-3d8a1d8dde4c"",""required"":true},{""type"":""single"",""title"":""Choice"",""choices"":[{""id"":""7c6f786f-e742-41b2-9e67-48fa2fb1f7f2"",""label"":""Hot"",""priceDelta"":0}],""groupId"":""8090364a-6a50-4ff0-bcd6-d4f2ebb7dab3"",""required"":true}]","READY"
"baf4fc8f-9cd8-4d86-a12f-17d332e80b2e","b5a4698f-5668-4dc3-8cdb-d83dfe937897","ee41b154-17a0-4f25-897c-0e34d0e9ca3b","1","0.000000000000000000000000000000",,"[{""type"":""single"",""title"":""Option"",""choices"":[{""id"":""a8530576-5d1c-4996-911a-b62cd0a6daf2"",""label"":""Sugar"",""priceDelta"":0}],""groupId"":""12b13edf-d25a-4abf-92d2-5d5b45515fb6"",""required"":true},{""type"":""single"",""title"":""Option"",""choices"":[{""id"":""7ea696b5-36dc-460e-905f-0dc05debdeb3"",""label"":""Cold"",""priceDelta"":0}],""groupId"":""f49b7c85-fcf0-43de-9f46-fdc52f0bd11a"",""required"":true}]","READY"
"bb2652c2-0aea-4306-b2af-6760ffe7ce75","09bf7a4e-169b-4f6b-80eb-cf0e3dac9eac","ee41b154-17a0-4f25-897c-0e34d0e9ca3b","1","0.000000000000000000000000000000",,"[{""type"":""single"",""title"":""Option"",""choices"":[{""id"":""a8530576-5d1c-4996-911a-b62cd0a6daf2"",""label"":""Sugar"",""priceDelta"":0}],""groupId"":""12b13edf-d25a-4abf-92d2-5d5b45515fb6"",""required"":true},{""type"":""single"",""title"":""Option"",""choices"":[{""id"":""7ea696b5-36dc-460e-905f-0dc05debdeb3"",""label"":""Cold"",""priceDelta"":0}],""groupId"":""f49b7c85-fcf0-43de-9f46-fdc52f0bd11a"",""required"":true}]","READY"
"bb38da62-7fb6-496a-bb79-c80af045c2a6","b7745973-b5ad-4bb8-a714-fb7ef96e4cc2","ee41b154-17a0-4f25-897c-0e34d0e9ca3b","1","0.000000000000000000000000000000",,"[{""type"":""single"",""title"":""Option"",""choices"":[{""id"":""a8530576-5d1c-4996-911a-b62cd0a6daf2"",""label"":""Sugar"",""priceDelta"":0}],""groupId"":""12b13edf-d25a-4abf-92d2-5d5b45515fb6"",""required"":true},{""type"":""single"",""title"":""Option"",""choices"":[{""id"":""7ea696b5-36dc-460e-905f-0dc05debdeb3"",""label"":""Cold"",""priceDelta"":0}],""groupId"":""f49b7c85-fcf0-43de-9f46-fdc52f0bd11a"",""required"":true}]","READY"
"bb67cc7d-f41c-4515-bac3-8063b585c0e1","dc714ccd-2d9d-4c4e-b352-2ee8d0120cf1","591f5a9e-5ae2-4612-a2fb-f42a2701ee97","1","0.000000000000000000000000000000",,"[{""type"":""single"",""title"":""Sugar"",""choices"":[{""id"":""f37891d4-906e-41fd-b016-39fca6854ee6"",""label"":""Sugar"",""priceDelta"":0}],""groupId"":""06a1f88e-2888-479f-8946-109b928ad90b"",""required"":true},{""type"":""single"",""title"":""Choice"",""choices"":[{""id"":""e59338ec-03fe-46fe-a057-6ac686c1c6e9"",""label"":""Cold"",""priceDelta"":0}],""groupId"":""34bfbb80-a978-4fb3-b5b9-ef83fdd3b936"",""required"":true}]","READY"
"bbcc2d67-4977-46af-876c-01266d73d930","b134ff28-f3a1-4daf-abcd-8d564d27e010","591f5a9e-5ae2-4612-a2fb-f42a2701ee97","1","0.000000000000000000000000000000",,"[{""type"":""single"",""title"":""Sugar"",""choices"":[{""id"":""f37891d4-906e-41fd-b016-39fca6854ee6"",""label"":""Sugar"",""priceDelta"":0}],""groupId"":""06a1f88e-2888-479f-8946-109b928ad90b"",""required"":true},{""type"":""single"",""title"":""Choice"",""choices"":[{""id"":""e59338ec-03fe-46fe-a057-6ac686c1c6e9"",""label"":""Cold"",""priceDelta"":0}],""groupId"":""34bfbb80-a978-4fb3-b5b9-ef83fdd3b936"",""required"":true}]","READY"
"bc1748ee-96a6-4b3a-b8bc-89050cd6c134","366538cf-f65e-4f90-8324-8f69dcd12ea5","ee41b154-17a0-4f25-897c-0e34d0e9ca3b","1","0.000000000000000000000000000000",,"[{""type"":""single"",""title"":""Option"",""choices"":[{""id"":""a8530576-5d1c-4996-911a-b62cd0a6daf2"",""label"":""Sugar"",""priceDelta"":0}],""groupId"":""12b13edf-d25a-4abf-92d2-5d5b45515fb6"",""required"":true},{""type"":""single"",""title"":""Option"",""choices"":[{""id"":""7ea696b5-36dc-460e-905f-0dc05debdeb3"",""label"":""Cold"",""priceDelta"":0}],""groupId"":""f49b7c85-fcf0-43de-9f46-fdc52f0bd11a"",""required"":true}]","READY"
"bc5744db-161e-4752-ae0e-4a94b2c27a32","e1cb72a3-ab94-4f95-a3f9-2b438ccafce4","ee41b154-17a0-4f25-897c-0e34d0e9ca3b","1","0.000000000000000000000000000000",,"[{""type"":""single"",""title"":""Option"",""choices"":[{""id"":""a8530576-5d1c-4996-911a-b62cd0a6daf2"",""label"":""Sugar"",""priceDelta"":0}],""groupId"":""12b13edf-d25a-4abf-92d2-5d5b45515fb6"",""required"":true},{""type"":""single"",""title"":""Option"",""choices"":[{""id"":""7ea696b5-36dc-460e-905f-0dc05debdeb3"",""label"":""Cold"",""priceDelta"":0}],""groupId"":""f49b7c85-fcf0-43de-9f46-fdc52f0bd11a"",""required"":true}]","READY"
"bc897816-219d-4f88-a37e-1ae8b79c354b","e01b0761-9ab3-4068-a85b-c622a29dfe2f","591f5a9e-5ae2-4612-a2fb-f42a2701ee97","1","0.000000000000000000000000000000",,"[{""type"":""single"",""title"":""Sugar"",""choices"":[{""id"":""f37891d4-906e-41fd-b016-39fca6854ee6"",""label"":""Sugar"",""priceDelta"":0}],""groupId"":""06a1f88e-2888-479f-8946-109b928ad90b"",""required"":true},{""type"":""single"",""title"":""Choice"",""choices"":[{""id"":""e59338ec-03fe-46fe-a057-6ac686c1c6e9"",""label"":""Cold"",""priceDelta"":0}],""groupId"":""34bfbb80-a978-4fb3-b5b9-ef83fdd3b936"",""required"":true}]","READY"
"bc9e230b-322f-4d5a-93dd-690ce69c5497","1ed83dcf-383f-4452-afee-f10936a981f0","591f5a9e-5ae2-4612-a2fb-f42a2701ee97","1","0.000000000000000000000000000000",,"[{""type"":""single"",""title"":""Sugar"",""choices"":[{""id"":""05361b04-9e88-4bae-a48a-8dabaef4a8d2"",""label"":""No Sugar"",""priceDelta"":0}],""groupId"":""06a1f88e-2888-479f-8946-109b928ad90b"",""required"":true},{""type"":""single"",""title"":""Choice"",""choices"":[{""id"":""e59338ec-03fe-46fe-a057-6ac686c1c6e9"",""label"":""Cold"",""priceDelta"":0}],""groupId"":""34bfbb80-a978-4fb3-b5b9-ef83fdd3b936"",""required"":true}]","READY"
"bc9fd3c1-dcb3-4231-b50d-ee7829fd66cb","bb52cad2-d7d1-45e8-a762-2832602c278b","bfafbe37-d3a8-4f50-9186-f70a99acb47e","1","0.000000000000000000000000000000",,"[]","READY"
"bd26baa8-3076-42c0-84bd-c309a30c7cf7","ce8c4fbf-35d9-406e-aad4-88de1decb78f","ee41b154-17a0-4f25-897c-0e34d0e9ca3b","1","0.000000000000000000000000000000",,"[{""type"":""single"",""title"":""Option"",""choices"":[{""id"":""a8530576-5d1c-4996-911a-b62cd0a6daf2"",""label"":""Sugar"",""priceDelta"":0}],""groupId"":""12b13edf-d25a-4abf-92d2-5d5b45515fb6"",""required"":true},{""type"":""single"",""title"":""Option"",""choices"":[{""id"":""7ea696b5-36dc-460e-905f-0dc05debdeb3"",""label"":""Cold"",""priceDelta"":0}],""groupId"":""f49b7c85-fcf0-43de-9f46-fdc52f0bd11a"",""required"":true}]","READY"
"bd4c3023-e23f-46dc-99ea-23d11f9a953c","93798c4b-6960-49eb-b9f3-af86d9c91844","591f5a9e-5ae2-4612-a2fb-f42a2701ee97","1","0.000000000000000000000000000000",,"[{""type"":""single"",""title"":""Sugar"",""choices"":[{""id"":""05361b04-9e88-4bae-a48a-8dabaef4a8d2"",""label"":""No Sugar"",""priceDelta"":0}],""groupId"":""06a1f88e-2888-479f-8946-109b928ad90b"",""required"":true},{""type"":""single"",""title"":""Choice"",""choices"":[{""id"":""74279e17-917e-4369-9d70-b782add81b27"",""label"":""Hot"",""priceDelta"":0}],""groupId"":""34bfbb80-a978-4fb3-b5b9-ef83fdd3b936"",""required"":true}]","READY"
"bd4d9921-9a5d-4bc1-849d-639c1539262b","d411e312-074e-4bbf-af9c-7f9c31a966c8","591f5a9e-5ae2-4612-a2fb-f42a2701ee97","1","0.000000000000000000000000000000",,"[{""type"":""single"",""title"":""Sugar"",""choices"":[{""id"":""f37891d4-906e-41fd-b016-39fca6854ee6"",""label"":""Sugar"",""priceDelta"":0}],""groupId"":""06a1f88e-2888-479f-8946-109b928ad90b"",""required"":true},{""type"":""single"",""title"":""Choice"",""choices"":[{""id"":""e59338ec-03fe-46fe-a057-6ac686c1c6e9"",""label"":""Cold"",""priceDelta"":0}],""groupId"":""34bfbb80-a978-4fb3-b5b9-ef83fdd3b936"",""required"":true}]","READY"
"bd678cb1-4f1b-4842-9334-3ffb24a629b9","98d5f76b-8aeb-4380-95cc-fa4ccdafb5e4","fb8fe2c6-9c32-4bef-8fa1-43835afcc6c6","1","0.000000000000000000000000000000",,"[{""type"":""single"",""title"":""Sugar"",""choices"":[{""id"":""4fa5be53-3fb1-4f3d-a093-cf72abcb644d"",""label"":""Sugar"",""priceDelta"":0}],""groupId"":""f3365b84-e196-42f0-9fd6-3d8a1d8dde4c"",""required"":true},{""type"":""single"",""title"":""Choice"",""choices"":[{""id"":""c71b228e-1db4-4cbe-add8-682c2f2ff432"",""label"":""Cold"",""priceDelta"":0}],""groupId"":""8090364a-6a50-4ff0-bcd6-d4f2ebb7dab3"",""required"":true}]","READY"
"bd888dc2-d81e-42db-9b55-b5a9e64c968d","1d566910-d69a-445e-bf4e-61816d206f20","fb8fe2c6-9c32-4bef-8fa1-43835afcc6c6","1","0.000000000000000000000000000000",,"[{""type"":""single"",""title"":""Sugar"",""choices"":[{""id"":""d9af3701-1417-4c4e-84c9-b819b0629cad"",""label"":""No Sugar"",""priceDelta"":0}],""groupId"":""f3365b84-e196-42f0-9fd6-3d8a1d8dde4c"",""required"":true},{""type"":""single"",""title"":""Choice"",""choices"":[{""id"":""7c6f786f-e742-41b2-9e67-48fa2fb1f7f2"",""label"":""Hot"",""priceDelta"":0}],""groupId"":""8090364a-6a50-4ff0-bcd6-d4f2ebb7dab3"",""required"":true}]","READY"
"bda88729-efd4-448c-b536-8686f74d195b","37ffc615-041e-42a8-a63e-7ce802542f03","ee41b154-17a0-4f25-897c-0e34d0e9ca3b","1","0.000000000000000000000000000000",,"[{""type"":""single"",""title"":""Option"",""choices"":[{""id"":""a8530576-5d1c-4996-911a-b62cd0a6daf2"",""label"":""Sugar"",""priceDelta"":0}],""groupId"":""12b13edf-d25a-4abf-92d2-5d5b45515fb6"",""required"":true},{""type"":""single"",""title"":""Option"",""choices"":[{""id"":""7ea696b5-36dc-460e-905f-0dc05debdeb3"",""label"":""Cold"",""priceDelta"":0}],""groupId"":""f49b7c85-fcf0-43de-9f46-fdc52f0bd11a"",""required"":true}]","READY"
"be1dd6ea-b6f6-4d24-84df-9e98e9d2ddff","eb6438fa-29a9-43dc-bb47-31019ae7ea1d","bfafbe37-d3a8-4f50-9186-f70a99acb47e","1","0.000000000000000000000000000000","Less ice","[]","READY"
"be765820-c68b-454b-805d-e0207660f73e","eae5b7e8-1895-4d5e-b659-a76a3388cd80","fb8fe2c6-9c32-4bef-8fa1-43835afcc6c6","1","0.000000000000000000000000000000",,"[{""type"":""single"",""title"":""Sugar"",""choices"":[{""id"":""4fa5be53-3fb1-4f3d-a093-cf72abcb644d"",""label"":""Sugar"",""priceDelta"":0}],""groupId"":""f3365b84-e196-42f0-9fd6-3d8a1d8dde4c"",""required"":true},{""type"":""single"",""title"":""Choice"",""choices"":[{""id"":""c71b228e-1db4-4cbe-add8-682c2f2ff432"",""label"":""Cold"",""priceDelta"":0}],""groupId"":""8090364a-6a50-4ff0-bcd6-d4f2ebb7dab3"",""required"":true}]","READY"
"be948bbf-0778-4bb2-b712-32cf01828b76","77cb859f-9ca5-4e2d-b5b7-e366e9364c76","fb8fe2c6-9c32-4bef-8fa1-43835afcc6c6","1","0.000000000000000000000000000000",,"[{""type"":""single"",""title"":""Sugar"",""choices"":[{""id"":""d9af3701-1417-4c4e-84c9-b819b0629cad"",""label"":""No Sugar"",""priceDelta"":0}],""groupId"":""f3365b84-e196-42f0-9fd6-3d8a1d8dde4c"",""required"":true},{""type"":""single"",""title"":""Choice"",""choices"":[{""id"":""c71b228e-1db4-4cbe-add8-682c2f2ff432"",""label"":""Cold"",""priceDelta"":0}],""groupId"":""8090364a-6a50-4ff0-bcd6-d4f2ebb7dab3"",""required"":true}]","READY"
"beb00bf0-e09e-4751-9bcb-3d56d8aa1fd1","e7292e8c-e478-4671-980d-2e3eb7a412eb","591f5a9e-5ae2-4612-a2fb-f42a2701ee97","1","0.000000000000000000000000000000",,"[{""type"":""single"",""title"":""Sugar"",""choices"":[{""id"":""05361b04-9e88-4bae-a48a-8dabaef4a8d2"",""label"":""No Sugar"",""priceDelta"":0}],""groupId"":""06a1f88e-2888-479f-8946-109b928ad90b"",""required"":true},{""type"":""single"",""title"":""Choice"",""choices"":[{""id"":""e59338ec-03fe-46fe-a057-6ac686c1c6e9"",""label"":""Cold"",""priceDelta"":0}],""groupId"":""34bfbb80-a978-4fb3-b5b9-ef83fdd3b936"",""required"":true}]","READY"
"befbae24-c67c-46e3-b557-4323184569d1","170e3fcf-c763-4590-90cf-8cec9d06424f","ee41b154-17a0-4f25-897c-0e34d0e9ca3b","1","0.000000000000000000000000000000",,"[{""type"":""single"",""title"":""Option"",""choices"":[{""id"":""a8530576-5d1c-4996-911a-b62cd0a6daf2"",""label"":""Sugar"",""priceDelta"":0}],""groupId"":""12b13edf-d25a-4abf-92d2-5d5b45515fb6"",""required"":true},{""type"":""single"",""title"":""Option"",""choices"":[{""id"":""7ea696b5-36dc-460e-905f-0dc05debdeb3"",""label"":""Cold"",""priceDelta"":0}],""groupId"":""f49b7c85-fcf0-43de-9f46-fdc52f0bd11a"",""required"":true}]","READY"
"bf0c2578-7574-47da-9beb-7b4949f08e90","b3b54389-86b0-414a-9524-7eb4fa6484a4","fb8fe2c6-9c32-4bef-8fa1-43835afcc6c6","1","0.000000000000000000000000000000",,"[{""type"":""single"",""title"":""Sugar"",""choices"":[{""id"":""d9af3701-1417-4c4e-84c9-b819b0629cad"",""label"":""No Sugar"",""priceDelta"":0}],""groupId"":""f3365b84-e196-42f0-9fd6-3d8a1d8dde4c"",""required"":true},{""type"":""single"",""title"":""Choice"",""choices"":[{""id"":""c71b228e-1db4-4cbe-add8-682c2f2ff432"",""label"":""Cold"",""priceDelta"":0}],""groupId"":""8090364a-6a50-4ff0-bcd6-d4f2ebb7dab3"",""required"":true}]","READY"
"bf419f13-ce7c-4a8e-bade-f1efd7c10e21","1be4cc12-bd94-43f4-8542-54d7bca19dea","fb8fe2c6-9c32-4bef-8fa1-43835afcc6c6","1","0.000000000000000000000000000000",,"[{""type"":""single"",""title"":""Sugar"",""choices"":[{""id"":""4fa5be53-3fb1-4f3d-a093-cf72abcb644d"",""label"":""Sugar"",""priceDelta"":0}],""groupId"":""f3365b84-e196-42f0-9fd6-3d8a1d8dde4c"",""required"":true},{""type"":""single"",""title"":""Choice"",""choices"":[{""id"":""c71b228e-1db4-4cbe-add8-682c2f2ff432"",""label"":""Cold"",""priceDelta"":0}],""groupId"":""8090364a-6a50-4ff0-bcd6-d4f2ebb7dab3"",""required"":true}]","READY"
"bf4b4556-b2f2-48d2-879a-58e65e46e121","8a4cf64b-02a3-46d2-bb12-0c140acc3412","ee41b154-17a0-4f25-897c-0e34d0e9ca3b","1","0.000000000000000000000000000000",,"[{""type"":""single"",""title"":""Option"",""choices"":[{""id"":""a8530576-5d1c-4996-911a-b62cd0a6daf2"",""label"":""Sugar"",""priceDelta"":0}],""groupId"":""12b13edf-d25a-4abf-92d2-5d5b45515fb6"",""required"":true},{""type"":""single"",""title"":""Option"",""choices"":[{""id"":""7ea696b5-36dc-460e-905f-0dc05debdeb3"",""label"":""Cold"",""priceDelta"":0}],""groupId"":""f49b7c85-fcf0-43de-9f46-fdc52f0bd11a"",""required"":true}]","READY"
"c03bb62f-9d25-440e-b3bc-8400f7702348","580aa8b2-1a46-4365-9e9f-62789e97fac7","591f5a9e-5ae2-4612-a2fb-f42a2701ee97","1","0.000000000000000000000000000000",,"[{""type"":""single"",""title"":""Sugar"",""choices"":[{""id"":""05361b04-9e88-4bae-a48a-8dabaef4a8d2"",""label"":""No Sugar"",""priceDelta"":0}],""groupId"":""06a1f88e-2888-479f-8946-109b928ad90b"",""required"":true},{""type"":""single"",""title"":""Choice"",""choices"":[{""id"":""e59338ec-03fe-46fe-a057-6ac686c1c6e9"",""label"":""Cold"",""priceDelta"":0}],""groupId"":""34bfbb80-a978-4fb3-b5b9-ef83fdd3b936"",""required"":true}]","READY"
"c0745089-5a25-42b4-8d5f-e4f699672b6b","acbd33a4-ef79-4a42-884c-ed51f7f509f5","fb8fe2c6-9c32-4bef-8fa1-43835afcc6c6","1","0.000000000000000000000000000000",,"[{""type"":""single"",""title"":""Sugar"",""choices"":[{""id"":""4fa5be53-3fb1-4f3d-a093-cf72abcb644d"",""label"":""Sugar"",""priceDelta"":0}],""groupId"":""f3365b84-e196-42f0-9fd6-3d8a1d8dde4c"",""required"":true},{""type"":""single"",""title"":""Choice"",""choices"":[{""id"":""c71b228e-1db4-4cbe-add8-682c2f2ff432"",""label"":""Cold"",""priceDelta"":0}],""groupId"":""8090364a-6a50-4ff0-bcd6-d4f2ebb7dab3"",""required"":true}]","READY"
"c0af0aeb-c135-4bb4-835b-17b4f4357b6f","85946f80-a63e-4a15-9ef7-5dffb80efec3","591f5a9e-5ae2-4612-a2fb-f42a2701ee97","1","0.000000000000000000000000000000",,"[{""type"":""single"",""title"":""Sugar"",""choices"":[{""id"":""f37891d4-906e-41fd-b016-39fca6854ee6"",""label"":""Sugar"",""priceDelta"":0}],""groupId"":""06a1f88e-2888-479f-8946-109b928ad90b"",""required"":true},{""type"":""single"",""title"":""Choice"",""choices"":[{""id"":""e59338ec-03fe-46fe-a057-6ac686c1c6e9"",""label"":""Cold"",""priceDelta"":0}],""groupId"":""34bfbb80-a978-4fb3-b5b9-ef83fdd3b936"",""required"":true}]","READY"
"c1a860e3-5b60-481a-b9a3-8482df6111ed","dd68901c-9461-49db-bc30-22211a400b4e","591f5a9e-5ae2-4612-a2fb-f42a2701ee97","1","0.000000000000000000000000000000",,"[{""type"":""single"",""title"":""Sugar"",""choices"":[{""id"":""f37891d4-906e-41fd-b016-39fca6854ee6"",""label"":""Sugar"",""priceDelta"":0}],""groupId"":""06a1f88e-2888-479f-8946-109b928ad90b"",""required"":true},{""type"":""single"",""title"":""Choice"",""choices"":[{""id"":""e59338ec-03fe-46fe-a057-6ac686c1c6e9"",""label"":""Cold"",""priceDelta"":0}],""groupId"":""34bfbb80-a978-4fb3-b5b9-ef83fdd3b936"",""required"":true}]","READY"
"c1ad665b-96c5-4be1-adbc-1dce2f4162e8","7ac21fd6-7564-4959-9d66-53dff60cd889","fb8fe2c6-9c32-4bef-8fa1-43835afcc6c6","1","0.000000000000000000000000000000",,"[{""type"":""single"",""title"":""Sugar"",""choices"":[{""id"":""d9af3701-1417-4c4e-84c9-b819b0629cad"",""label"":""No Sugar"",""priceDelta"":0}],""groupId"":""f3365b84-e196-42f0-9fd6-3d8a1d8dde4c"",""required"":true},{""type"":""single"",""title"":""Choice"",""choices"":[{""id"":""7c6f786f-e742-41b2-9e67-48fa2fb1f7f2"",""label"":""Hot"",""priceDelta"":0}],""groupId"":""8090364a-6a50-4ff0-bcd6-d4f2ebb7dab3"",""required"":true}]","READY"
"c1f11fb3-b41a-48af-88d8-a9c1432a33d3","619afbc9-b14e-4e53-aacd-ad7687c93129","591f5a9e-5ae2-4612-a2fb-f42a2701ee97","1","0.000000000000000000000000000000",,"[{""type"":""single"",""title"":""Sugar"",""choices"":[{""id"":""f37891d4-906e-41fd-b016-39fca6854ee6"",""label"":""Sugar"",""priceDelta"":0}],""groupId"":""06a1f88e-2888-479f-8946-109b928ad90b"",""required"":true},{""type"":""single"",""title"":""Choice"",""choices"":[{""id"":""e59338ec-03fe-46fe-a057-6ac686c1c6e9"",""label"":""Cold"",""priceDelta"":0}],""groupId"":""34bfbb80-a978-4fb3-b5b9-ef83fdd3b936"",""required"":true}]","READY"
"c271a9ae-3d74-4018-a741-30d0b24dd326","bb78e02d-853e-4158-8145-d8ab3776c976","591f5a9e-5ae2-4612-a2fb-f42a2701ee97","1","0.000000000000000000000000000000",,"[{""type"":""single"",""title"":""Sugar"",""choices"":[{""id"":""f37891d4-906e-41fd-b016-39fca6854ee6"",""label"":""Sugar"",""priceDelta"":0}],""groupId"":""06a1f88e-2888-479f-8946-109b928ad90b"",""required"":true},{""type"":""single"",""title"":""Choice"",""choices"":[{""id"":""e59338ec-03fe-46fe-a057-6ac686c1c6e9"",""label"":""Cold"",""priceDelta"":0}],""groupId"":""34bfbb80-a978-4fb3-b5b9-ef83fdd3b936"",""required"":true}]","READY"
"c29de03f-21e2-41a1-b020-d233395e759b","ed85279e-ed86-4979-8931-2371e11b8f79","ee41b154-17a0-4f25-897c-0e34d0e9ca3b","1","0.000000000000000000000000000000",,"[{""type"":""single"",""title"":""Option"",""choices"":[{""id"":""a8530576-5d1c-4996-911a-b62cd0a6daf2"",""label"":""Sugar"",""priceDelta"":0}],""groupId"":""12b13edf-d25a-4abf-92d2-5d5b45515fb6"",""required"":true},{""type"":""single"",""title"":""Option"",""choices"":[{""id"":""7ea696b5-36dc-460e-905f-0dc05debdeb3"",""label"":""Cold"",""priceDelta"":0}],""groupId"":""f49b7c85-fcf0-43de-9f46-fdc52f0bd11a"",""required"":true}]","READY"
"c2c50279-9013-45e5-9384-a1cd8a416003","d7ae8284-fe12-4c41-a74e-1ad6df7c269b","bfafbe37-d3a8-4f50-9186-f70a99acb47e","1","0.000000000000000000000000000000",,"[]","READY"
"c31ae5d1-1dd5-4295-bb01-a357ac555bf9","54e228a7-537b-4f7b-a658-5ce3c6751e0e","ee41b154-17a0-4f25-897c-0e34d0e9ca3b","1","0.000000000000000000000000000000",,"[{""type"":""single"",""title"":""Option"",""choices"":[{""id"":""a9c0ba9a-f944-4f5f-9c23-759a4d8930f5"",""label"":""No Sugar"",""priceDelta"":0}],""groupId"":""12b13edf-d25a-4abf-92d2-5d5b45515fb6"",""required"":true},{""type"":""single"",""title"":""Option"",""choices"":[{""id"":""7ea696b5-36dc-460e-905f-0dc05debdeb3"",""label"":""Cold"",""priceDelta"":0}],""groupId"":""f49b7c85-fcf0-43de-9f46-fdc52f0bd11a"",""required"":true}]","READY"
"c3940ad6-cf64-4fee-8b78-ac023f33a3f1","518fe15e-9e10-4c15-97c1-401da1daa932","ee41b154-17a0-4f25-897c-0e34d0e9ca3b","1","0.000000000000000000000000000000",,"[{""type"":""single"",""title"":""Option"",""choices"":[{""id"":""a8530576-5d1c-4996-911a-b62cd0a6daf2"",""label"":""Sugar"",""priceDelta"":0}],""groupId"":""12b13edf-d25a-4abf-92d2-5d5b45515fb6"",""required"":true},{""type"":""single"",""title"":""Option"",""choices"":[{""id"":""7ea696b5-36dc-460e-905f-0dc05debdeb3"",""label"":""Cold"",""priceDelta"":0}],""groupId"":""f49b7c85-fcf0-43de-9f46-fdc52f0bd11a"",""required"":true}]","READY"
"c467aff9-fc88-46b6-aa7a-5168fdaf3f8a","5ae7bc8e-957e-420f-acf4-c00f811fbbe6","591f5a9e-5ae2-4612-a2fb-f42a2701ee97","1","0.000000000000000000000000000000",,"[{""type"":""single"",""title"":""Sugar"",""choices"":[{""id"":""05361b04-9e88-4bae-a48a-8dabaef4a8d2"",""label"":""No Sugar"",""priceDelta"":0}],""groupId"":""06a1f88e-2888-479f-8946-109b928ad90b"",""required"":true},{""type"":""single"",""title"":""Choice"",""choices"":[{""id"":""e59338ec-03fe-46fe-a057-6ac686c1c6e9"",""label"":""Cold"",""priceDelta"":0}],""groupId"":""34bfbb80-a978-4fb3-b5b9-ef83fdd3b936"",""required"":true}]","READY"
"c49b9a16-34ee-4faa-b590-23830d3b4bd2","35dadf33-27bb-484c-9aa8-6d9b28fc521d","ee41b154-17a0-4f25-897c-0e34d0e9ca3b","1","0.000000000000000000000000000000",,"[{""type"":""single"",""title"":""Option"",""choices"":[{""id"":""a9c0ba9a-f944-4f5f-9c23-759a4d8930f5"",""label"":""No Sugar"",""priceDelta"":0}],""groupId"":""12b13edf-d25a-4abf-92d2-5d5b45515fb6"",""required"":true},{""type"":""single"",""title"":""Option"",""choices"":[{""id"":""0ec24708-bfd6-4c1f-8d5e-a86d9cef2e64"",""label"":""Hot"",""priceDelta"":0}],""groupId"":""f49b7c85-fcf0-43de-9f46-fdc52f0bd11a"",""required"":true}]","READY"
"c58ffef1-4290-4609-b387-ef788a91200d","ffb050ff-9089-4153-9b51-205b568b5607","bfafbe37-d3a8-4f50-9186-f70a99acb47e","1","0.000000000000000000000000000000",,"[]","READY"
"c5a9639a-a83d-42f4-b864-531a17bb37cf","70ec1d36-a447-4524-b402-d857f1acfe2f","bfafbe37-d3a8-4f50-9186-f70a99acb47e","1","0.000000000000000000000000000000",,"[]","READY"
"c61cb6b8-cd42-46fd-8b12-83db3dc2570a","48d45f60-f5ee-4f57-9df5-52a38aaf4da1","591f5a9e-5ae2-4612-a2fb-f42a2701ee97","1","0.000000000000000000000000000000",,"[{""type"":""single"",""title"":""Sugar"",""choices"":[{""id"":""05361b04-9e88-4bae-a48a-8dabaef4a8d2"",""label"":""No Sugar"",""priceDelta"":0}],""groupId"":""06a1f88e-2888-479f-8946-109b928ad90b"",""required"":true},{""type"":""single"",""title"":""Choice"",""choices"":[{""id"":""74279e17-917e-4369-9d70-b782add81b27"",""label"":""Hot"",""priceDelta"":0}],""groupId"":""34bfbb80-a978-4fb3-b5b9-ef83fdd3b936"",""required"":true}]","READY"
"c66189a9-1455-462f-8310-26746139bc4f","a789b0df-eb75-4ae5-be94-55feb6ade25c","7e851c95-25d4-4e97-834f-0708d32e0ed7","1","0.000000000000000000000000000000",,"[{""type"":""single"",""title"":""Sugar"",""choices"":[{""id"":""44ea2716-b9e7-4743-8cf6-74a3ecd8383b"",""label"":""No Sugar"",""priceDelta"":0}],""groupId"":""e2881883-1aaf-4a54-9986-c33e9d120289"",""required"":true},{""type"":""single"",""title"":""Option"",""choices"":[{""id"":""fd1f3359-6e52-48ac-b711-674b0d4e1099"",""label"":""Hot"",""priceDelta"":0}],""groupId"":""72bc398e-a245-4b94-b598-446567c641b0"",""required"":true}]","READY"
"c6722075-ae97-44f7-988a-230105a08095","abfcae9e-b7e1-4c4f-a944-1a6ce28320d7","591f5a9e-5ae2-4612-a2fb-f42a2701ee97","1","0.000000000000000000000000000000",,"[{""type"":""single"",""title"":""Sugar"",""choices"":[{""id"":""f37891d4-906e-41fd-b016-39fca6854ee6"",""label"":""Sugar"",""priceDelta"":0}],""groupId"":""06a1f88e-2888-479f-8946-109b928ad90b"",""required"":true},{""type"":""single"",""title"":""Choice"",""choices"":[{""id"":""e59338ec-03fe-46fe-a057-6ac686c1c6e9"",""label"":""Cold"",""priceDelta"":0}],""groupId"":""34bfbb80-a978-4fb3-b5b9-ef83fdd3b936"",""required"":true}]","READY"
"c6ae5287-e2a3-4c14-8034-e00b77676c5c","3ea43b3c-72f4-4cd4-a438-d01add2e10dd","ee41b154-17a0-4f25-897c-0e34d0e9ca3b","1","0.000000000000000000000000000000",,"[{""type"":""single"",""title"":""Option"",""choices"":[{""id"":""a8530576-5d1c-4996-911a-b62cd0a6daf2"",""label"":""Sugar"",""priceDelta"":0}],""groupId"":""12b13edf-d25a-4abf-92d2-5d5b45515fb6"",""required"":true},{""type"":""single"",""title"":""Option"",""choices"":[{""id"":""0ec24708-bfd6-4c1f-8d5e-a86d9cef2e64"",""label"":""Hot"",""priceDelta"":0}],""groupId"":""f49b7c85-fcf0-43de-9f46-fdc52f0bd11a"",""required"":true}]","READY"
"c7f183ac-e753-45d6-acf5-0d95eed8b4ed","8a971bac-491e-4ccc-9413-83f607fb4577","fb8fe2c6-9c32-4bef-8fa1-43835afcc6c6","1","0.000000000000000000000000000000",,"[{""type"":""single"",""title"":""Sugar"",""choices"":[{""id"":""4fa5be53-3fb1-4f3d-a093-cf72abcb644d"",""label"":""Sugar"",""priceDelta"":0}],""groupId"":""f3365b84-e196-42f0-9fd6-3d8a1d8dde4c"",""required"":true},{""type"":""single"",""title"":""Choice"",""choices"":[{""id"":""c71b228e-1db4-4cbe-add8-682c2f2ff432"",""label"":""Cold"",""priceDelta"":0}],""groupId"":""8090364a-6a50-4ff0-bcd6-d4f2ebb7dab3"",""required"":true}]","READY"
"c7f42590-0a4f-4c9e-b5b9-7899db6c7f91","115e45f8-1337-4973-a72f-63f4d80478e9","ee41b154-17a0-4f25-897c-0e34d0e9ca3b","1","0.000000000000000000000000000000",,"[{""type"":""single"",""title"":""Option"",""choices"":[{""id"":""a8530576-5d1c-4996-911a-b62cd0a6daf2"",""label"":""Sugar"",""priceDelta"":0}],""groupId"":""12b13edf-d25a-4abf-92d2-5d5b45515fb6"",""required"":true},{""type"":""single"",""title"":""Option"",""choices"":[{""id"":""7ea696b5-36dc-460e-905f-0dc05debdeb3"",""label"":""Cold"",""priceDelta"":0}],""groupId"":""f49b7c85-fcf0-43de-9f46-fdc52f0bd11a"",""required"":true}]","READY"
"c88e71b2-2f62-4a29-bd46-fc770be14e79","54784230-2fd9-4de8-b764-b5b590755dae","bfafbe37-d3a8-4f50-9186-f70a99acb47e","1","0.000000000000000000000000000000",,"[]","READY"
"c9aec916-4cc7-4910-afee-30d2cecb311b","a0c56774-2248-4968-bd23-dc5b34dd7171","fb8fe2c6-9c32-4bef-8fa1-43835afcc6c6","1","0.000000000000000000000000000000",,"[{""type"":""single"",""title"":""Sugar"",""choices"":[{""id"":""d9af3701-1417-4c4e-84c9-b819b0629cad"",""label"":""No Sugar"",""priceDelta"":0}],""groupId"":""f3365b84-e196-42f0-9fd6-3d8a1d8dde4c"",""required"":true},{""type"":""single"",""title"":""Choice"",""choices"":[{""id"":""7c6f786f-e742-41b2-9e67-48fa2fb1f7f2"",""label"":""Hot"",""priceDelta"":0}],""groupId"":""8090364a-6a50-4ff0-bcd6-d4f2ebb7dab3"",""required"":true}]","READY"
"c9c61169-e433-48a8-bd52-eac0667ed3f2","e0b942ee-123d-4df6-b81c-401f36cee70b","fb8fe2c6-9c32-4bef-8fa1-43835afcc6c6","1","0.000000000000000000000000000000",,"[{""type"":""single"",""title"":""Sugar"",""choices"":[{""id"":""4fa5be53-3fb1-4f3d-a093-cf72abcb644d"",""label"":""Sugar"",""priceDelta"":0}],""groupId"":""f3365b84-e196-42f0-9fd6-3d8a1d8dde4c"",""required"":true},{""type"":""single"",""title"":""Choice"",""choices"":[{""id"":""c71b228e-1db4-4cbe-add8-682c2f2ff432"",""label"":""Cold"",""priceDelta"":0}],""groupId"":""8090364a-6a50-4ff0-bcd6-d4f2ebb7dab3"",""required"":true}]","READY"
"c9cae3a7-4df4-46c1-b961-71f00430f2be","6c108611-5461-45c8-80d5-d0ed3169e2c6","591f5a9e-5ae2-4612-a2fb-f42a2701ee97","1","0.000000000000000000000000000000",,"[{""type"":""single"",""title"":""Sugar"",""choices"":[{""id"":""f37891d4-906e-41fd-b016-39fca6854ee6"",""label"":""Sugar"",""priceDelta"":0}],""groupId"":""06a1f88e-2888-479f-8946-109b928ad90b"",""required"":true},{""type"":""single"",""title"":""Choice"",""choices"":[{""id"":""e59338ec-03fe-46fe-a057-6ac686c1c6e9"",""label"":""Cold"",""priceDelta"":0}],""groupId"":""34bfbb80-a978-4fb3-b5b9-ef83fdd3b936"",""required"":true}]","READY"
"cb0569d2-1b49-4ebd-957f-0dc4c3b7e6d0","65693c2e-bec4-449d-abce-3cc1312ce340","bfafbe37-d3a8-4f50-9186-f70a99acb47e","2","0.000000000000000000000000000000",,"[]","READY"
"cb7298a0-ff1a-48e5-abe1-d994c7f1c828","28729ec3-1650-4b6e-a3a1-5cbe077997d3","fb8fe2c6-9c32-4bef-8fa1-43835afcc6c6","1","0.000000000000000000000000000000",,"[{""type"":""single"",""title"":""Sugar"",""choices"":[{""id"":""4fa5be53-3fb1-4f3d-a093-cf72abcb644d"",""label"":""Sugar"",""priceDelta"":0}],""groupId"":""f3365b84-e196-42f0-9fd6-3d8a1d8dde4c"",""required"":true},{""type"":""single"",""title"":""Choice"",""choices"":[{""id"":""7c6f786f-e742-41b2-9e67-48fa2fb1f7f2"",""label"":""Hot"",""priceDelta"":0}],""groupId"":""8090364a-6a50-4ff0-bcd6-d4f2ebb7dab3"",""required"":true}]","READY"
"cbc9ef7d-2763-4ac1-bb22-ed02d0e8eb7f","308c8d19-d8c0-4bb3-8efa-b6f8379a814a","7e851c95-25d4-4e97-834f-0708d32e0ed7","1","0.000000000000000000000000000000",,"[{""type"":""single"",""title"":""Sugar"",""choices"":[{""id"":""44ea2716-b9e7-4743-8cf6-74a3ecd8383b"",""label"":""No Sugar"",""priceDelta"":0}],""groupId"":""e2881883-1aaf-4a54-9986-c33e9d120289"",""required"":true},{""type"":""single"",""title"":""Option"",""choices"":[{""id"":""7f46222e-8c71-4976-887f-0de762d365c3"",""label"":""Cold"",""priceDelta"":0}],""groupId"":""72bc398e-a245-4b94-b598-446567c641b0"",""required"":true}]","READY"
"ccecf40d-8b01-4219-b108-e29fc84919eb","81fcbb08-3071-4f25-bdd7-87e54464a36f","fb8fe2c6-9c32-4bef-8fa1-43835afcc6c6","1","0.000000000000000000000000000000",,"[{""type"":""single"",""title"":""Sugar"",""choices"":[{""id"":""4fa5be53-3fb1-4f3d-a093-cf72abcb644d"",""label"":""Sugar"",""priceDelta"":0}],""groupId"":""f3365b84-e196-42f0-9fd6-3d8a1d8dde4c"",""required"":true},{""type"":""single"",""title"":""Choice"",""choices"":[{""id"":""c71b228e-1db4-4cbe-add8-682c2f2ff432"",""label"":""Cold"",""priceDelta"":0}],""groupId"":""8090364a-6a50-4ff0-bcd6-d4f2ebb7dab3"",""required"":true}]","READY"
"ccfd3e87-7c37-48e8-94dd-0bb2270f00e9","2a50ad7c-08fa-46e4-b6ba-ae869f485749","ee41b154-17a0-4f25-897c-0e34d0e9ca3b","1","0.000000000000000000000000000000",,"[{""type"":""single"",""title"":""Option"",""choices"":[{""id"":""a9c0ba9a-f944-4f5f-9c23-759a4d8930f5"",""label"":""No Sugar"",""priceDelta"":0}],""groupId"":""12b13edf-d25a-4abf-92d2-5d5b45515fb6"",""required"":true},{""type"":""single"",""title"":""Option"",""choices"":[{""id"":""7ea696b5-36dc-460e-905f-0dc05debdeb3"",""label"":""Cold"",""priceDelta"":0}],""groupId"":""f49b7c85-fcf0-43de-9f46-fdc52f0bd11a"",""required"":true}]","READY"
"cd22b11b-a260-43b2-8271-b11e0201cb0b","e7df23b5-402d-4462-a4a0-562be4fa1007","ee41b154-17a0-4f25-897c-0e34d0e9ca3b","1","0.000000000000000000000000000000",,"[{""type"":""single"",""title"":""Option"",""choices"":[{""id"":""a8530576-5d1c-4996-911a-b62cd0a6daf2"",""label"":""Sugar"",""priceDelta"":0}],""groupId"":""12b13edf-d25a-4abf-92d2-5d5b45515fb6"",""required"":true},{""type"":""single"",""title"":""Option"",""choices"":[{""id"":""7ea696b5-36dc-460e-905f-0dc05debdeb3"",""label"":""Cold"",""priceDelta"":0}],""groupId"":""f49b7c85-fcf0-43de-9f46-fdc52f0bd11a"",""required"":true}]","READY"
"cd54554f-3c26-4fd6-b4c9-1da46daaa833","dcc5b168-745f-4cd3-8854-087f6d16a17a","ee41b154-17a0-4f25-897c-0e34d0e9ca3b","1","0.000000000000000000000000000000",,"[{""type"":""single"",""title"":""Option"",""choices"":[{""id"":""a9c0ba9a-f944-4f5f-9c23-759a4d8930f5"",""label"":""No Sugar"",""priceDelta"":0}],""groupId"":""12b13edf-d25a-4abf-92d2-5d5b45515fb6"",""required"":true},{""type"":""single"",""title"":""Option"",""choices"":[{""id"":""7ea696b5-36dc-460e-905f-0dc05debdeb3"",""label"":""Cold"",""priceDelta"":0}],""groupId"":""f49b7c85-fcf0-43de-9f46-fdc52f0bd11a"",""required"":true}]","READY"
"ce5aaee1-43e3-449e-8f88-4ed1368aa67a","7604bf63-378e-4003-b13a-c5a7d90e8370","fb8fe2c6-9c32-4bef-8fa1-43835afcc6c6","1","0.000000000000000000000000000000",,"[{""type"":""single"",""title"":""Sugar"",""choices"":[{""id"":""d9af3701-1417-4c4e-84c9-b819b0629cad"",""label"":""No Sugar"",""priceDelta"":0}],""groupId"":""f3365b84-e196-42f0-9fd6-3d8a1d8dde4c"",""required"":true},{""type"":""single"",""title"":""Choice"",""choices"":[{""id"":""7c6f786f-e742-41b2-9e67-48fa2fb1f7f2"",""label"":""Hot"",""priceDelta"":0}],""groupId"":""8090364a-6a50-4ff0-bcd6-d4f2ebb7dab3"",""required"":true}]","READY"
"ce94b21d-4c2b-4962-b0d3-6054e5bec86c","66618cee-eaa3-40d3-b68a-996366eef8b3","7e851c95-25d4-4e97-834f-0708d32e0ed7","1","0.000000000000000000000000000000",,"[{""type"":""single"",""title"":""Sugar"",""choices"":[{""id"":""44ea2716-b9e7-4743-8cf6-74a3ecd8383b"",""label"":""No Sugar"",""priceDelta"":0}],""groupId"":""e2881883-1aaf-4a54-9986-c33e9d120289"",""required"":true},{""type"":""single"",""title"":""Option"",""choices"":[{""id"":""7f46222e-8c71-4976-887f-0de762d365c3"",""label"":""Cold"",""priceDelta"":0}],""groupId"":""72bc398e-a245-4b94-b598-446567c641b0"",""required"":true}]","READY"
"cec2d914-65eb-432e-ab43-24b264555f31","a85938ca-363d-4a5e-9035-4c5381abd18d","ee41b154-17a0-4f25-897c-0e34d0e9ca3b","1","0.000000000000000000000000000000",,"[{""type"":""single"",""title"":""Option"",""choices"":[{""id"":""a9c0ba9a-f944-4f5f-9c23-759a4d8930f5"",""label"":""No Sugar"",""priceDelta"":0}],""groupId"":""12b13edf-d25a-4abf-92d2-5d5b45515fb6"",""required"":true},{""type"":""single"",""title"":""Option"",""choices"":[{""id"":""7ea696b5-36dc-460e-905f-0dc05debdeb3"",""label"":""Cold"",""priceDelta"":0}],""groupId"":""f49b7c85-fcf0-43de-9f46-fdc52f0bd11a"",""required"":true}]","READY"
"cede32be-e06d-459e-a46a-30ba8ed3cef5","bf8f6659-67e5-4d49-8245-29d19dc96132","fb8fe2c6-9c32-4bef-8fa1-43835afcc6c6","1","0.000000000000000000000000000000",,"[{""type"":""single"",""title"":""Sugar"",""choices"":[{""id"":""d9af3701-1417-4c4e-84c9-b819b0629cad"",""label"":""No Sugar"",""priceDelta"":0}],""groupId"":""f3365b84-e196-42f0-9fd6-3d8a1d8dde4c"",""required"":true},{""type"":""single"",""title"":""Choice"",""choices"":[{""id"":""7c6f786f-e742-41b2-9e67-48fa2fb1f7f2"",""label"":""Hot"",""priceDelta"":0}],""groupId"":""8090364a-6a50-4ff0-bcd6-d4f2ebb7dab3"",""required"":true}]","READY"
"d023c506-5079-46f3-b72b-dcca8f5f7273","1e5ab796-b288-4512-9f0b-ea4fd2a2eff8","ee41b154-17a0-4f25-897c-0e34d0e9ca3b","1","0.000000000000000000000000000000",,"[{""type"":""single"",""title"":""Option"",""choices"":[{""id"":""a9c0ba9a-f944-4f5f-9c23-759a4d8930f5"",""label"":""No Sugar"",""priceDelta"":0}],""groupId"":""12b13edf-d25a-4abf-92d2-5d5b45515fb6"",""required"":true},{""type"":""single"",""title"":""Option"",""choices"":[{""id"":""7ea696b5-36dc-460e-905f-0dc05debdeb3"",""label"":""Cold"",""priceDelta"":0}],""groupId"":""f49b7c85-fcf0-43de-9f46-fdc52f0bd11a"",""required"":true}]","READY"
"d060181a-978e-4ba8-ab96-c316f7189ead","3bd1934e-2fce-4767-9e68-5f3d40460532","bfafbe37-d3a8-4f50-9186-f70a99acb47e","1","0.000000000000000000000000000000",,"[]","READY"
"d0b8bcca-bed3-44dc-9f53-f7de77918be1","dd96798f-f538-4011-9d3e-037d85c8f94a","591f5a9e-5ae2-4612-a2fb-f42a2701ee97","1","0.000000000000000000000000000000",,"[{""type"":""single"",""title"":""Sugar"",""choices"":[{""id"":""f37891d4-906e-41fd-b016-39fca6854ee6"",""label"":""Sugar"",""priceDelta"":0}],""groupId"":""06a1f88e-2888-479f-8946-109b928ad90b"",""required"":true},{""type"":""single"",""title"":""Choice"",""choices"":[{""id"":""e59338ec-03fe-46fe-a057-6ac686c1c6e9"",""label"":""Cold"",""priceDelta"":0}],""groupId"":""34bfbb80-a978-4fb3-b5b9-ef83fdd3b936"",""required"":true}]","READY"
"d27ed8a8-95dc-42db-846f-e42cdcb5698a","8021d27d-304b-4fb9-8cb9-29647be8bc4a","fb8fe2c6-9c32-4bef-8fa1-43835afcc6c6","2","0.000000000000000000000000000000",,"[{""type"":""single"",""title"":""Sugar"",""choices"":[{""id"":""d9af3701-1417-4c4e-84c9-b819b0629cad"",""label"":""No Sugar"",""priceDelta"":0}],""groupId"":""f3365b84-e196-42f0-9fd6-3d8a1d8dde4c"",""required"":true},{""type"":""single"",""title"":""Choice"",""choices"":[{""id"":""c71b228e-1db4-4cbe-add8-682c2f2ff432"",""label"":""Cold"",""priceDelta"":0}],""groupId"":""8090364a-6a50-4ff0-bcd6-d4f2ebb7dab3"",""required"":true}]","READY"
"d44cdf2b-2282-4944-9472-88141c89f6f6","c5bf4776-d035-4a55-b64e-180e0b69e629","591f5a9e-5ae2-4612-a2fb-f42a2701ee97","1","0.000000000000000000000000000000",,"[{""type"":""single"",""title"":""Sugar"",""choices"":[{""id"":""f37891d4-906e-41fd-b016-39fca6854ee6"",""label"":""Sugar"",""priceDelta"":0}],""groupId"":""06a1f88e-2888-479f-8946-109b928ad90b"",""required"":true},{""type"":""single"",""title"":""Choice"",""choices"":[{""id"":""74279e17-917e-4369-9d70-b782add81b27"",""label"":""Hot"",""priceDelta"":0}],""groupId"":""34bfbb80-a978-4fb3-b5b9-ef83fdd3b936"",""required"":true}]","READY"
"d49af39b-7db6-4b58-b6de-2c44ce657942","9bbee5d6-064e-4041-bfc7-0d15493ebe0a","fb8fe2c6-9c32-4bef-8fa1-43835afcc6c6","1","0.000000000000000000000000000000",,"[{""type"":""single"",""title"":""Sugar"",""choices"":[{""id"":""d9af3701-1417-4c4e-84c9-b819b0629cad"",""label"":""No Sugar"",""priceDelta"":0}],""groupId"":""f3365b84-e196-42f0-9fd6-3d8a1d8dde4c"",""required"":true},{""type"":""single"",""title"":""Choice"",""choices"":[{""id"":""c71b228e-1db4-4cbe-add8-682c2f2ff432"",""label"":""Cold"",""priceDelta"":0}],""groupId"":""8090364a-6a50-4ff0-bcd6-d4f2ebb7dab3"",""required"":true}]","READY"
"d49fa73c-a043-4ea9-bffa-173c711c787d","72534c6c-42cf-4fe5-8c93-9ae455bf9aa1","fb8fe2c6-9c32-4bef-8fa1-43835afcc6c6","1","0.000000000000000000000000000000",,"[{""type"":""single"",""title"":""Sugar"",""choices"":[{""id"":""d9af3701-1417-4c4e-84c9-b819b0629cad"",""label"":""No Sugar"",""priceDelta"":0}],""groupId"":""f3365b84-e196-42f0-9fd6-3d8a1d8dde4c"",""required"":true},{""type"":""single"",""title"":""Choice"",""choices"":[{""id"":""c71b228e-1db4-4cbe-add8-682c2f2ff432"",""label"":""Cold"",""priceDelta"":0}],""groupId"":""8090364a-6a50-4ff0-bcd6-d4f2ebb7dab3"",""required"":true}]","READY"
"d4a62c1b-e388-47b4-894b-00ef04878d48","b475d3f2-0d5d-4d91-bf1d-0e175f7f7302","fb8fe2c6-9c32-4bef-8fa1-43835afcc6c6","2","0.000000000000000000000000000000",,"[{""type"":""single"",""title"":""Sugar"",""choices"":[{""id"":""4fa5be53-3fb1-4f3d-a093-cf72abcb644d"",""label"":""Sugar"",""priceDelta"":0}],""groupId"":""f3365b84-e196-42f0-9fd6-3d8a1d8dde4c"",""required"":true},{""type"":""single"",""title"":""Choice"",""choices"":[{""id"":""7c6f786f-e742-41b2-9e67-48fa2fb1f7f2"",""label"":""Hot"",""priceDelta"":0}],""groupId"":""8090364a-6a50-4ff0-bcd6-d4f2ebb7dab3"",""required"":true}]","READY"
"d4ef0394-4c66-4e46-9928-b121efb7b73a","5ae7bc8e-957e-420f-acf4-c00f811fbbe6","fb8fe2c6-9c32-4bef-8fa1-43835afcc6c6","1","0.000000000000000000000000000000",,"[{""type"":""single"",""title"":""Sugar"",""choices"":[{""id"":""d9af3701-1417-4c4e-84c9-b819b0629cad"",""label"":""No Sugar"",""priceDelta"":0}],""groupId"":""f3365b84-e196-42f0-9fd6-3d8a1d8dde4c"",""required"":true},{""type"":""single"",""title"":""Choice"",""choices"":[{""id"":""c71b228e-1db4-4cbe-add8-682c2f2ff432"",""label"":""Cold"",""priceDelta"":0}],""groupId"":""8090364a-6a50-4ff0-bcd6-d4f2ebb7dab3"",""required"":true}]","READY"
"d4f4db92-3f83-424f-bcf8-32495514d2bf","89f42c2a-aaa7-4c5a-b963-d48cccf6c846","fb8fe2c6-9c32-4bef-8fa1-43835afcc6c6","1","0.000000000000000000000000000000",,"[{""type"":""single"",""title"":""Sugar"",""choices"":[{""id"":""d9af3701-1417-4c4e-84c9-b819b0629cad"",""label"":""No Sugar"",""priceDelta"":0}],""groupId"":""f3365b84-e196-42f0-9fd6-3d8a1d8dde4c"",""required"":true},{""type"":""single"",""title"":""Choice"",""choices"":[{""id"":""c71b228e-1db4-4cbe-add8-682c2f2ff432"",""label"":""Cold"",""priceDelta"":0}],""groupId"":""8090364a-6a50-4ff0-bcd6-d4f2ebb7dab3"",""required"":true}]","READY"
"d5544672-efd9-4e14-8c17-81844eab9b18","131d950d-ff64-4125-8584-e8e48c476390","591f5a9e-5ae2-4612-a2fb-f42a2701ee97","1","0.000000000000000000000000000000",,"[{""type"":""single"",""title"":""Sugar"",""choices"":[{""id"":""05361b04-9e88-4bae-a48a-8dabaef4a8d2"",""label"":""No Sugar"",""priceDelta"":0}],""groupId"":""06a1f88e-2888-479f-8946-109b928ad90b"",""required"":true},{""type"":""single"",""title"":""Choice"",""choices"":[{""id"":""74279e17-917e-4369-9d70-b782add81b27"",""label"":""Hot"",""priceDelta"":0}],""groupId"":""34bfbb80-a978-4fb3-b5b9-ef83fdd3b936"",""required"":true}]","READY"
"d55db9f7-139b-4d49-b684-82f11ddb8ee3","3e7da0ee-b2c3-4334-bd36-76658f7e487f","fb8fe2c6-9c32-4bef-8fa1-43835afcc6c6","1","0.000000000000000000000000000000",,"[{""type"":""single"",""title"":""Sugar"",""choices"":[{""id"":""4fa5be53-3fb1-4f3d-a093-cf72abcb644d"",""label"":""Sugar"",""priceDelta"":0}],""groupId"":""f3365b84-e196-42f0-9fd6-3d8a1d8dde4c"",""required"":true},{""type"":""single"",""title"":""Choice"",""choices"":[{""id"":""c71b228e-1db4-4cbe-add8-682c2f2ff432"",""label"":""Cold"",""priceDelta"":0}],""groupId"":""8090364a-6a50-4ff0-bcd6-d4f2ebb7dab3"",""required"":true}]","READY"
"d55ec120-ab01-4aed-a7ff-e6c69c4b2efa","145d7d8f-ba8f-481a-a6c7-274bc4cbdcf1","591f5a9e-5ae2-4612-a2fb-f42a2701ee97","1","0.000000000000000000000000000000",,"[{""type"":""single"",""title"":""Sugar"",""choices"":[{""id"":""f37891d4-906e-41fd-b016-39fca6854ee6"",""label"":""Sugar"",""priceDelta"":0}],""groupId"":""06a1f88e-2888-479f-8946-109b928ad90b"",""required"":true},{""type"":""single"",""title"":""Choice"",""choices"":[{""id"":""e59338ec-03fe-46fe-a057-6ac686c1c6e9"",""label"":""Cold"",""priceDelta"":0}],""groupId"":""34bfbb80-a978-4fb3-b5b9-ef83fdd3b936"",""required"":true}]","READY"
"d6b5f695-eca0-4bf4-9bda-45c7cc2e9c21","ef027653-db73-44f1-84bf-e40f2bdc1a0a","ee41b154-17a0-4f25-897c-0e34d0e9ca3b","1","0.000000000000000000000000000000",,"[{""type"":""single"",""title"":""Option"",""choices"":[{""id"":""a9c0ba9a-f944-4f5f-9c23-759a4d8930f5"",""label"":""No Sugar"",""priceDelta"":0}],""groupId"":""12b13edf-d25a-4abf-92d2-5d5b45515fb6"",""required"":true},{""type"":""single"",""title"":""Option"",""choices"":[{""id"":""7ea696b5-36dc-460e-905f-0dc05debdeb3"",""label"":""Cold"",""priceDelta"":0}],""groupId"":""f49b7c85-fcf0-43de-9f46-fdc52f0bd11a"",""required"":true}]","READY"
"d745598a-f3f2-4ef7-b21c-aa01d45cf5e9","6285e579-228d-4118-bbb2-a71b21ddc7f2","591f5a9e-5ae2-4612-a2fb-f42a2701ee97","1","0.000000000000000000000000000000",,"[{""type"":""single"",""title"":""Sugar"",""choices"":[{""id"":""05361b04-9e88-4bae-a48a-8dabaef4a8d2"",""label"":""No Sugar"",""priceDelta"":0}],""groupId"":""06a1f88e-2888-479f-8946-109b928ad90b"",""required"":true},{""type"":""single"",""title"":""Choice"",""choices"":[{""id"":""e59338ec-03fe-46fe-a057-6ac686c1c6e9"",""label"":""Cold"",""priceDelta"":0}],""groupId"":""34bfbb80-a978-4fb3-b5b9-ef83fdd3b936"",""required"":true}]","READY"
"d77025bc-11eb-4c40-986c-b785c1370866","62c88d88-7286-4f5a-b8c0-c1b6f3993458","fb8fe2c6-9c32-4bef-8fa1-43835afcc6c6","1","0.000000000000000000000000000000",,"[{""type"":""single"",""title"":""Sugar"",""choices"":[{""id"":""4fa5be53-3fb1-4f3d-a093-cf72abcb644d"",""label"":""Sugar"",""priceDelta"":0}],""groupId"":""f3365b84-e196-42f0-9fd6-3d8a1d8dde4c"",""required"":true},{""type"":""single"",""title"":""Choice"",""choices"":[{""id"":""c71b228e-1db4-4cbe-add8-682c2f2ff432"",""label"":""Cold"",""priceDelta"":0}],""groupId"":""8090364a-6a50-4ff0-bcd6-d4f2ebb7dab3"",""required"":true}]","READY"
"d795c913-aa9a-4ae8-a1fe-82c4e751ec36","4507a608-4f30-4c6b-93ae-2d08174f7df2","fb8fe2c6-9c32-4bef-8fa1-43835afcc6c6","1","0.000000000000000000000000000000",,"[{""type"":""single"",""title"":""Sugar"",""choices"":[{""id"":""d9af3701-1417-4c4e-84c9-b819b0629cad"",""label"":""No Sugar"",""priceDelta"":0}],""groupId"":""f3365b84-e196-42f0-9fd6-3d8a1d8dde4c"",""required"":true},{""type"":""single"",""title"":""Choice"",""choices"":[{""id"":""7c6f786f-e742-41b2-9e67-48fa2fb1f7f2"",""label"":""Hot"",""priceDelta"":0}],""groupId"":""8090364a-6a50-4ff0-bcd6-d4f2ebb7dab3"",""required"":true}]","READY"
"d8059c33-219e-4ac4-aff6-50dd06ac0e67","cb6f0004-9f7c-40e3-b263-50107cb75cc6","fb8fe2c6-9c32-4bef-8fa1-43835afcc6c6","1","0.000000000000000000000000000000",,"[{""type"":""single"",""title"":""Sugar"",""choices"":[{""id"":""d9af3701-1417-4c4e-84c9-b819b0629cad"",""label"":""No Sugar"",""priceDelta"":0}],""groupId"":""f3365b84-e196-42f0-9fd6-3d8a1d8dde4c"",""required"":true},{""type"":""single"",""title"":""Choice"",""choices"":[{""id"":""7c6f786f-e742-41b2-9e67-48fa2fb1f7f2"",""label"":""Hot"",""priceDelta"":0}],""groupId"":""8090364a-6a50-4ff0-bcd6-d4f2ebb7dab3"",""required"":true}]","READY"
"d8321bf1-eefb-4aa1-aeb5-bd91ce93a098","69589172-0bfa-4f81-8d5b-06951673df7e","bfafbe37-d3a8-4f50-9186-f70a99acb47e","1","0.000000000000000000000000000000",,"[]","READY"
"d84d455f-e901-49bc-b002-edd084b42f86","3760f9ec-7f7d-4286-9a2d-0eb536f5cb62","591f5a9e-5ae2-4612-a2fb-f42a2701ee97","1","0.000000000000000000000000000000",,"[{""type"":""single"",""title"":""Sugar"",""choices"":[{""id"":""f37891d4-906e-41fd-b016-39fca6854ee6"",""label"":""Sugar"",""priceDelta"":0}],""groupId"":""06a1f88e-2888-479f-8946-109b928ad90b"",""required"":true},{""type"":""single"",""title"":""Choice"",""choices"":[{""id"":""e59338ec-03fe-46fe-a057-6ac686c1c6e9"",""label"":""Cold"",""priceDelta"":0}],""groupId"":""34bfbb80-a978-4fb3-b5b9-ef83fdd3b936"",""required"":true}]","READY"
"d940b8b0-f26f-4eee-bac0-423973999ecd","e96f3b65-4990-4255-9be2-5bd1caf4e7ee","591f5a9e-5ae2-4612-a2fb-f42a2701ee97","1","0.000000000000000000000000000000",,"[{""type"":""single"",""title"":""Sugar"",""choices"":[{""id"":""05361b04-9e88-4bae-a48a-8dabaef4a8d2"",""label"":""No Sugar"",""priceDelta"":0}],""groupId"":""06a1f88e-2888-479f-8946-109b928ad90b"",""required"":true},{""type"":""single"",""title"":""Choice"",""choices"":[{""id"":""e59338ec-03fe-46fe-a057-6ac686c1c6e9"",""label"":""Cold"",""priceDelta"":0}],""groupId"":""34bfbb80-a978-4fb3-b5b9-ef83fdd3b936"",""required"":true}]","READY"
"da5572ca-2862-4b0d-800c-7d0e2c9bf8fc","2cbe4f80-2b40-4936-b67c-73e5b9c6dae7","ee41b154-17a0-4f25-897c-0e34d0e9ca3b","1","0.000000000000000000000000000000",,"[{""type"":""single"",""title"":""Option"",""choices"":[{""id"":""a8530576-5d1c-4996-911a-b62cd0a6daf2"",""label"":""Sugar"",""priceDelta"":0}],""groupId"":""12b13edf-d25a-4abf-92d2-5d5b45515fb6"",""required"":true},{""type"":""single"",""title"":""Option"",""choices"":[{""id"":""7ea696b5-36dc-460e-905f-0dc05debdeb3"",""label"":""Cold"",""priceDelta"":0}],""groupId"":""f49b7c85-fcf0-43de-9f46-fdc52f0bd11a"",""required"":true}]","READY"
"dab79fd0-18ee-4c78-9273-f31e60662ed1","9c656b0c-eee7-4a2b-b835-aac8f2f36a4a","591f5a9e-5ae2-4612-a2fb-f42a2701ee97","1","0.000000000000000000000000000000",,"[{""type"":""single"",""title"":""Sugar"",""choices"":[{""id"":""f37891d4-906e-41fd-b016-39fca6854ee6"",""label"":""Sugar"",""priceDelta"":0}],""groupId"":""06a1f88e-2888-479f-8946-109b928ad90b"",""required"":true},{""type"":""single"",""title"":""Choice"",""choices"":[{""id"":""e59338ec-03fe-46fe-a057-6ac686c1c6e9"",""label"":""Cold"",""priceDelta"":0}],""groupId"":""34bfbb80-a978-4fb3-b5b9-ef83fdd3b936"",""required"":true}]","READY"
"dada9a8c-97c5-4d50-a2a1-9717cd149b09","d5f60d41-b2f5-4b85-9e99-ac5cd05e1e8f","7e851c95-25d4-4e97-834f-0708d32e0ed7","1","0.000000000000000000000000000000",,"[{""type"":""single"",""title"":""Sugar"",""choices"":[{""id"":""44ea2716-b9e7-4743-8cf6-74a3ecd8383b"",""label"":""No Sugar"",""priceDelta"":0}],""groupId"":""e2881883-1aaf-4a54-9986-c33e9d120289"",""required"":true},{""type"":""single"",""title"":""Option"",""choices"":[{""id"":""fd1f3359-6e52-48ac-b711-674b0d4e1099"",""label"":""Hot"",""priceDelta"":0}],""groupId"":""72bc398e-a245-4b94-b598-446567c641b0"",""required"":true}]","READY"
"db0cedf0-ebd8-404a-ae4e-3d9b5c4847ff","3adac2d7-4fe5-41f9-b703-51fd843987ee","7e851c95-25d4-4e97-834f-0708d32e0ed7","1","0.000000000000000000000000000000",,"[{""type"":""single"",""title"":""Sugar"",""choices"":[{""id"":""44ea2716-b9e7-4743-8cf6-74a3ecd8383b"",""label"":""No Sugar"",""priceDelta"":0}],""groupId"":""e2881883-1aaf-4a54-9986-c33e9d120289"",""required"":true},{""type"":""single"",""title"":""Option"",""choices"":[{""id"":""7f46222e-8c71-4976-887f-0de762d365c3"",""label"":""Cold"",""priceDelta"":0}],""groupId"":""72bc398e-a245-4b94-b598-446567c641b0"",""required"":true}]","READY"
"db2d1c43-56d8-4dd7-9103-3ea3b8cc8935","806d47f2-4289-4ef0-90d6-62879034109f","ee41b154-17a0-4f25-897c-0e34d0e9ca3b","1","0.000000000000000000000000000000",,"[{""type"":""single"",""title"":""Option"",""choices"":[{""id"":""a9c0ba9a-f944-4f5f-9c23-759a4d8930f5"",""label"":""No Sugar"",""priceDelta"":0}],""groupId"":""12b13edf-d25a-4abf-92d2-5d5b45515fb6"",""required"":true},{""type"":""single"",""title"":""Option"",""choices"":[{""id"":""7ea696b5-36dc-460e-905f-0dc05debdeb3"",""label"":""Cold"",""priceDelta"":0}],""groupId"":""f49b7c85-fcf0-43de-9f46-fdc52f0bd11a"",""required"":true}]","READY"
"dba1c366-7dd5-4af1-ac30-11be5944eb46","bbbff3d2-156a-4330-8ca8-849e3b648fe7","ee41b154-17a0-4f25-897c-0e34d0e9ca3b","1","0.000000000000000000000000000000",,"[{""type"":""single"",""title"":""Option"",""choices"":[{""id"":""a8530576-5d1c-4996-911a-b62cd0a6daf2"",""label"":""Sugar"",""priceDelta"":0}],""groupId"":""12b13edf-d25a-4abf-92d2-5d5b45515fb6"",""required"":true},{""type"":""single"",""title"":""Option"",""choices"":[{""id"":""7ea696b5-36dc-460e-905f-0dc05debdeb3"",""label"":""Cold"",""priceDelta"":0}],""groupId"":""f49b7c85-fcf0-43de-9f46-fdc52f0bd11a"",""required"":true}]","READY"
"dbc606a6-a230-42bb-a549-0807208b8786","0485542a-6e22-49ca-b83f-6e98f0a2c15b","ee41b154-17a0-4f25-897c-0e34d0e9ca3b","1","0.000000000000000000000000000000",,"[{""type"":""single"",""title"":""Option"",""choices"":[{""id"":""a8530576-5d1c-4996-911a-b62cd0a6daf2"",""label"":""Sugar"",""priceDelta"":0}],""groupId"":""12b13edf-d25a-4abf-92d2-5d5b45515fb6"",""required"":true},{""type"":""single"",""title"":""Option"",""choices"":[{""id"":""7ea696b5-36dc-460e-905f-0dc05debdeb3"",""label"":""Cold"",""priceDelta"":0}],""groupId"":""f49b7c85-fcf0-43de-9f46-fdc52f0bd11a"",""required"":true}]","READY"
"dbd69a1f-963b-41dc-9f54-e6bcb90e9b46","524e2eb7-5550-470c-8579-6027bcc9d8e6","fb8fe2c6-9c32-4bef-8fa1-43835afcc6c6","1","0.000000000000000000000000000000",,"[{""type"":""single"",""title"":""Sugar"",""choices"":[{""id"":""d9af3701-1417-4c4e-84c9-b819b0629cad"",""label"":""No Sugar"",""priceDelta"":0}],""groupId"":""f3365b84-e196-42f0-9fd6-3d8a1d8dde4c"",""required"":true},{""type"":""single"",""title"":""Choice"",""choices"":[{""id"":""c71b228e-1db4-4cbe-add8-682c2f2ff432"",""label"":""Cold"",""priceDelta"":0}],""groupId"":""8090364a-6a50-4ff0-bcd6-d4f2ebb7dab3"",""required"":true}]","READY"
"dc178f64-18a1-46d2-a93c-686b72f87e6d","5bd53e52-2f12-47b1-8630-8338e2c3b811","591f5a9e-5ae2-4612-a2fb-f42a2701ee97","2","0.000000000000000000000000000000",,"[{""type"":""single"",""title"":""Sugar"",""choices"":[{""id"":""f37891d4-906e-41fd-b016-39fca6854ee6"",""label"":""Sugar"",""priceDelta"":0}],""groupId"":""06a1f88e-2888-479f-8946-109b928ad90b"",""required"":true},{""type"":""single"",""title"":""Choice"",""choices"":[{""id"":""e59338ec-03fe-46fe-a057-6ac686c1c6e9"",""label"":""Cold"",""priceDelta"":0}],""groupId"":""34bfbb80-a978-4fb3-b5b9-ef83fdd3b936"",""required"":true}]","READY"
"dc787584-acf2-4461-8a50-b9732bc47bcf","08eddf17-a512-4579-83a5-f7414a84a528","7e851c95-25d4-4e97-834f-0708d32e0ed7","2","0.000000000000000000000000000000",,"[{""type"":""single"",""title"":""Sugar"",""choices"":[{""id"":""44ea2716-b9e7-4743-8cf6-74a3ecd8383b"",""label"":""No Sugar"",""priceDelta"":0}],""groupId"":""e2881883-1aaf-4a54-9986-c33e9d120289"",""required"":true},{""type"":""single"",""title"":""Option"",""choices"":[{""id"":""7f46222e-8c71-4976-887f-0de762d365c3"",""label"":""Cold"",""priceDelta"":0}],""groupId"":""72bc398e-a245-4b94-b598-446567c641b0"",""required"":true}]","READY"
"dcc83b99-c12c-4c0d-a189-98d1cdaddc18","88f1f963-de5b-40c1-936b-43107a245ff7","7e851c95-25d4-4e97-834f-0708d32e0ed7","1","0.000000000000000000000000000000",,"[{""type"":""single"",""title"":""Sugar"",""choices"":[{""id"":""44ea2716-b9e7-4743-8cf6-74a3ecd8383b"",""label"":""No Sugar"",""priceDelta"":0}],""groupId"":""e2881883-1aaf-4a54-9986-c33e9d120289"",""required"":true},{""type"":""single"",""title"":""Option"",""choices"":[{""id"":""7f46222e-8c71-4976-887f-0de762d365c3"",""label"":""Cold"",""priceDelta"":0}],""groupId"":""72bc398e-a245-4b94-b598-446567c641b0"",""required"":true}]","READY"
"dd1c5b24-025a-4a29-93ab-50cbf70f7b77","00c9e6e5-0661-402e-bd1e-6ffee2d23ff8","ee41b154-17a0-4f25-897c-0e34d0e9ca3b","1","0.000000000000000000000000000000",,"[{""type"":""single"",""title"":""Option"",""choices"":[{""id"":""a8530576-5d1c-4996-911a-b62cd0a6daf2"",""label"":""Sugar"",""priceDelta"":0}],""groupId"":""12b13edf-d25a-4abf-92d2-5d5b45515fb6"",""required"":true},{""type"":""single"",""title"":""Option"",""choices"":[{""id"":""7ea696b5-36dc-460e-905f-0dc05debdeb3"",""label"":""Cold"",""priceDelta"":0}],""groupId"":""f49b7c85-fcf0-43de-9f46-fdc52f0bd11a"",""required"":true}]","READY"
"de251521-5962-451a-b310-29e39e1d1d19","a46d93b0-8f9d-4ed6-82b7-f5b5da680a25","fb8fe2c6-9c32-4bef-8fa1-43835afcc6c6","1","0.000000000000000000000000000000",,"[{""type"":""single"",""title"":""Sugar"",""choices"":[{""id"":""4fa5be53-3fb1-4f3d-a093-cf72abcb644d"",""label"":""Sugar"",""priceDelta"":0}],""groupId"":""f3365b84-e196-42f0-9fd6-3d8a1d8dde4c"",""required"":true},{""type"":""single"",""title"":""Choice"",""choices"":[{""id"":""c71b228e-1db4-4cbe-add8-682c2f2ff432"",""label"":""Cold"",""priceDelta"":0}],""groupId"":""8090364a-6a50-4ff0-bcd6-d4f2ebb7dab3"",""required"":true}]","READY"
"deb2b80e-63b5-47e4-86a7-d8b6a62cb6d0","5cff4d88-df8b-4e04-b157-5b88a109702f","bfafbe37-d3a8-4f50-9186-f70a99acb47e","1","0.000000000000000000000000000000",,"[]","READY"
"dee94036-0c28-41b7-8475-1f0351806407","ef3e5cab-56a9-464d-b857-de3dc4fd172b","bfafbe37-d3a8-4f50-9186-f70a99acb47e","1","0.000000000000000000000000000000","Less ice less sugar","[]","READY"
"dfc6357e-923f-4afa-81f4-a1c2c805a6dc","b6e9ca6b-a5ee-4abc-86df-0c06f3a2c309","fb8fe2c6-9c32-4bef-8fa1-43835afcc6c6","1","0.000000000000000000000000000000",,"[{""type"":""single"",""title"":""Sugar"",""choices"":[{""id"":""4fa5be53-3fb1-4f3d-a093-cf72abcb644d"",""label"":""Sugar"",""priceDelta"":0}],""groupId"":""f3365b84-e196-42f0-9fd6-3d8a1d8dde4c"",""required"":true},{""type"":""single"",""title"":""Choice"",""choices"":[{""id"":""7c6f786f-e742-41b2-9e67-48fa2fb1f7f2"",""label"":""Hot"",""priceDelta"":0}],""groupId"":""8090364a-6a50-4ff0-bcd6-d4f2ebb7dab3"",""required"":true}]","READY"
"dfcd4b5e-973a-460c-9f53-b8848e1a88e3","a49be139-f21b-4145-a028-bfcc7013250f","fb8fe2c6-9c32-4bef-8fa1-43835afcc6c6","1","0.000000000000000000000000000000",,"[{""type"":""single"",""title"":""Sugar"",""choices"":[{""id"":""4fa5be53-3fb1-4f3d-a093-cf72abcb644d"",""label"":""Sugar"",""priceDelta"":0}],""groupId"":""f3365b84-e196-42f0-9fd6-3d8a1d8dde4c"",""required"":true},{""type"":""single"",""title"":""Choice"",""choices"":[{""id"":""c71b228e-1db4-4cbe-add8-682c2f2ff432"",""label"":""Cold"",""priceDelta"":0}],""groupId"":""8090364a-6a50-4ff0-bcd6-d4f2ebb7dab3"",""required"":true}]","READY"
"dfdf88dc-170b-412f-8b69-e94153af72d6","572071ea-d775-479a-a44b-75d880c3d015","ee41b154-17a0-4f25-897c-0e34d0e9ca3b","1","0.000000000000000000000000000000",,"[{""type"":""single"",""title"":""Option"",""choices"":[{""id"":""a9c0ba9a-f944-4f5f-9c23-759a4d8930f5"",""label"":""No Sugar"",""priceDelta"":0}],""groupId"":""12b13edf-d25a-4abf-92d2-5d5b45515fb6"",""required"":true},{""type"":""single"",""title"":""Option"",""choices"":[{""id"":""7ea696b5-36dc-460e-905f-0dc05debdeb3"",""label"":""Cold"",""priceDelta"":0}],""groupId"":""f49b7c85-fcf0-43de-9f46-fdc52f0bd11a"",""required"":true}]","READY"
"e0f2e64a-b828-4733-946f-715366f16474","61356d47-db82-4d3d-bc3e-a19519b93e7b","fb8fe2c6-9c32-4bef-8fa1-43835afcc6c6","2","0.000000000000000000000000000000",,"[{""type"":""single"",""title"":""Sugar"",""choices"":[{""id"":""d9af3701-1417-4c4e-84c9-b819b0629cad"",""label"":""No Sugar"",""priceDelta"":0}],""groupId"":""f3365b84-e196-42f0-9fd6-3d8a1d8dde4c"",""required"":true},{""type"":""single"",""title"":""Choice"",""choices"":[{""id"":""c71b228e-1db4-4cbe-add8-682c2f2ff432"",""label"":""Cold"",""priceDelta"":0}],""groupId"":""8090364a-6a50-4ff0-bcd6-d4f2ebb7dab3"",""required"":true}]","READY"
"e0f43b4f-0363-41f2-bea7-a81d7d935f8a","b5805854-16b4-4bc4-b473-1bd40338c8c3","ee41b154-17a0-4f25-897c-0e34d0e9ca3b","1","0.000000000000000000000000000000",,"[{""type"":""single"",""title"":""Option"",""choices"":[{""id"":""a8530576-5d1c-4996-911a-b62cd0a6daf2"",""label"":""Sugar"",""priceDelta"":0}],""groupId"":""12b13edf-d25a-4abf-92d2-5d5b45515fb6"",""required"":true},{""type"":""single"",""title"":""Option"",""choices"":[{""id"":""7ea696b5-36dc-460e-905f-0dc05debdeb3"",""label"":""Cold"",""priceDelta"":0}],""groupId"":""f49b7c85-fcf0-43de-9f46-fdc52f0bd11a"",""required"":true}]","READY"
"e10e1643-fd44-4299-babd-24d6b8b57b02","ec2616ab-8acf-41be-8bc1-91a1cf22bc00","591f5a9e-5ae2-4612-a2fb-f42a2701ee97","1","0.000000000000000000000000000000",,"[{""type"":""single"",""title"":""Sugar"",""choices"":[{""id"":""05361b04-9e88-4bae-a48a-8dabaef4a8d2"",""label"":""No Sugar"",""priceDelta"":0}],""groupId"":""06a1f88e-2888-479f-8946-109b928ad90b"",""required"":true},{""type"":""single"",""title"":""Choice"",""choices"":[{""id"":""e59338ec-03fe-46fe-a057-6ac686c1c6e9"",""label"":""Cold"",""priceDelta"":0}],""groupId"":""34bfbb80-a978-4fb3-b5b9-ef83fdd3b936"",""required"":true}]","READY"
"e19b703e-58f6-4f5d-b16c-e19118acb95f","a4cfa8a0-7f5f-4e04-912c-4641bd91b295","ee41b154-17a0-4f25-897c-0e34d0e9ca3b","1","0.000000000000000000000000000000",,"[{""type"":""single"",""title"":""Option"",""choices"":[{""id"":""a8530576-5d1c-4996-911a-b62cd0a6daf2"",""label"":""Sugar"",""priceDelta"":0}],""groupId"":""12b13edf-d25a-4abf-92d2-5d5b45515fb6"",""required"":true},{""type"":""single"",""title"":""Option"",""choices"":[{""id"":""7ea696b5-36dc-460e-905f-0dc05debdeb3"",""label"":""Cold"",""priceDelta"":0}],""groupId"":""f49b7c85-fcf0-43de-9f46-fdc52f0bd11a"",""required"":true}]","READY"
"e2c0d6da-daac-4107-9169-503a9050a952","b28508cf-b3ac-4e3d-b60c-6ce0fdacfe44","fb8fe2c6-9c32-4bef-8fa1-43835afcc6c6","1","0.000000000000000000000000000000",,"[{""type"":""single"",""title"":""Sugar"",""choices"":[{""id"":""d9af3701-1417-4c4e-84c9-b819b0629cad"",""label"":""No Sugar"",""priceDelta"":0}],""groupId"":""f3365b84-e196-42f0-9fd6-3d8a1d8dde4c"",""required"":true},{""type"":""single"",""title"":""Choice"",""choices"":[{""id"":""c71b228e-1db4-4cbe-add8-682c2f2ff432"",""label"":""Cold"",""priceDelta"":0}],""groupId"":""8090364a-6a50-4ff0-bcd6-d4f2ebb7dab3"",""required"":true}]","READY"
"e306c77d-6a5c-4f01-84a2-89d4b051325f","3ea5e2d7-c558-4c7a-9876-0c19197f7ca9","fb8fe2c6-9c32-4bef-8fa1-43835afcc6c6","1","0.000000000000000000000000000000",,"[{""type"":""single"",""title"":""Sugar"",""choices"":[{""id"":""4fa5be53-3fb1-4f3d-a093-cf72abcb644d"",""label"":""Sugar"",""priceDelta"":0}],""groupId"":""f3365b84-e196-42f0-9fd6-3d8a1d8dde4c"",""required"":true},{""type"":""single"",""title"":""Choice"",""choices"":[{""id"":""7c6f786f-e742-41b2-9e67-48fa2fb1f7f2"",""label"":""Hot"",""priceDelta"":0}],""groupId"":""8090364a-6a50-4ff0-bcd6-d4f2ebb7dab3"",""required"":true}]","READY"
"e3f2882a-0efb-4170-a133-8af841e3b68a","898db756-bd5f-4a71-868f-c373bd637743","ee41b154-17a0-4f25-897c-0e34d0e9ca3b","1","0.000000000000000000000000000000",,"[{""type"":""single"",""title"":""Option"",""choices"":[{""id"":""a8530576-5d1c-4996-911a-b62cd0a6daf2"",""label"":""Sugar"",""priceDelta"":0}],""groupId"":""12b13edf-d25a-4abf-92d2-5d5b45515fb6"",""required"":true},{""type"":""single"",""title"":""Option"",""choices"":[{""id"":""7ea696b5-36dc-460e-905f-0dc05debdeb3"",""label"":""Cold"",""priceDelta"":0}],""groupId"":""f49b7c85-fcf0-43de-9f46-fdc52f0bd11a"",""required"":true}]","READY"
"e429f84d-efbe-494e-a1bc-b3e41d0c92ab","d8bf3983-17d4-4e9a-b767-30b008d521db","591f5a9e-5ae2-4612-a2fb-f42a2701ee97","1","0.000000000000000000000000000000",,"[{""type"":""single"",""title"":""Sugar"",""choices"":[{""id"":""05361b04-9e88-4bae-a48a-8dabaef4a8d2"",""label"":""No Sugar"",""priceDelta"":0}],""groupId"":""06a1f88e-2888-479f-8946-109b928ad90b"",""required"":true},{""type"":""single"",""title"":""Choice"",""choices"":[{""id"":""e59338ec-03fe-46fe-a057-6ac686c1c6e9"",""label"":""Cold"",""priceDelta"":0}],""groupId"":""34bfbb80-a978-4fb3-b5b9-ef83fdd3b936"",""required"":true}]","READY"
"e543886e-677d-4d62-b7e0-5f1dee951a8a","4786a381-9f0d-4557-9b27-828cda04722f","ee41b154-17a0-4f25-897c-0e34d0e9ca3b","1","0.000000000000000000000000000000",,"[{""type"":""single"",""title"":""Option"",""choices"":[{""id"":""a9c0ba9a-f944-4f5f-9c23-759a4d8930f5"",""label"":""No Sugar"",""priceDelta"":0}],""groupId"":""12b13edf-d25a-4abf-92d2-5d5b45515fb6"",""required"":true},{""type"":""single"",""title"":""Option"",""choices"":[{""id"":""7ea696b5-36dc-460e-905f-0dc05debdeb3"",""label"":""Cold"",""priceDelta"":0}],""groupId"":""f49b7c85-fcf0-43de-9f46-fdc52f0bd11a"",""required"":true}]","READY"
"e545aa53-5962-444e-8a3e-2c7724967ab2","06154ca2-2772-45ec-b907-3de739a700f5","fb8fe2c6-9c32-4bef-8fa1-43835afcc6c6","1","0.000000000000000000000000000000",,"[{""type"":""single"",""title"":""Sugar"",""choices"":[{""id"":""4fa5be53-3fb1-4f3d-a093-cf72abcb644d"",""label"":""Sugar"",""priceDelta"":0}],""groupId"":""f3365b84-e196-42f0-9fd6-3d8a1d8dde4c"",""required"":true},{""type"":""single"",""title"":""Choice"",""choices"":[{""id"":""c71b228e-1db4-4cbe-add8-682c2f2ff432"",""label"":""Cold"",""priceDelta"":0}],""groupId"":""8090364a-6a50-4ff0-bcd6-d4f2ebb7dab3"",""required"":true}]","READY"
"e55578ff-1a22-42df-a20c-52543dd7c2ae","93798c4b-6960-49eb-b9f3-af86d9c91844","bfafbe37-d3a8-4f50-9186-f70a99acb47e","2","0.000000000000000000000000000000",,"[]","READY"
"e556c6cc-ed6e-4164-9287-263bd15b423b","070fc83c-8b8d-4a39-8f81-68dcf339050d","fb8fe2c6-9c32-4bef-8fa1-43835afcc6c6","1","0.000000000000000000000000000000",,"[{""type"":""single"",""title"":""Sugar"",""choices"":[{""id"":""d9af3701-1417-4c4e-84c9-b819b0629cad"",""label"":""No Sugar"",""priceDelta"":0}],""groupId"":""f3365b84-e196-42f0-9fd6-3d8a1d8dde4c"",""required"":true},{""type"":""single"",""title"":""Choice"",""choices"":[{""id"":""7c6f786f-e742-41b2-9e67-48fa2fb1f7f2"",""label"":""Hot"",""priceDelta"":0}],""groupId"":""8090364a-6a50-4ff0-bcd6-d4f2ebb7dab3"",""required"":true}]","READY"
"e587e8be-cd22-4405-a3d2-0eac01b734a0","5bf7038e-ea7d-4245-8bff-2f527ec1b827","7e851c95-25d4-4e97-834f-0708d32e0ed7","1","0.000000000000000000000000000000",,"[{""type"":""single"",""title"":""Sugar"",""choices"":[{""id"":""44ea2716-b9e7-4743-8cf6-74a3ecd8383b"",""label"":""No Sugar"",""priceDelta"":0}],""groupId"":""e2881883-1aaf-4a54-9986-c33e9d120289"",""required"":true},{""type"":""single"",""title"":""Option"",""choices"":[{""id"":""fd1f3359-6e52-48ac-b711-674b0d4e1099"",""label"":""Hot"",""priceDelta"":0}],""groupId"":""72bc398e-a245-4b94-b598-446567c641b0"",""required"":true}]","READY"
"e58b0b73-20be-4058-8c00-1fbac7028b13","76abdc01-1b61-470a-8b15-7ef34610849d","fb8fe2c6-9c32-4bef-8fa1-43835afcc6c6","1","0.000000000000000000000000000000",,"[{""type"":""single"",""title"":""Sugar"",""choices"":[{""id"":""d9af3701-1417-4c4e-84c9-b819b0629cad"",""label"":""No Sugar"",""priceDelta"":0}],""groupId"":""f3365b84-e196-42f0-9fd6-3d8a1d8dde4c"",""required"":true},{""type"":""single"",""title"":""Choice"",""choices"":[{""id"":""7c6f786f-e742-41b2-9e67-48fa2fb1f7f2"",""label"":""Hot"",""priceDelta"":0}],""groupId"":""8090364a-6a50-4ff0-bcd6-d4f2ebb7dab3"",""required"":true}]","READY"
"e58bd300-9216-44ea-bc3d-4f7021c7e6ea","621f18d9-46d7-4315-8013-60d19e7cdcbf","ee41b154-17a0-4f25-897c-0e34d0e9ca3b","1","0.000000000000000000000000000000",,"[{""type"":""single"",""title"":""Option"",""choices"":[{""id"":""a8530576-5d1c-4996-911a-b62cd0a6daf2"",""label"":""Sugar"",""priceDelta"":0}],""groupId"":""12b13edf-d25a-4abf-92d2-5d5b45515fb6"",""required"":true},{""type"":""single"",""title"":""Option"",""choices"":[{""id"":""7ea696b5-36dc-460e-905f-0dc05debdeb3"",""label"":""Cold"",""priceDelta"":0}],""groupId"":""f49b7c85-fcf0-43de-9f46-fdc52f0bd11a"",""required"":true}]","READY"
"e609b78f-2e22-4586-916d-4584819a0bf4","d8bf3983-17d4-4e9a-b767-30b008d521db","7e851c95-25d4-4e97-834f-0708d32e0ed7","1","0.000000000000000000000000000000",,"[{""type"":""single"",""title"":""Sugar"",""choices"":[{""id"":""44ea2716-b9e7-4743-8cf6-74a3ecd8383b"",""label"":""No Sugar"",""priceDelta"":0}],""groupId"":""e2881883-1aaf-4a54-9986-c33e9d120289"",""required"":true},{""type"":""single"",""title"":""Option"",""choices"":[{""id"":""7f46222e-8c71-4976-887f-0de762d365c3"",""label"":""Cold"",""priceDelta"":0}],""groupId"":""72bc398e-a245-4b94-b598-446567c641b0"",""required"":true}]","READY"
"e622b92f-d2e6-4057-b0b7-6ffec3654b72","64e157af-f063-41dd-a38c-42666ec52b9a","591f5a9e-5ae2-4612-a2fb-f42a2701ee97","1","0.000000000000000000000000000000",,"[{""type"":""single"",""title"":""Sugar"",""choices"":[{""id"":""05361b04-9e88-4bae-a48a-8dabaef4a8d2"",""label"":""No Sugar"",""priceDelta"":0}],""groupId"":""06a1f88e-2888-479f-8946-109b928ad90b"",""required"":true},{""type"":""single"",""title"":""Choice"",""choices"":[{""id"":""74279e17-917e-4369-9d70-b782add81b27"",""label"":""Hot"",""priceDelta"":0}],""groupId"":""34bfbb80-a978-4fb3-b5b9-ef83fdd3b936"",""required"":true}]","READY"
"e64cda0e-8099-403f-a50a-eb30127f759d","f186ed7b-e61d-4707-a978-74ce1645e42f","bfafbe37-d3a8-4f50-9186-f70a99acb47e","1","0.000000000000000000000000000000",,"[]","READY"
"e7093dec-64eb-432d-a86e-841d8165258f","97256d0d-59d3-4a80-b6ba-9ed4f341f8cd","591f5a9e-5ae2-4612-a2fb-f42a2701ee97","1","0.000000000000000000000000000000",,"[{""type"":""single"",""title"":""Sugar"",""choices"":[{""id"":""f37891d4-906e-41fd-b016-39fca6854ee6"",""label"":""Sugar"",""priceDelta"":0}],""groupId"":""06a1f88e-2888-479f-8946-109b928ad90b"",""required"":true},{""type"":""single"",""title"":""Choice"",""choices"":[{""id"":""e59338ec-03fe-46fe-a057-6ac686c1c6e9"",""label"":""Cold"",""priceDelta"":0}],""groupId"":""34bfbb80-a978-4fb3-b5b9-ef83fdd3b936"",""required"":true}]","READY"
"e71bc2f2-20ca-406b-9bdf-02d289a7aa8b","a5a22411-6bd9-486e-9156-3e07ea811787","ee41b154-17a0-4f25-897c-0e34d0e9ca3b","1","0.000000000000000000000000000000",,"[{""type"":""single"",""title"":""Option"",""choices"":[{""id"":""a9c0ba9a-f944-4f5f-9c23-759a4d8930f5"",""label"":""No Sugar"",""priceDelta"":0}],""groupId"":""12b13edf-d25a-4abf-92d2-5d5b45515fb6"",""required"":true},{""type"":""single"",""title"":""Option"",""choices"":[{""id"":""7ea696b5-36dc-460e-905f-0dc05debdeb3"",""label"":""Cold"",""priceDelta"":0}],""groupId"":""f49b7c85-fcf0-43de-9f46-fdc52f0bd11a"",""required"":true}]","READY"
"e762f532-15a1-421a-ae65-8882bffddce4","d266ade2-542a-407b-b1e2-f7d0973817c3","bfafbe37-d3a8-4f50-9186-f70a99acb47e","1","0.000000000000000000000000000000",,"[]","READY"
"e77f8884-2d3e-40b5-bf02-ceba877bfbad","81117d36-995a-4a2f-8ee2-5f654ac648d3","ee41b154-17a0-4f25-897c-0e34d0e9ca3b","1","0.000000000000000000000000000000",,"[{""type"":""single"",""title"":""Option"",""choices"":[{""id"":""a8530576-5d1c-4996-911a-b62cd0a6daf2"",""label"":""Sugar"",""priceDelta"":0}],""groupId"":""12b13edf-d25a-4abf-92d2-5d5b45515fb6"",""required"":true},{""type"":""single"",""title"":""Option"",""choices"":[{""id"":""7ea696b5-36dc-460e-905f-0dc05debdeb3"",""label"":""Cold"",""priceDelta"":0}],""groupId"":""f49b7c85-fcf0-43de-9f46-fdc52f0bd11a"",""required"":true}]","READY"
"e802a920-4230-465d-bfb6-3a1971454547","8b81fdeb-bed7-4a38-8f6a-f41949a9fbcd","7e851c95-25d4-4e97-834f-0708d32e0ed7","1","0.000000000000000000000000000000",,"[{""type"":""single"",""title"":""Sugar"",""choices"":[{""id"":""44ea2716-b9e7-4743-8cf6-74a3ecd8383b"",""label"":""No Sugar"",""priceDelta"":0}],""groupId"":""e2881883-1aaf-4a54-9986-c33e9d120289"",""required"":true},{""type"":""single"",""title"":""Option"",""choices"":[{""id"":""fd1f3359-6e52-48ac-b711-674b0d4e1099"",""label"":""Hot"",""priceDelta"":0}],""groupId"":""72bc398e-a245-4b94-b598-446567c641b0"",""required"":true}]","READY"
"e8407bc8-c6db-4835-a464-9b7a93b3e536","a438a75e-43cf-4ef9-89ae-10309e41f4e4","591f5a9e-5ae2-4612-a2fb-f42a2701ee97","1","0.000000000000000000000000000000",,"[{""type"":""single"",""title"":""Sugar"",""choices"":[{""id"":""05361b04-9e88-4bae-a48a-8dabaef4a8d2"",""label"":""No Sugar"",""priceDelta"":0}],""groupId"":""06a1f88e-2888-479f-8946-109b928ad90b"",""required"":true},{""type"":""single"",""title"":""Choice"",""choices"":[{""id"":""e59338ec-03fe-46fe-a057-6ac686c1c6e9"",""label"":""Cold"",""priceDelta"":0}],""groupId"":""34bfbb80-a978-4fb3-b5b9-ef83fdd3b936"",""required"":true}]","READY"
"e86cc997-bb35-4376-90ef-b335beaea3cf","8fbe24ee-dbf9-465d-8808-0fa557b946d6","591f5a9e-5ae2-4612-a2fb-f42a2701ee97","1","0.000000000000000000000000000000",,"[{""type"":""single"",""title"":""Sugar"",""choices"":[{""id"":""f37891d4-906e-41fd-b016-39fca6854ee6"",""label"":""Sugar"",""priceDelta"":0}],""groupId"":""06a1f88e-2888-479f-8946-109b928ad90b"",""required"":true},{""type"":""single"",""title"":""Choice"",""choices"":[{""id"":""e59338ec-03fe-46fe-a057-6ac686c1c6e9"",""label"":""Cold"",""priceDelta"":0}],""groupId"":""34bfbb80-a978-4fb3-b5b9-ef83fdd3b936"",""required"":true}]","READY"
"e86f0bc6-eb3f-4dd3-a0a4-b9530faf4096","4d9e5497-e8b1-4be0-bfd5-e656ef2248ce","ee41b154-17a0-4f25-897c-0e34d0e9ca3b","1","0.000000000000000000000000000000",,"[{""type"":""single"",""title"":""Option"",""choices"":[{""id"":""a8530576-5d1c-4996-911a-b62cd0a6daf2"",""label"":""Sugar"",""priceDelta"":0}],""groupId"":""12b13edf-d25a-4abf-92d2-5d5b45515fb6"",""required"":true},{""type"":""single"",""title"":""Option"",""choices"":[{""id"":""7ea696b5-36dc-460e-905f-0dc05debdeb3"",""label"":""Cold"",""priceDelta"":0}],""groupId"":""f49b7c85-fcf0-43de-9f46-fdc52f0bd11a"",""required"":true}]","READY"
"e88d0c4d-1d0e-4478-bed6-1cbe8ee88ff5","4867a559-e71c-477b-aa41-34303a85f0d1","591f5a9e-5ae2-4612-a2fb-f42a2701ee97","1","0.000000000000000000000000000000",,"[{""type"":""single"",""title"":""Sugar"",""choices"":[{""id"":""f37891d4-906e-41fd-b016-39fca6854ee6"",""label"":""Sugar"",""priceDelta"":0}],""groupId"":""06a1f88e-2888-479f-8946-109b928ad90b"",""required"":true},{""type"":""single"",""title"":""Choice"",""choices"":[{""id"":""e59338ec-03fe-46fe-a057-6ac686c1c6e9"",""label"":""Cold"",""priceDelta"":0}],""groupId"":""34bfbb80-a978-4fb3-b5b9-ef83fdd3b936"",""required"":true}]","READY"
"e8b3e081-048d-4921-931c-ee70062a1a3a","89232f59-1f42-4b7c-a2fc-696085ed3d3b","7e851c95-25d4-4e97-834f-0708d32e0ed7","1","0.000000000000000000000000000000",,"[{""type"":""single"",""title"":""Sugar"",""choices"":[{""id"":""44ea2716-b9e7-4743-8cf6-74a3ecd8383b"",""label"":""No Sugar"",""priceDelta"":0}],""groupId"":""e2881883-1aaf-4a54-9986-c33e9d120289"",""required"":true},{""type"":""single"",""title"":""Option"",""choices"":[{""id"":""7f46222e-8c71-4976-887f-0de762d365c3"",""label"":""Cold"",""priceDelta"":0}],""groupId"":""72bc398e-a245-4b94-b598-446567c641b0"",""required"":true}]","READY"
"e8ef3d5d-ee43-42d9-9ac5-d055c8e76fec","b59518e0-eaea-4277-af85-7567da77839d","bfafbe37-d3a8-4f50-9186-f70a99acb47e","1","0.000000000000000000000000000000","Less ice","[]","READY"
"e9828f3d-600e-4402-9263-c674ca027b94","957f502c-5fb2-45cc-8ccd-544564fb2b73","7e851c95-25d4-4e97-834f-0708d32e0ed7","1","0.000000000000000000000000000000",,"[{""type"":""single"",""title"":""Sugar"",""choices"":[{""id"":""44ea2716-b9e7-4743-8cf6-74a3ecd8383b"",""label"":""No Sugar"",""priceDelta"":0}],""groupId"":""e2881883-1aaf-4a54-9986-c33e9d120289"",""required"":true},{""type"":""single"",""title"":""Option"",""choices"":[{""id"":""fd1f3359-6e52-48ac-b711-674b0d4e1099"",""label"":""Hot"",""priceDelta"":0}],""groupId"":""72bc398e-a245-4b94-b598-446567c641b0"",""required"":true}]","READY"
"e9a9a617-f40f-4987-baa4-2658880be83e","e0528b3d-bea0-4cc4-a1fe-f6c258d14946","ee41b154-17a0-4f25-897c-0e34d0e9ca3b","1","0.000000000000000000000000000000",,"[{""type"":""single"",""title"":""Option"",""choices"":[{""id"":""a8530576-5d1c-4996-911a-b62cd0a6daf2"",""label"":""Sugar"",""priceDelta"":0}],""groupId"":""12b13edf-d25a-4abf-92d2-5d5b45515fb6"",""required"":true},{""type"":""single"",""title"":""Option"",""choices"":[{""id"":""7ea696b5-36dc-460e-905f-0dc05debdeb3"",""label"":""Cold"",""priceDelta"":0}],""groupId"":""f49b7c85-fcf0-43de-9f46-fdc52f0bd11a"",""required"":true}]","READY"
"e9bc9449-9783-4e5f-885b-c4ac22a6213f","5eb5caf7-bc53-49ca-b89f-90eb044a83cb","fb8fe2c6-9c32-4bef-8fa1-43835afcc6c6","1","0.000000000000000000000000000000",,"[{""type"":""single"",""title"":""Sugar"",""choices"":[{""id"":""d9af3701-1417-4c4e-84c9-b819b0629cad"",""label"":""No Sugar"",""priceDelta"":0}],""groupId"":""f3365b84-e196-42f0-9fd6-3d8a1d8dde4c"",""required"":true},{""type"":""single"",""title"":""Choice"",""choices"":[{""id"":""7c6f786f-e742-41b2-9e67-48fa2fb1f7f2"",""label"":""Hot"",""priceDelta"":0}],""groupId"":""8090364a-6a50-4ff0-bcd6-d4f2ebb7dab3"",""required"":true}]","READY"
"e9ebdae7-89a2-4fbc-b4d3-fb88194c0dde","7aaf6a1d-b6f9-4ec1-ab16-8af88cc9f969","591f5a9e-5ae2-4612-a2fb-f42a2701ee97","1","0.000000000000000000000000000000",,"[{""type"":""single"",""title"":""Sugar"",""choices"":[{""id"":""05361b04-9e88-4bae-a48a-8dabaef4a8d2"",""label"":""No Sugar"",""priceDelta"":0}],""groupId"":""06a1f88e-2888-479f-8946-109b928ad90b"",""required"":true},{""type"":""single"",""title"":""Choice"",""choices"":[{""id"":""e59338ec-03fe-46fe-a057-6ac686c1c6e9"",""label"":""Cold"",""priceDelta"":0}],""groupId"":""34bfbb80-a978-4fb3-b5b9-ef83fdd3b936"",""required"":true}]","READY"
"ea36cb73-7d91-4a55-b803-c5cd4a082c87","8ea12de8-0c51-4bbb-95a4-88b47e686797","ee41b154-17a0-4f25-897c-0e34d0e9ca3b","1","0.000000000000000000000000000000",,"[{""type"":""single"",""title"":""Option"",""choices"":[{""id"":""a8530576-5d1c-4996-911a-b62cd0a6daf2"",""label"":""Sugar"",""priceDelta"":0}],""groupId"":""12b13edf-d25a-4abf-92d2-5d5b45515fb6"",""required"":true},{""type"":""single"",""title"":""Option"",""choices"":[{""id"":""7ea696b5-36dc-460e-905f-0dc05debdeb3"",""label"":""Cold"",""priceDelta"":0}],""groupId"":""f49b7c85-fcf0-43de-9f46-fdc52f0bd11a"",""required"":true}]","READY"
"ea5f16e1-977a-4984-ace6-e3b128c80f07","3bfb3952-359f-4fe2-9e6a-757ac63ef926","7e851c95-25d4-4e97-834f-0708d32e0ed7","1","0.000000000000000000000000000000",,"[{""type"":""single"",""title"":""Sugar"",""choices"":[{""id"":""44ea2716-b9e7-4743-8cf6-74a3ecd8383b"",""label"":""No Sugar"",""priceDelta"":0}],""groupId"":""e2881883-1aaf-4a54-9986-c33e9d120289"",""required"":true},{""type"":""single"",""title"":""Option"",""choices"":[{""id"":""7f46222e-8c71-4976-887f-0de762d365c3"",""label"":""Cold"",""priceDelta"":0}],""groupId"":""72bc398e-a245-4b94-b598-446567c641b0"",""required"":true}]","READY"
"ea66165d-f1fe-4ded-affc-9976020141e8","6ff88f51-ebea-4d3d-844c-f3eb07292df4","fb8fe2c6-9c32-4bef-8fa1-43835afcc6c6","1","0.000000000000000000000000000000",,"[{""type"":""single"",""title"":""Sugar"",""choices"":[{""id"":""d9af3701-1417-4c4e-84c9-b819b0629cad"",""label"":""No Sugar"",""priceDelta"":0}],""groupId"":""f3365b84-e196-42f0-9fd6-3d8a1d8dde4c"",""required"":true},{""type"":""single"",""title"":""Choice"",""choices"":[{""id"":""c71b228e-1db4-4cbe-add8-682c2f2ff432"",""label"":""Cold"",""priceDelta"":0}],""groupId"":""8090364a-6a50-4ff0-bcd6-d4f2ebb7dab3"",""required"":true}]","READY"
"eaad4e8d-66d7-4f1c-9ff3-6219e75e4a34","61e73e04-9f15-4f59-a164-a4037dd8c776","ee41b154-17a0-4f25-897c-0e34d0e9ca3b","1","0.000000000000000000000000000000",,"[{""type"":""single"",""title"":""Option"",""choices"":[{""id"":""a8530576-5d1c-4996-911a-b62cd0a6daf2"",""label"":""Sugar"",""priceDelta"":0}],""groupId"":""12b13edf-d25a-4abf-92d2-5d5b45515fb6"",""required"":true},{""type"":""single"",""title"":""Option"",""choices"":[{""id"":""7ea696b5-36dc-460e-905f-0dc05debdeb3"",""label"":""Cold"",""priceDelta"":0}],""groupId"":""f49b7c85-fcf0-43de-9f46-fdc52f0bd11a"",""required"":true}]","READY"
"eab710ca-06fb-40c9-a634-431f507da5b8","30226575-c873-40e9-a9e8-823e127804b4","ee41b154-17a0-4f25-897c-0e34d0e9ca3b","1","0.000000000000000000000000000000",,"[{""type"":""single"",""title"":""Option"",""choices"":[{""id"":""a8530576-5d1c-4996-911a-b62cd0a6daf2"",""label"":""Sugar"",""priceDelta"":0}],""groupId"":""12b13edf-d25a-4abf-92d2-5d5b45515fb6"",""required"":true},{""type"":""single"",""title"":""Option"",""choices"":[{""id"":""7ea696b5-36dc-460e-905f-0dc05debdeb3"",""label"":""Cold"",""priceDelta"":0}],""groupId"":""f49b7c85-fcf0-43de-9f46-fdc52f0bd11a"",""required"":true}]","READY"
"eae97965-ad27-4998-9e0d-ee3cab0f9d4e","2f02ceda-bb07-4e13-90fd-50b082561304","fb8fe2c6-9c32-4bef-8fa1-43835afcc6c6","1","0.000000000000000000000000000000",,"[{""type"":""single"",""title"":""Sugar"",""choices"":[{""id"":""4fa5be53-3fb1-4f3d-a093-cf72abcb644d"",""label"":""Sugar"",""priceDelta"":0}],""groupId"":""f3365b84-e196-42f0-9fd6-3d8a1d8dde4c"",""required"":true},{""type"":""single"",""title"":""Choice"",""choices"":[{""id"":""c71b228e-1db4-4cbe-add8-682c2f2ff432"",""label"":""Cold"",""priceDelta"":0}],""groupId"":""8090364a-6a50-4ff0-bcd6-d4f2ebb7dab3"",""required"":true}]","READY"
"eb16dc9a-75c9-443c-b073-ed6bf7bc391e","d056f9c9-f5f0-4f40-98aa-2b0896b8b3c2","ee41b154-17a0-4f25-897c-0e34d0e9ca3b","1","0.000000000000000000000000000000",,"[{""type"":""single"",""title"":""Option"",""choices"":[{""id"":""a8530576-5d1c-4996-911a-b62cd0a6daf2"",""label"":""Sugar"",""priceDelta"":0}],""groupId"":""12b13edf-d25a-4abf-92d2-5d5b45515fb6"",""required"":true},{""type"":""single"",""title"":""Option"",""choices"":[{""id"":""7ea696b5-36dc-460e-905f-0dc05debdeb3"",""label"":""Cold"",""priceDelta"":0}],""groupId"":""f49b7c85-fcf0-43de-9f46-fdc52f0bd11a"",""required"":true}]","READY"
"eb4c2514-3728-446c-aaca-4340053910d0","e9fba7b7-dd05-4e37-9f96-7199f450ad21","591f5a9e-5ae2-4612-a2fb-f42a2701ee97","1","0.000000000000000000000000000000",,"[{""type"":""single"",""title"":""Sugar"",""choices"":[{""id"":""f37891d4-906e-41fd-b016-39fca6854ee6"",""label"":""Sugar"",""priceDelta"":0}],""groupId"":""06a1f88e-2888-479f-8946-109b928ad90b"",""required"":true},{""type"":""single"",""title"":""Choice"",""choices"":[{""id"":""74279e17-917e-4369-9d70-b782add81b27"",""label"":""Hot"",""priceDelta"":0}],""groupId"":""34bfbb80-a978-4fb3-b5b9-ef83fdd3b936"",""required"":true}]","READY"
"ec429056-fc18-42f9-983c-e31d4165c27e","9e8394b9-47ff-4d7b-b6c9-88351f262baf","591f5a9e-5ae2-4612-a2fb-f42a2701ee97","1","0.000000000000000000000000000000",,"[{""type"":""single"",""title"":""Sugar"",""choices"":[{""id"":""05361b04-9e88-4bae-a48a-8dabaef4a8d2"",""label"":""No Sugar"",""priceDelta"":0}],""groupId"":""06a1f88e-2888-479f-8946-109b928ad90b"",""required"":true},{""type"":""single"",""title"":""Choice"",""choices"":[{""id"":""e59338ec-03fe-46fe-a057-6ac686c1c6e9"",""label"":""Cold"",""priceDelta"":0}],""groupId"":""34bfbb80-a978-4fb3-b5b9-ef83fdd3b936"",""required"":true}]","READY"
"ec5b6a02-59c3-4590-8686-bcb78d7cbff3","db0a07c6-77a2-48fa-b801-ecfd23c0967a","ee41b154-17a0-4f25-897c-0e34d0e9ca3b","1","0.000000000000000000000000000000",,"[{""type"":""single"",""title"":""Option"",""choices"":[{""id"":""a8530576-5d1c-4996-911a-b62cd0a6daf2"",""label"":""Sugar"",""priceDelta"":0}],""groupId"":""12b13edf-d25a-4abf-92d2-5d5b45515fb6"",""required"":true},{""type"":""single"",""title"":""Option"",""choices"":[{""id"":""7ea696b5-36dc-460e-905f-0dc05debdeb3"",""label"":""Cold"",""priceDelta"":0}],""groupId"":""f49b7c85-fcf0-43de-9f46-fdc52f0bd11a"",""required"":true}]","READY"
"ec6b765f-0333-49f4-859d-a257691170d5","68bf44b7-b8c5-42b8-8ac7-11851f0a2a25","ee41b154-17a0-4f25-897c-0e34d0e9ca3b","1","0.000000000000000000000000000000",,"[{""type"":""single"",""title"":""Option"",""choices"":[{""id"":""a8530576-5d1c-4996-911a-b62cd0a6daf2"",""label"":""Sugar"",""priceDelta"":0}],""groupId"":""12b13edf-d25a-4abf-92d2-5d5b45515fb6"",""required"":true},{""type"":""single"",""title"":""Option"",""choices"":[{""id"":""7ea696b5-36dc-460e-905f-0dc05debdeb3"",""label"":""Cold"",""priceDelta"":0}],""groupId"":""f49b7c85-fcf0-43de-9f46-fdc52f0bd11a"",""required"":true}]","READY"
"ec91aa11-3b03-472c-87a6-3b83d11e26c1","9326897d-bf39-4f1f-9629-a52ec48244c3","591f5a9e-5ae2-4612-a2fb-f42a2701ee97","1","0.000000000000000000000000000000",,"[{""type"":""single"",""title"":""Sugar"",""choices"":[{""id"":""05361b04-9e88-4bae-a48a-8dabaef4a8d2"",""label"":""No Sugar"",""priceDelta"":0}],""groupId"":""06a1f88e-2888-479f-8946-109b928ad90b"",""required"":true},{""type"":""single"",""title"":""Choice"",""choices"":[{""id"":""74279e17-917e-4369-9d70-b782add81b27"",""label"":""Hot"",""priceDelta"":0}],""groupId"":""34bfbb80-a978-4fb3-b5b9-ef83fdd3b936"",""required"":true}]","READY"
"ed14d1ba-5f80-4688-8913-bf0c14dba389","82f60a7d-7183-4494-abfb-d8bebfed087c","fb8fe2c6-9c32-4bef-8fa1-43835afcc6c6","1","0.000000000000000000000000000000",,"[{""type"":""single"",""title"":""Sugar"",""choices"":[{""id"":""4fa5be53-3fb1-4f3d-a093-cf72abcb644d"",""label"":""Sugar"",""priceDelta"":0}],""groupId"":""f3365b84-e196-42f0-9fd6-3d8a1d8dde4c"",""required"":true},{""type"":""single"",""title"":""Choice"",""choices"":[{""id"":""7c6f786f-e742-41b2-9e67-48fa2fb1f7f2"",""label"":""Hot"",""priceDelta"":0}],""groupId"":""8090364a-6a50-4ff0-bcd6-d4f2ebb7dab3"",""required"":true}]","READY"
"ed1d9aa4-e89f-4ce0-ae95-270a7e14f841","8d0e71bc-8bbc-48cf-bb54-098c86168c41","bfafbe37-d3a8-4f50-9186-f70a99acb47e","1","0.000000000000000000000000000000","Less sweet","[]","READY"
"ed9bd33f-c1ac-41c4-8a8d-be52090fa9ae","d916c979-ece7-40c4-89d4-8e2f11790214","591f5a9e-5ae2-4612-a2fb-f42a2701ee97","1","0.000000000000000000000000000000",,"[{""type"":""single"",""title"":""Sugar"",""choices"":[{""id"":""05361b04-9e88-4bae-a48a-8dabaef4a8d2"",""label"":""No Sugar"",""priceDelta"":0}],""groupId"":""06a1f88e-2888-479f-8946-109b928ad90b"",""required"":true},{""type"":""single"",""title"":""Choice"",""choices"":[{""id"":""e59338ec-03fe-46fe-a057-6ac686c1c6e9"",""label"":""Cold"",""priceDelta"":0}],""groupId"":""34bfbb80-a978-4fb3-b5b9-ef83fdd3b936"",""required"":true}]","READY"
"ee32aa1a-2165-4300-8333-42d346b54683","30cd7dec-9b5f-464d-aa31-b7deb13b9c20","fb8fe2c6-9c32-4bef-8fa1-43835afcc6c6","1","0.000000000000000000000000000000",,"[{""type"":""single"",""title"":""Sugar"",""choices"":[{""id"":""d9af3701-1417-4c4e-84c9-b819b0629cad"",""label"":""No Sugar"",""priceDelta"":0}],""groupId"":""f3365b84-e196-42f0-9fd6-3d8a1d8dde4c"",""required"":true},{""type"":""single"",""title"":""Choice"",""choices"":[{""id"":""c71b228e-1db4-4cbe-add8-682c2f2ff432"",""label"":""Cold"",""priceDelta"":0}],""groupId"":""8090364a-6a50-4ff0-bcd6-d4f2ebb7dab3"",""required"":true}]","READY"
"ee3377b2-3f38-45ac-aa20-7fb8dd96e230","0d44b1f7-7add-411c-8d4b-cb130528b26e","ee41b154-17a0-4f25-897c-0e34d0e9ca3b","1","0.000000000000000000000000000000",,"[{""type"":""single"",""title"":""Option"",""choices"":[{""id"":""a9c0ba9a-f944-4f5f-9c23-759a4d8930f5"",""label"":""No Sugar"",""priceDelta"":0}],""groupId"":""12b13edf-d25a-4abf-92d2-5d5b45515fb6"",""required"":true},{""type"":""single"",""title"":""Option"",""choices"":[{""id"":""7ea696b5-36dc-460e-905f-0dc05debdeb3"",""label"":""Cold"",""priceDelta"":0}],""groupId"":""f49b7c85-fcf0-43de-9f46-fdc52f0bd11a"",""required"":true}]","READY"
"ee4b3620-2f55-470c-9df4-e8d23ec37a00","1465ff1b-cbbb-46b7-9b48-5df405db687f","ee41b154-17a0-4f25-897c-0e34d0e9ca3b","1","0.000000000000000000000000000000",,"[{""type"":""single"",""title"":""Option"",""choices"":[{""id"":""a8530576-5d1c-4996-911a-b62cd0a6daf2"",""label"":""Sugar"",""priceDelta"":0}],""groupId"":""12b13edf-d25a-4abf-92d2-5d5b45515fb6"",""required"":true},{""type"":""single"",""title"":""Option"",""choices"":[{""id"":""7ea696b5-36dc-460e-905f-0dc05debdeb3"",""label"":""Cold"",""priceDelta"":0}],""groupId"":""f49b7c85-fcf0-43de-9f46-fdc52f0bd11a"",""required"":true}]","READY"
"ee616a53-95b4-4962-a508-2315b503d0f4","0820f4c8-b775-4d2a-b927-160aa5960608","591f5a9e-5ae2-4612-a2fb-f42a2701ee97","1","0.000000000000000000000000000000",,"[{""type"":""single"",""title"":""Sugar"",""choices"":[{""id"":""f37891d4-906e-41fd-b016-39fca6854ee6"",""label"":""Sugar"",""priceDelta"":0}],""groupId"":""06a1f88e-2888-479f-8946-109b928ad90b"",""required"":true},{""type"":""single"",""title"":""Choice"",""choices"":[{""id"":""e59338ec-03fe-46fe-a057-6ac686c1c6e9"",""label"":""Cold"",""priceDelta"":0}],""groupId"":""34bfbb80-a978-4fb3-b5b9-ef83fdd3b936"",""required"":true}]","READY"
"ee792a60-6555-4864-a9d7-fc3ea7767fd2","1df90937-b931-4e40-a146-65acf7f77a3b","591f5a9e-5ae2-4612-a2fb-f42a2701ee97","1","0.000000000000000000000000000000",,"[{""type"":""single"",""title"":""Sugar"",""choices"":[{""id"":""f37891d4-906e-41fd-b016-39fca6854ee6"",""label"":""Sugar"",""priceDelta"":0}],""groupId"":""06a1f88e-2888-479f-8946-109b928ad90b"",""required"":true},{""type"":""single"",""title"":""Choice"",""choices"":[{""id"":""e59338ec-03fe-46fe-a057-6ac686c1c6e9"",""label"":""Cold"",""priceDelta"":0}],""groupId"":""34bfbb80-a978-4fb3-b5b9-ef83fdd3b936"",""required"":true}]","READY"
"ef4a6673-4bf2-4b19-9fb5-c33e5e86ec5f","b2adc526-f5d3-4226-acfc-5ef55d6492cb","ee41b154-17a0-4f25-897c-0e34d0e9ca3b","1","0.000000000000000000000000000000",,"[{""type"":""single"",""title"":""Option"",""choices"":[{""id"":""a8530576-5d1c-4996-911a-b62cd0a6daf2"",""label"":""Sugar"",""priceDelta"":0}],""groupId"":""12b13edf-d25a-4abf-92d2-5d5b45515fb6"",""required"":true},{""type"":""single"",""title"":""Option"",""choices"":[{""id"":""7ea696b5-36dc-460e-905f-0dc05debdeb3"",""label"":""Cold"",""priceDelta"":0}],""groupId"":""f49b7c85-fcf0-43de-9f46-fdc52f0bd11a"",""required"":true}]","READY"
"ef80fd69-c4f4-4695-b842-6a4a3f129e48","916107a5-ef98-4e69-9f50-7b3e8a917c24","591f5a9e-5ae2-4612-a2fb-f42a2701ee97","1","0.000000000000000000000000000000",,"[{""type"":""single"",""title"":""Sugar"",""choices"":[{""id"":""05361b04-9e88-4bae-a48a-8dabaef4a8d2"",""label"":""No Sugar"",""priceDelta"":0}],""groupId"":""06a1f88e-2888-479f-8946-109b928ad90b"",""required"":true},{""type"":""single"",""title"":""Choice"",""choices"":[{""id"":""e59338ec-03fe-46fe-a057-6ac686c1c6e9"",""label"":""Cold"",""priceDelta"":0}],""groupId"":""34bfbb80-a978-4fb3-b5b9-ef83fdd3b936"",""required"":true}]","READY"
"f0cc9d9d-27fd-4613-b164-c03f29bbe3c3","dcbdbc18-56fb-43f7-b170-78408f306699","fb8fe2c6-9c32-4bef-8fa1-43835afcc6c6","1","0.000000000000000000000000000000",,"[{""type"":""single"",""title"":""Sugar"",""choices"":[{""id"":""d9af3701-1417-4c4e-84c9-b819b0629cad"",""label"":""No Sugar"",""priceDelta"":0}],""groupId"":""f3365b84-e196-42f0-9fd6-3d8a1d8dde4c"",""required"":true},{""type"":""single"",""title"":""Choice"",""choices"":[{""id"":""c71b228e-1db4-4cbe-add8-682c2f2ff432"",""label"":""Cold"",""priceDelta"":0}],""groupId"":""8090364a-6a50-4ff0-bcd6-d4f2ebb7dab3"",""required"":true}]","READY"
"f174fab9-73e9-41c5-96e5-216931cc2184","26a157e2-f6c3-4b36-b87e-3886e7dd9685","ee41b154-17a0-4f25-897c-0e34d0e9ca3b","1","0.000000000000000000000000000000",,"[{""type"":""single"",""title"":""Option"",""choices"":[{""id"":""a8530576-5d1c-4996-911a-b62cd0a6daf2"",""label"":""Sugar"",""priceDelta"":0}],""groupId"":""12b13edf-d25a-4abf-92d2-5d5b45515fb6"",""required"":true},{""type"":""single"",""title"":""Option"",""choices"":[{""id"":""7ea696b5-36dc-460e-905f-0dc05debdeb3"",""label"":""Cold"",""priceDelta"":0}],""groupId"":""f49b7c85-fcf0-43de-9f46-fdc52f0bd11a"",""required"":true}]","READY"
"f21ef092-ca46-4dc2-976b-50638fcfe4ff","f4d98f3a-2e4e-4499-beaa-e93113f8d5ae","591f5a9e-5ae2-4612-a2fb-f42a2701ee97","1","0.000000000000000000000000000000",,"[{""type"":""single"",""title"":""Sugar"",""choices"":[{""id"":""f37891d4-906e-41fd-b016-39fca6854ee6"",""label"":""Sugar"",""priceDelta"":0}],""groupId"":""06a1f88e-2888-479f-8946-109b928ad90b"",""required"":true},{""type"":""single"",""title"":""Choice"",""choices"":[{""id"":""e59338ec-03fe-46fe-a057-6ac686c1c6e9"",""label"":""Cold"",""priceDelta"":0}],""groupId"":""34bfbb80-a978-4fb3-b5b9-ef83fdd3b936"",""required"":true}]","READY"
"f26651e9-836c-4fa6-b1db-743cccfca6e3","43d7e7c6-3414-4176-9468-d6f9183ea89e","ee41b154-17a0-4f25-897c-0e34d0e9ca3b","1","0.000000000000000000000000000000",,"[{""type"":""single"",""title"":""Option"",""choices"":[{""id"":""a8530576-5d1c-4996-911a-b62cd0a6daf2"",""label"":""Sugar"",""priceDelta"":0}],""groupId"":""12b13edf-d25a-4abf-92d2-5d5b45515fb6"",""required"":true},{""type"":""single"",""title"":""Option"",""choices"":[{""id"":""7ea696b5-36dc-460e-905f-0dc05debdeb3"",""label"":""Cold"",""priceDelta"":0}],""groupId"":""f49b7c85-fcf0-43de-9f46-fdc52f0bd11a"",""required"":true}]","READY"
"f2b0b7e2-df27-4b9c-86c6-f66854c051cc","8bcf33b1-0410-45fe-addb-a018f1584d48","fb8fe2c6-9c32-4bef-8fa1-43835afcc6c6","1","0.000000000000000000000000000000",,"[{""type"":""single"",""title"":""Sugar"",""choices"":[{""id"":""4fa5be53-3fb1-4f3d-a093-cf72abcb644d"",""label"":""Sugar"",""priceDelta"":0}],""groupId"":""f3365b84-e196-42f0-9fd6-3d8a1d8dde4c"",""required"":true},{""type"":""single"",""title"":""Choice"",""choices"":[{""id"":""c71b228e-1db4-4cbe-add8-682c2f2ff432"",""label"":""Cold"",""priceDelta"":0}],""groupId"":""8090364a-6a50-4ff0-bcd6-d4f2ebb7dab3"",""required"":true}]","READY"
"f3465753-37a6-4852-becb-0b0a6f0480ca","769cccec-070e-4fcc-92c6-a80aad6645c1","7e851c95-25d4-4e97-834f-0708d32e0ed7","1","0.000000000000000000000000000000",,"[{""type"":""single"",""title"":""Sugar"",""choices"":[{""id"":""a8481a49-b627-4dd7-9f95-37e94c909d62"",""label"":""Sugar"",""priceDelta"":0}],""groupId"":""e2881883-1aaf-4a54-9986-c33e9d120289"",""required"":true},{""type"":""single"",""title"":""Option"",""choices"":[{""id"":""7f46222e-8c71-4976-887f-0de762d365c3"",""label"":""Cold"",""priceDelta"":0}],""groupId"":""72bc398e-a245-4b94-b598-446567c641b0"",""required"":true}]","READY"
"f3e84f7e-e70d-46c2-8c27-0b38bc355edb","379ac4f4-4fc5-4ce6-aa44-82f7776d4ae0","ee41b154-17a0-4f25-897c-0e34d0e9ca3b","1","0.000000000000000000000000000000",,"[{""type"":""single"",""title"":""Option"",""choices"":[{""id"":""a9c0ba9a-f944-4f5f-9c23-759a4d8930f5"",""label"":""No Sugar"",""priceDelta"":0}],""groupId"":""12b13edf-d25a-4abf-92d2-5d5b45515fb6"",""required"":true},{""type"":""single"",""title"":""Option"",""choices"":[{""id"":""7ea696b5-36dc-460e-905f-0dc05debdeb3"",""label"":""Cold"",""priceDelta"":0}],""groupId"":""f49b7c85-fcf0-43de-9f46-fdc52f0bd11a"",""required"":true}]","READY"
"f55dffc2-c939-4883-8878-df910b8a01f2","75ddaf33-4533-449a-9d19-2b7dbee43b0b","591f5a9e-5ae2-4612-a2fb-f42a2701ee97","1","0.000000000000000000000000000000",,"[{""type"":""single"",""title"":""Sugar"",""choices"":[{""id"":""f37891d4-906e-41fd-b016-39fca6854ee6"",""label"":""Sugar"",""priceDelta"":0}],""groupId"":""06a1f88e-2888-479f-8946-109b928ad90b"",""required"":true},{""type"":""single"",""title"":""Choice"",""choices"":[{""id"":""e59338ec-03fe-46fe-a057-6ac686c1c6e9"",""label"":""Cold"",""priceDelta"":0}],""groupId"":""34bfbb80-a978-4fb3-b5b9-ef83fdd3b936"",""required"":true}]","READY"
"f5a8ed3a-9edd-47b3-8e00-fa1472fc8f8f","4957dc6e-7da9-4d49-80f6-ee8ed0a87098","fb8fe2c6-9c32-4bef-8fa1-43835afcc6c6","1","0.000000000000000000000000000000",,"[{""type"":""single"",""title"":""Sugar"",""choices"":[{""id"":""d9af3701-1417-4c4e-84c9-b819b0629cad"",""label"":""No Sugar"",""priceDelta"":0}],""groupId"":""f3365b84-e196-42f0-9fd6-3d8a1d8dde4c"",""required"":true},{""type"":""single"",""title"":""Choice"",""choices"":[{""id"":""7c6f786f-e742-41b2-9e67-48fa2fb1f7f2"",""label"":""Hot"",""priceDelta"":0}],""groupId"":""8090364a-6a50-4ff0-bcd6-d4f2ebb7dab3"",""required"":true}]","READY"
"f5b7cb65-6cf1-4e33-92f5-1b5d8d217e15","0485542a-6e22-49ca-b83f-6e98f0a2c15b","591f5a9e-5ae2-4612-a2fb-f42a2701ee97","1","0.000000000000000000000000000000",,"[{""type"":""single"",""title"":""Sugar"",""choices"":[{""id"":""f37891d4-906e-41fd-b016-39fca6854ee6"",""label"":""Sugar"",""priceDelta"":0}],""groupId"":""06a1f88e-2888-479f-8946-109b928ad90b"",""required"":true},{""type"":""single"",""title"":""Choice"",""choices"":[{""id"":""e59338ec-03fe-46fe-a057-6ac686c1c6e9"",""label"":""Cold"",""priceDelta"":0}],""groupId"":""34bfbb80-a978-4fb3-b5b9-ef83fdd3b936"",""required"":true}]","READY"
"f6d3873e-b615-4db1-9e70-265f0f4461e0","cc84c073-0f05-42e8-abe8-d2ec9c4eb821","fb8fe2c6-9c32-4bef-8fa1-43835afcc6c6","1","0.000000000000000000000000000000",,"[{""type"":""single"",""title"":""Sugar"",""choices"":[{""id"":""d9af3701-1417-4c4e-84c9-b819b0629cad"",""label"":""No Sugar"",""priceDelta"":0}],""groupId"":""f3365b84-e196-42f0-9fd6-3d8a1d8dde4c"",""required"":true},{""type"":""single"",""title"":""Choice"",""choices"":[{""id"":""c71b228e-1db4-4cbe-add8-682c2f2ff432"",""label"":""Cold"",""priceDelta"":0}],""groupId"":""8090364a-6a50-4ff0-bcd6-d4f2ebb7dab3"",""required"":true}]","READY"
"f75f4b6d-ecc4-4e63-b060-992a248eabc5","b6ea10e9-980f-4d66-ba6f-64b22e4c03cc","fb8fe2c6-9c32-4bef-8fa1-43835afcc6c6","1","0.000000000000000000000000000000",,"[{""type"":""single"",""title"":""Sugar"",""choices"":[{""id"":""d9af3701-1417-4c4e-84c9-b819b0629cad"",""label"":""No Sugar"",""priceDelta"":0}],""groupId"":""f3365b84-e196-42f0-9fd6-3d8a1d8dde4c"",""required"":true},{""type"":""single"",""title"":""Choice"",""choices"":[{""id"":""7c6f786f-e742-41b2-9e67-48fa2fb1f7f2"",""label"":""Hot"",""priceDelta"":0}],""groupId"":""8090364a-6a50-4ff0-bcd6-d4f2ebb7dab3"",""required"":true}]","READY"
"f83730ab-0142-44c4-9c15-c73a363844ed","5681ea6a-c323-4224-b7b0-a643eb0d65d3","7e851c95-25d4-4e97-834f-0708d32e0ed7","1","0.000000000000000000000000000000",,"[{""type"":""single"",""title"":""Sugar"",""choices"":[{""id"":""44ea2716-b9e7-4743-8cf6-74a3ecd8383b"",""label"":""No Sugar"",""priceDelta"":0}],""groupId"":""e2881883-1aaf-4a54-9986-c33e9d120289"",""required"":true},{""type"":""single"",""title"":""Option"",""choices"":[{""id"":""fd1f3359-6e52-48ac-b711-674b0d4e1099"",""label"":""Hot"",""priceDelta"":0}],""groupId"":""72bc398e-a245-4b94-b598-446567c641b0"",""required"":true}]","READY"
"f8feba67-9e9b-4588-9ba7-035e41f7585a","e985bfdf-f39b-4f5d-901b-a2f1091913f2","fb8fe2c6-9c32-4bef-8fa1-43835afcc6c6","1","0.000000000000000000000000000000",,"[{""type"":""single"",""title"":""Sugar"",""choices"":[{""id"":""d9af3701-1417-4c4e-84c9-b819b0629cad"",""label"":""No Sugar"",""priceDelta"":0}],""groupId"":""f3365b84-e196-42f0-9fd6-3d8a1d8dde4c"",""required"":true},{""type"":""single"",""title"":""Choice"",""choices"":[{""id"":""7c6f786f-e742-41b2-9e67-48fa2fb1f7f2"",""label"":""Hot"",""priceDelta"":0}],""groupId"":""8090364a-6a50-4ff0-bcd6-d4f2ebb7dab3"",""required"":true}]","READY"
"f957b7ec-ccc4-4dc5-ad07-2d548856f3c9","72069d07-2619-48df-9e38-9c0813fa11d0","591f5a9e-5ae2-4612-a2fb-f42a2701ee97","1","0.000000000000000000000000000000",,"[{""type"":""single"",""title"":""Sugar"",""choices"":[{""id"":""f37891d4-906e-41fd-b016-39fca6854ee6"",""label"":""Sugar"",""priceDelta"":0}],""groupId"":""06a1f88e-2888-479f-8946-109b928ad90b"",""required"":true},{""type"":""single"",""title"":""Choice"",""choices"":[{""id"":""e59338ec-03fe-46fe-a057-6ac686c1c6e9"",""label"":""Cold"",""priceDelta"":0}],""groupId"":""34bfbb80-a978-4fb3-b5b9-ef83fdd3b936"",""required"":true}]","READY"
"f97f3e6c-03ce-4c38-b853-1b715e73d745","2f30ae99-8e4f-4987-a764-0642aff94bec","fb8fe2c6-9c32-4bef-8fa1-43835afcc6c6","1","0.000000000000000000000000000000",,"[{""type"":""single"",""title"":""Sugar"",""choices"":[{""id"":""d9af3701-1417-4c4e-84c9-b819b0629cad"",""label"":""No Sugar"",""priceDelta"":0}],""groupId"":""f3365b84-e196-42f0-9fd6-3d8a1d8dde4c"",""required"":true},{""type"":""single"",""title"":""Choice"",""choices"":[{""id"":""c71b228e-1db4-4cbe-add8-682c2f2ff432"",""label"":""Cold"",""priceDelta"":0}],""groupId"":""8090364a-6a50-4ff0-bcd6-d4f2ebb7dab3"",""required"":true}]","READY"
"f9fa48de-e26a-4ed6-9fbe-0517cbb4c076","613d941c-fd06-4476-ad4b-3b926627b43d","fb8fe2c6-9c32-4bef-8fa1-43835afcc6c6","1","0.000000000000000000000000000000",,"[{""type"":""single"",""title"":""Sugar"",""choices"":[{""id"":""4fa5be53-3fb1-4f3d-a093-cf72abcb644d"",""label"":""Sugar"",""priceDelta"":0}],""groupId"":""f3365b84-e196-42f0-9fd6-3d8a1d8dde4c"",""required"":true},{""type"":""single"",""title"":""Choice"",""choices"":[{""id"":""7c6f786f-e742-41b2-9e67-48fa2fb1f7f2"",""label"":""Hot"",""priceDelta"":0}],""groupId"":""8090364a-6a50-4ff0-bcd6-d4f2ebb7dab3"",""required"":true}]","READY"
"fa575a8f-1570-4a35-ad56-2966316c43de","ef427d96-45a1-4a82-aca7-cf65fda383c4","fb8fe2c6-9c32-4bef-8fa1-43835afcc6c6","1","0.000000000000000000000000000000",,"[{""type"":""single"",""title"":""Sugar"",""choices"":[{""id"":""4fa5be53-3fb1-4f3d-a093-cf72abcb644d"",""label"":""Sugar"",""priceDelta"":0}],""groupId"":""f3365b84-e196-42f0-9fd6-3d8a1d8dde4c"",""required"":true},{""type"":""single"",""title"":""Choice"",""choices"":[{""id"":""c71b228e-1db4-4cbe-add8-682c2f2ff432"",""label"":""Cold"",""priceDelta"":0}],""groupId"":""8090364a-6a50-4ff0-bcd6-d4f2ebb7dab3"",""required"":true}]","READY"
"fa7995df-60e0-4b88-be3e-7d74ae0ca85c","66b2da6f-e8b6-4a80-b763-26adc8621e01","591f5a9e-5ae2-4612-a2fb-f42a2701ee97","1","0.000000000000000000000000000000",,"[{""type"":""single"",""title"":""Sugar"",""choices"":[{""id"":""f37891d4-906e-41fd-b016-39fca6854ee6"",""label"":""Sugar"",""priceDelta"":0}],""groupId"":""06a1f88e-2888-479f-8946-109b928ad90b"",""required"":true},{""type"":""single"",""title"":""Choice"",""choices"":[{""id"":""e59338ec-03fe-46fe-a057-6ac686c1c6e9"",""label"":""Cold"",""priceDelta"":0}],""groupId"":""34bfbb80-a978-4fb3-b5b9-ef83fdd3b936"",""required"":true}]","READY"
"fa7c0e39-c262-4d73-9fb1-1d056740ce80","92d7d2cd-425c-429b-856c-c4bc782446c9","591f5a9e-5ae2-4612-a2fb-f42a2701ee97","1","0.000000000000000000000000000000",,"[{""type"":""single"",""title"":""Sugar"",""choices"":[{""id"":""f37891d4-906e-41fd-b016-39fca6854ee6"",""label"":""Sugar"",""priceDelta"":0}],""groupId"":""06a1f88e-2888-479f-8946-109b928ad90b"",""required"":true},{""type"":""single"",""title"":""Choice"",""choices"":[{""id"":""74279e17-917e-4369-9d70-b782add81b27"",""label"":""Hot"",""priceDelta"":0}],""groupId"":""34bfbb80-a978-4fb3-b5b9-ef83fdd3b936"",""required"":true}]","READY"
"fae25d6f-0d84-4481-990a-49a2718a83cc","93798c4b-6960-49eb-b9f3-af86d9c91844","fb8fe2c6-9c32-4bef-8fa1-43835afcc6c6","1","0.000000000000000000000000000000",,"[{""type"":""single"",""title"":""Sugar"",""choices"":[{""id"":""d9af3701-1417-4c4e-84c9-b819b0629cad"",""label"":""No Sugar"",""priceDelta"":0}],""groupId"":""f3365b84-e196-42f0-9fd6-3d8a1d8dde4c"",""required"":true},{""type"":""single"",""title"":""Choice"",""choices"":[{""id"":""c71b228e-1db4-4cbe-add8-682c2f2ff432"",""label"":""Cold"",""priceDelta"":0}],""groupId"":""8090364a-6a50-4ff0-bcd6-d4f2ebb7dab3"",""required"":true}]","READY"
"fc3d697d-b29c-4649-979a-455a01ca1ce6","3287d2d7-0608-4cc1-a577-fd868b40a1a4","fb8fe2c6-9c32-4bef-8fa1-43835afcc6c6","1","0.000000000000000000000000000000",,"[{""type"":""single"",""title"":""Sugar"",""choices"":[{""id"":""d9af3701-1417-4c4e-84c9-b819b0629cad"",""label"":""No Sugar"",""priceDelta"":0}],""groupId"":""f3365b84-e196-42f0-9fd6-3d8a1d8dde4c"",""required"":true},{""type"":""single"",""title"":""Choice"",""choices"":[{""id"":""c71b228e-1db4-4cbe-add8-682c2f2ff432"",""label"":""Cold"",""priceDelta"":0}],""groupId"":""8090364a-6a50-4ff0-bcd6-d4f2ebb7dab3"",""required"":true}]","READY"
"fc404618-9930-4b63-9c2d-8786a19577fc","4e28697c-cdb3-417b-8df6-956ea5bba6c9","591f5a9e-5ae2-4612-a2fb-f42a2701ee97","1","0.000000000000000000000000000000",,"[{""type"":""single"",""title"":""Sugar"",""choices"":[{""id"":""f37891d4-906e-41fd-b016-39fca6854ee6"",""label"":""Sugar"",""priceDelta"":0}],""groupId"":""06a1f88e-2888-479f-8946-109b928ad90b"",""required"":true},{""type"":""single"",""title"":""Choice"",""choices"":[{""id"":""e59338ec-03fe-46fe-a057-6ac686c1c6e9"",""label"":""Cold"",""priceDelta"":0}],""groupId"":""34bfbb80-a978-4fb3-b5b9-ef83fdd3b936"",""required"":true}]","READY"
"fcae9efe-8ebe-4d88-b58f-fd51793224d5","831e6ff4-80f2-48ab-a275-773253276462","ee41b154-17a0-4f25-897c-0e34d0e9ca3b","1","0.000000000000000000000000000000",,"[{""type"":""single"",""title"":""Option"",""choices"":[{""id"":""a8530576-5d1c-4996-911a-b62cd0a6daf2"",""label"":""Sugar"",""priceDelta"":0}],""groupId"":""12b13edf-d25a-4abf-92d2-5d5b45515fb6"",""required"":true},{""type"":""single"",""title"":""Option"",""choices"":[{""id"":""7ea696b5-36dc-460e-905f-0dc05debdeb3"",""label"":""Cold"",""priceDelta"":0}],""groupId"":""f49b7c85-fcf0-43de-9f46-fdc52f0bd11a"",""required"":true}]","READY"
"fce76636-ad83-463e-b623-bb329b78daf1","d1b49319-78bf-48d2-92a4-1cc9377deb6f","ee41b154-17a0-4f25-897c-0e34d0e9ca3b","1","0.000000000000000000000000000000",,"[{""type"":""single"",""title"":""Option"",""choices"":[{""id"":""a8530576-5d1c-4996-911a-b62cd0a6daf2"",""label"":""Sugar"",""priceDelta"":0}],""groupId"":""12b13edf-d25a-4abf-92d2-5d5b45515fb6"",""required"":true},{""type"":""single"",""title"":""Option"",""choices"":[{""id"":""7ea696b5-36dc-460e-905f-0dc05debdeb3"",""label"":""Cold"",""priceDelta"":0}],""groupId"":""f49b7c85-fcf0-43de-9f46-fdc52f0bd11a"",""required"":true}]","READY"
"fd52df7a-0de4-4dc0-9aa9-05e997193816","3215be71-71b7-4d86-88f8-0c5ab9bb3d73","7e851c95-25d4-4e97-834f-0708d32e0ed7","1","0.000000000000000000000000000000",,"[{""type"":""single"",""title"":""Sugar"",""choices"":[{""id"":""44ea2716-b9e7-4743-8cf6-74a3ecd8383b"",""label"":""No Sugar"",""priceDelta"":0}],""groupId"":""e2881883-1aaf-4a54-9986-c33e9d120289"",""required"":true},{""type"":""single"",""title"":""Option"",""choices"":[{""id"":""fd1f3359-6e52-48ac-b711-674b0d4e1099"",""label"":""Hot"",""priceDelta"":0}],""groupId"":""72bc398e-a245-4b94-b598-446567c641b0"",""required"":true}]","READY"
"fd89669f-69ec-4862-b2d7-5a74c366f576","0f362fdb-d55f-47ea-8314-543474b8ddfd","591f5a9e-5ae2-4612-a2fb-f42a2701ee97","1","0.000000000000000000000000000000",,"[{""type"":""single"",""title"":""Sugar"",""choices"":[{""id"":""05361b04-9e88-4bae-a48a-8dabaef4a8d2"",""label"":""No Sugar"",""priceDelta"":0}],""groupId"":""06a1f88e-2888-479f-8946-109b928ad90b"",""required"":true},{""type"":""single"",""title"":""Choice"",""choices"":[{""id"":""e59338ec-03fe-46fe-a057-6ac686c1c6e9"",""label"":""Cold"",""priceDelta"":0}],""groupId"":""34bfbb80-a978-4fb3-b5b9-ef83fdd3b936"",""required"":true}]","READY"
"fdfcc660-e020-4e2f-9d95-22b922f3dbc0","bc754ea9-81b9-491c-993a-0b153cb34f32","591f5a9e-5ae2-4612-a2fb-f42a2701ee97","1","0.000000000000000000000000000000",,"[{""type"":""single"",""title"":""Sugar"",""choices"":[{""id"":""05361b04-9e88-4bae-a48a-8dabaef4a8d2"",""label"":""No Sugar"",""priceDelta"":0}],""groupId"":""06a1f88e-2888-479f-8946-109b928ad90b"",""required"":true},{""type"":""single"",""title"":""Choice"",""choices"":[{""id"":""e59338ec-03fe-46fe-a057-6ac686c1c6e9"",""label"":""Cold"",""priceDelta"":0}],""groupId"":""34bfbb80-a978-4fb3-b5b9-ef83fdd3b936"",""required"":true}]","READY"
"feddc800-cffd-49b7-8680-fabcc297d6ca","ba7c6e44-13a6-4114-b1f2-b1a1ed8fbbfb","ee41b154-17a0-4f25-897c-0e34d0e9ca3b","1","0.000000000000000000000000000000",,"[{""type"":""single"",""title"":""Option"",""choices"":[{""id"":""a8530576-5d1c-4996-911a-b62cd0a6daf2"",""label"":""Sugar"",""priceDelta"":0}],""groupId"":""12b13edf-d25a-4abf-92d2-5d5b45515fb6"",""required"":true},{""type"":""single"",""title"":""Option"",""choices"":[{""id"":""7ea696b5-36dc-460e-905f-0dc05debdeb3"",""label"":""Cold"",""priceDelta"":0}],""groupId"":""f49b7c85-fcf0-43de-9f46-fdc52f0bd11a"",""required"":true}]","READY"
"ff0ea35c-50a1-4c03-b219-a41d29a0881f","dc48cd5e-27d6-44c8-8a62-0ce1bab53623","fb8fe2c6-9c32-4bef-8fa1-43835afcc6c6","1","0.000000000000000000000000000000",,"[{""type"":""single"",""title"":""Sugar"",""choices"":[{""id"":""d9af3701-1417-4c4e-84c9-b819b0629cad"",""label"":""No Sugar"",""priceDelta"":0}],""groupId"":""f3365b84-e196-42f0-9fd6-3d8a1d8dde4c"",""required"":true},{""type"":""single"",""title"":""Choice"",""choices"":[{""id"":""7c6f786f-e742-41b2-9e67-48fa2fb1f7f2"",""label"":""Hot"",""priceDelta"":0}],""groupId"":""8090364a-6a50-4ff0-bcd6-d4f2ebb7dab3"",""required"":true}]","READY"
"ff8d8e4d-826d-4ba3-a31a-ba9b452067f9","af5780a0-6f6b-4fb5-903a-710040d47de1","591f5a9e-5ae2-4612-a2fb-f42a2701ee97","1","0.000000000000000000000000000000",,"[{""type"":""single"",""title"":""Sugar"",""choices"":[{""id"":""f37891d4-906e-41fd-b016-39fca6854ee6"",""label"":""Sugar"",""priceDelta"":0}],""groupId"":""06a1f88e-2888-479f-8946-109b928ad90b"",""required"":true},{""type"":""single"",""title"":""Choice"",""choices"":[{""id"":""74279e17-917e-4369-9d70-b782add81b27"",""label"":""Hot"",""priceDelta"":0}],""groupId"":""34bfbb80-a978-4fb3-b5b9-ef83fdd3b936"",""required"":true}]","READY"